абдал	ə b d a ɫ
абдикирането	a b d̪ i kʲ i ɾ ə n ɛ t̪ o
аберации	a b ɛ ɾ a t s i i
аби	ə b i
абитуриенти	a b i t̪ u ɾ i ɛ n t̪ i
абитуриентите	a b i t̪ u ɾ i ɛ n t̪ i t̪ ɛ
абитуриентът	a b i t̪ u ɾ i ɛ n t̪ ə t̪
абонамент	ə b o n ə m ɛ n t
абонаментен	ə b o n ə m ɛ n t ɛ n
абонаментни	a b o n ə m ɛ n t̪ n i
абонаментния	a b o n ə m ɛ n t̪ n i j ə
абонати	a b o n a t̪ i
абонатите	a b o n a t̪ i t̪ ɛ
аборигени	a b o ɾ i ɡʲ ɛ n i
абревиатура	a b r ɛ v i ə t̪ u ɾ ə
абревиатурата	a b r ɛ v i ə t̪ u ɾ ə t̪ ə
абсолвенти	a p s o ɫ v ɛ n t̪ i
абсолвентската	a p s o ɫ v ɛ n s k ə t̪ ə
абсолютен	a p s ɔ lʲ u t ɛ n
абсолютна	a p s o lʲ u t̪ n ə
абсолютната	a p s o lʲ u t̪ n ə t̪ ə
абсолютни	a p s o lʲ u t̪ n i
абсолютния	a p s o lʲ u t̪ n i j ə
абсолютният	a p s o lʲ u t̪ n i j ə t̪
абсолютно	a p s ɔ lʲ u t n ɔ
абсолютното	a p s o lʲ u t̪ n o t̪ o
абстрактна	a p s t̪ r a k n ə
абстракция	a p s t r a k t͡s i j ə
абсурден	ə p s u r d ɛ n
абсурдни	a p s u r d̪ n i
абсурдните	a p s u r d̪ n i t̪ ɛ
абсурдно	a p s u r d̪ n o
абсурдност	ə p s u r d n o s t
авангардна	a v ə n ɡ a r d̪ n ə
авангардния	a v ə n ɡ a r d̪ n i j ə
аванс	ə v a n s
авансово	a v a n s o v o
авантюра	a v ə n tʲ u r ə
авариен	a v ə r i ɛ n
аварийна	a v ə r i j n ə
аварийната	a v ə r i j n ə t̪ ə
аварийни	a v ə r i j n i
аварските	a v a r s kʲ i t̪ ɛ
август	a v ɡ u s t
августовски	a v ɡ u s t̪ o f s kʲ i
авиатор	ə v i a t o r
автентичен	a f t̪ ɛ n t̪ i t ʃ ɛ n
автентична	a f t̪ ɛ n t̪ i t ʃ n ə
автентичната	a f t̪ ɛ n t̪ i t ʃ n ə t̪ ə
автентични	a f t̪ ɛ n t̪ i t ʃ n i
автентичните	a f t̪ ɛ n t̪ i t ʃ n i t̪ ɛ
автентичния	a f t̪ ɛ n t̪ i t ʃ n i j ə
автентично	a f t̪ ɛ n t̪ i t ʃ n o
автентичност	ə f t ɛ n t i t ʃ n o s t
автентичното	a f t̪ ɛ n t̪ i t ʃ n o t̪ o
автогол	a f t o ɡ ɔ l
автоматичен	a f t ɔ m a t i t ʃ e n
автономен	a f t̪ o n ɔ m ɛ n
автономия	ə f t o n ɔ m i j ə
автономната	a f t̪ o n ɔ m n ə t̪ ə
автономни	a f t̪ o n ɔ m n i
автономните	a f t̪ o n ɔ m n i t̪ ɛ
автономно	a f t̪ o n ɔ m n o
автор	a f t o r
авторитет	ə f t o r i t ɛ t
авторитетен	a f t̪ o ɾ i t̪ ɛ t̪ ɛ n
авторитетната	a f t̪ o ɾ i t̪ ɛ t̪ n ə t̪ ə
авторитетни	a f t̪ o ɾ i t̪ ɛ t̪ n i
авторитетния	a f t̪ o ɾ i t̪ ɛ t̪ n i j ə
авторитетният	a f t̪ o ɾ i t̪ ɛ t̪ n i j ə t̪
авторитетно	a f t̪ o ɾ i t̪ ɛ t̪ n o
авторитетното	a f t̪ o ɾ i t̪ ɛ t̪ n o t̪ o
авторка	a f t o r k ə
авторски	a f t o r s kʲ i
ага	ə ɡ a
агент	ə ɡʲ ɛ n t
агитка	ə ɡʲ i t k ə
агония	ɐ ɡ o n ɪ ə
агрегат	ə ɡ r ɛ ɡ a t
агресивен	ə ɡ r ɛ s i v ɛ n
агресивност	ə ɡ r ɛ s i v n o s t
агресия	ə ɡ r ɛ s i j ə
адекватност	ə d ɛ k v a t n o s t
администрация	ə d m i n i s t r a t s i j ə
адмирал	ə d m i r a l
адрес	ə d r ɛ s
аерогара	a ɛ r u ɡ a r ə
аз	a s
азбука	a z b u k ə
азиатец	ə z i a t ɛ t s
азия	a z i j ə
азот	ə z ɔ t
азотен	ə z ɔ t ɛ n
акорд	ə k ɔ r t
акордеон	ə k o r d ɛ ɔ n
акордеонист	ə k o r d ɛ o n i s t
акробатика	a k r u b a t i k ə
активен	ə k t i v ɛ n
активист	ə k t i v i s t
активност	ə k t i v n o s t
актриса	a k t r i s ə
актуален	ə k t u a l ɛ n
актуалност	ə k t u a l n o s t
актьор	ə k tʲ ɔ r
акула	ə k u l ə
акцент	ə k t s ɛ n t
ала	a ɫ a
аларма	ə l a r m ə
албанец	ə l b a n ɛ t͡s
албания	a ɫ b a n i j ə
алгоритъм	ə l ɡ o r i t ə m
алигатор	ə l i ɡ a t o r
алкохол	ə l k o x ɔ l
алкохолизъм	a l k o x o l i z ə m
алчност	a l t ʃ n o s t
амбициозен	ə m b i t s i ɔ z ɛ n
амбиция	ə m b i t͡s i j ə
амфитеатър	a ɱ f i t ɛ a t ə r
анализ	ə n a l i s
аналог	ə n ə l ɔ k
ангел	a ŋ ɡʲ ɛ l
англичанин	ə ŋ ɡ l i t ʃ a n i n
англичанка	ə n ɡ l i t ʃ a ŋ k ə
англия	a ŋ ɡ l i j ə
андора	a n d̪ ɔ ɾ ə
анонимен	ə n o n i m ɛ n
ансамбъл	ə ŋ s a ɱ b ə l
анулирали	a n u ɫ i ɾ ə l i
анулиран	a n u l i ɾ ə n
анулираха	a n u l i ɾ ə x ə
анцуг	a ŋ t͡s u k
апарат	ə p ə r a t
апетит	ə p ɛ t i t
арабин	ə r a b i n
аргумент	ə r ɡ u m ɛ n t
арест	ə r ɛ s t
арестувала	a ɾ ɛ s t̪ u v ə ɫ ə
арестували	a ɾ ɛ s t̪ u v ə l i
арестуван	a ɾ ɛ s t̪ u v ə n
арестувана	a ɾ ɛ s t̪ u v ə n ə
арестуването	a ɾ ɛ s t̪ u v ə n ɛ t̪ o
арестувани	a ɾ ɛ s t̪ u v ə n i
арестуваните	a ɾ ɛ s t̪ u v ə n i t̪ ɛ
арестуват	a ɾ ɛ s t̪ u v ə t̪
арменец	ə r m ɛ n ɛ t s
арменка	ə r m ɛ n k ɵ
арменски	ə r m ɛ n s kʲ i
армия	a r m i j ə
арогантен	ə r o ɡ a n t ɛ n
арогантност	ə r o ɡ a n t n o s t
археолог	ə r xʲ ɛ o l ɔ k
археоложка	ə r xʲ ɛ o l ɔ ʃ k ə
архипелаг	ə r xʲ i p ɛ l a k
архитектура	a r xʲ i t ɛ k t u r ə
асансьор	a s ə n sʲ ɔ r
аскер	ə s kʲ ɛ r
атака	a t a k ə
баба	b a b ə
бадем	b ə d ɛ m
бакалавър	b ə k ə l a v ə r
бакшиш	b ə k ʃ i ʃ
балкан	b ɐ ɫ k a n
банкрут	b ə ŋ k r u t̪
бас	b a s
бдение	b d ɛ n i ɛ
бе	b ɛ
беглец	b ɛ ɡ l ɛ t s
бегъл	b ɛ ɡ ə l
беднячка	b ɛ d nʲ a t ʃ k ə
бедствие	b ɛ t s t v i ɛ
безбрачие	b ɛ z b r a t ʃ i ɛ
бездеен	b ɛ z d ɛ ɛ n
безкраен	b ɛ s k r a ɛ n
безразсъден	b ɛ z r ə s ɤ d ɛ n
белгиец	b ɛ l ɡʲ i ɛ t͡s
бесен	b ɛ s ɛ n
бесенето	b ɛ s ɛ n ɛ t̪ o̝
бесилото	b ɛ s i ɫ o̝ t̪ o̝
бесят	b ɛ sʲ ə t̪
беше	b ɛ ʃ ɛ
библиотека	b i b l i o t̪ ɛ k ə
бивш	b i f ʃ
бидейки	b i d̪ ɛ j kʲ i
бик	b i k
билет	b i l ɛ t
биография	b i ɔ ɡ r a f i j ə
битка	b i t̪ k ə
благославяли	b ɫ ə ɡ o s ɫ a vʲ ə l i
благословен	b ɫ ə ɡ o s ɫ o v ɛ n
благословена	b ɫ ə ɡ o s ɫ o v ɛ n ə
благословени	b ɫ ə ɡ o s ɫ o v ɛ n i
близък	b l i z ə k
бог	b ɔ k
богиня	b o ɡʲ i nʲ ə
бозайник	b ɔ z a i n i k
бой	b ɔ j
бол	b ɔ ɫ
болата	b ɔ ɫ ə t̪ ə
болен	b ɔ l ɛ n
болите	b ɔ l i t̪ ɛ
болница	b ɔ l n i t͡s ə
бомбардираха	b o m b ə r d̪ i ɾ ə x ə
бор	b ɔ r
борба	b o r b a
боря	b o rʲ ɤ
ботуш	b o t u ʃ
боядиса	b o̝ j ɐ d̪ i s ə
боядисай	b o̝ j ɐ d̪ i s ə j
боядисан	b o̝ j ɐ d̪ i s ə n
боядисани	b o̝ j ɐ d̪ i s ə n i
брада	b r ə d a
брана	b r a n ə
брани	b r a n i
брат	b r a t
брашно	b r ə ʃ n ɔ
бременност	b r ɛ m ɛ nː o s t
брод	b r ɔ t
буза	b u z ə
бушуване	b o ʃ u v ə n ɛ
бушуват	b o ʃ u v ə t̪
бушуваше	b o ʃ u v ə ʃ ɛ
бушуващи	b o ʃ u v ə ʃ t̪ i
бъда	b ɤ d̪ ə
бъдете	b ɐ d̪ ɛ t̪ ɛ
бъди	b ɐ d̪ i
българия	b ə l ɡ a r i j a
бърз	b ɤ r s
бяга	bʲ a ɡ ə
бягай	bʲ a ɡ ə j
бягайки	bʲ a ɡ ə j kʲ i
бягайте	bʲ a ɡ ə j t̪ ɛ
бягала	bʲ a ɡ ə ɫ ə
бягали	bʲ a ɡ ə l i
бягам	bʲ a ɡ ə m
бягаме	bʲ a ɡ ə m ɛ
бягане	bʲ a ɡ ə n ɛ
бягането	bʲ a ɡ ə n ɛ t̪ o
бягат	bʲ a ɡ ə t̪
бягах	bʲ a ɡ ə x
бягащи	bʲ a ɡ ə ʃ t̪ i
бягащите	bʲ a ɡ ə ʃ t̪ i t̪ ɛ
бял	bʲ a l
бях	bʲ a x
бяха	bʲ a x ə
бяхме	bʲ a x m ɛ
бяхте	bʲ a x t̪ ɛ
важен	v a ʒ ɛ n
ваза	v a z ə
валидност	v ə l i d n o s t
вам	v a m
варварин	v a r v ə r i n
ваш	v a ʃ
ваша	v a ʃ ə
вашата	v a ʃ ə t̪ ə
ваше	v a ʃ ɛ
вашето	v a ʃ ɛ t̪ o
ваши	v a ʃ i
вашите	v a ʃ i t̪ ɛ
вашият	v a ʃ i j ə t̪
вашта	v a ʃ t̪ ə
вдишваме	v d̪ i ʃ v ə m ɛ
вдишвания	v d̪ i ʃ v ə n i j ə
вдишваща	v d̪ i ʃ v ə ʃ t̪ ə
век	v ɛ k
велможа	v ɛ l m ɔ ʒ ə
велосипед	v ɛ l o s i p ɛ t
венера	v ɛ n ɛ r ə
венец	v ɛ n n ɛ t s
верига	v ɛ r i ɡ ə
вероятен	v ɛ r o j a t ɛ n
вертолет	v ɛ r t o l ɛ t
ветропоказател	v ɛ t r o p o k ə z a t ɛ l
вечер	v ɛ t ʃ ɛ r
вечеряй	v ɛ t ʃ ɛ rʲ ə j
взвод	v z v ɔ t
взе	v z ɛ
взел	v z ɛ ɫ
взели	v z ɛ l i
взело	v z ɛ ɫ o̝
взема	v z ɛ m ə
вземайки	v z ɛ m ə j kʲ i
вземайте	v z ɛ m ə j t̪ ɛ
вземал	v z ɛ m ə ɫ
вземала	v z ɛ m ə ɫ ə
вземам	v z ɛ m ə m
вземаме	v z ɛ m ə m ɛ
вземане	v z ɛ m ə n ɛ
вземането	v z ɛ m ə n ɛ t̪ o̝
вземания	v z ɛ m ə n i j ə
вземанията	v z ɛ m ə n i j ə t̪ ə
вземат	v z ɛ m ə t̪
вземате	v z ɛ m ə t̪ ɛ
вземах	v z ɛ m ə x
вземаха	v z ɛ m ə x ə
вземаш	v z ɛ m ə ʃ
вземаше	v z ɛ m ə ʃ ɛ
вземем	v z ɛ m ɛ m
вземете	v z ɛ m ɛ t̪ ɛ
вземеш	v z ɛ m ɛ ʃ
вземи	v z ɛ m i
взет	v z ɛ t̪
взета	v z ɛ t̪ ə
взети	v z ɛ t̪ i
взетите	v z ɛ t̪ i t̪ ɛ
взето	v z ɛ t̪ o̝
взеха	v z ɛ x ə
взехме	v z ɛ x m ɛ
взехте	v z ɛ x t̪ ɛ
взима	v z i m ə
взимай	v z i m ə j
взимайки	v z i m ə j kʲ i
взимал	v z i m ə ɫ
взимали	v z i m ə l i
взимам	v z i m ə m
взимаме	v z i m ə m ɛ
взимане	v z i m ə n ɛ
взимането	v z i m ə n ɛ t̪ o̝
взимат	v z i m ə t̪
взимате	v z i m ə t̪ ɛ
взимаш	v z i m ə ʃ
взимаше	v z i m ə ʃ ɛ
ви	v i
видели	v i d̪ ɛ l i
видело	v i d̪ ɛ ɫ o
видения	v i d̪ ɛ n i j ə
види	v i d̪ i
видим	v i d̪ i m
видите	v i d̪ i t̪ ɛ
видиш	v i d̪ i ʃ
видра	v i d r ə
видял	v i dʲ a ɫ
видяла	v i dʲ a ɫ ə
видяло	v i dʲ a ɫ o
видян	v i dʲ a n
видяното	v i dʲ a n o t̪ o
видят	v i dʲ ə t̪
видях	v i dʲ a x
видяхме	v i dʲ a x m ɛ
вие	v i ɛ
виетнам	v i ɛ t n a m
виж	v i ʃ
виждайки	v i ʒ d̪ ə j kʲ i
виждам	v i ʒ d ə m
виждаме	v i ʒ d̪ ə m ɛ
виждане	v i ʒ d̪ ə n ɛ
виждането	v i ʒ d̪ ə n ɛ t̪ o
виждания	v i ʒ d̪ ə n i j ə
вижданията	v i ʒ d̪ ə n i j ə t̪ ə
виждат	v i ʒ d̪ ə t̪
виждате	v i ʒ d̪ ə t̪ ɛ
виждаш	v i ʒ d̪ ə ʃ
виждаше	v i ʒ d̪ ə ʃ ɛ
вижте	v i ʃ t̪ ɛ
виза	v i z ə
вина	v i n a
винена	v i n ɛ n ə
виненетата	v i n ɛ n ɛ t̪ ə t̪ ə
винени	v i n ɛ n i
вини	v i n i
винили	v i n i l i
вино	v i n o
висок	v i s ɔ k
висш	v i ʃ
виц	v i t s
влага	v ɫ a ɡ ə
влажен	v ɫ a ʒ ɛ n
влажност	v ɫ a ʒ n o s t̪
влезе	v l ɛ z ɛ
влезем	v l ɛ z ɛ m
влезете	v l ɛ z ɛ t̪ ɛ
влезеш	v l ɛ z ɛ ʃ
влезли	v l ɛ z l i
влезте	v l ɛ s t̪ ɛ
влиза	v l i z ə
влизайки	v l i z ə j kʲ i
влизал	v l i z ə ɫ
влизали	v ɫ i z ə l i
влизало	v l i z ə ɫ o
влизам	v l i z ə m
влизаме	v l i z ə m ɛ
влизане	v l i z ə n ɛ
влизането	v l i z ə n ɛ t̪ o
влизат	v l i z ə t̪
влизате	v l i z ə t̪ ɛ
влизаха	v l i z ə x ə
влизаш	v l i z ə ʃ
влизащ	v l i z ə ʃ t̪
влизаща	v l i z ə ʃ t̪ ə
влизащите	v l i z ə ʃ t̪ i t̪ ɛ
влюбва	v lʲ u b v ə
влюбвали	v ɫʲ u b v ə l i
влюбвам	v lʲ u b v ə m
влюбват	v lʲ u b v ə t̪
влюбващите	v lʲ u b v ə ʃ t̪ i t̪ ɛ
влюбил	v lʲ u b i ɫ
влюбили	v ɫʲ u b i l i
влюбим	v lʲ u b i m
вляза	v lʲ a z ə
влязат	v lʲ a z ə t̪
влязла	v lʲ a z ɫ ə
влязло	v lʲ a z ɫ o
влязох	v lʲ a z o x
влязоха	v lʲ a z o x ə
влязохме	v lʲ a z o x m ɛ
влязъл	v lʲ a z ə ɫ
внасям	v n a sʲ a m
внасяме	v n a sʲ ə m ɛ
внасянето	v n a sʲ ə n ɛ t̪ o
внасяни	v n a sʲ ə n i
внасят	v n a sʲ ə t̪
внесат	v n ɛ s ɤ t̪
внесе	v n ɛ s ɛ
внесена	v n ɛ s ɛ n ə
внесения	v n ɛ s ɛ n i j ə
внесено	v n ɛ s ɛ n o
внесли	v n ɛ s l i
внесохме	v n ɛ s o x m ɛ
внимателен	v n i m a t ɛ l ɛ n
воден	v ɔ d ɛ n
водород	v o d o r ɔ t
военен	v ɔ ɛ n ɛ n
вожд	v ɔ ʃ t̪
вой	v ɔ j
война	v ɔ j n a
войник	v ɔ j n i k
восък	v ɔ s ə k
вплетената	f p l ɛ t̪ ɛ n ə t̪ ə
вплита	f p l i t̪ ə
вплитан	f p l i t̪ ə n
враг	v r a k
врана	v r a n ə
врата	v r ə t a
време	v r ɛ m ɛ
връх	v r ɤ x
втечнен	f t̪ ɛ t ʃ n ɛ n
втечняващото	f t̪ ɛ t ʃ nʲ a v ə ʃ t̪ o̝ t̪ o̝
втори	f t ɔ r i
вулгаризъм	v u l ɡ ə r i z ə m
вулкан	v u l k a n
във	v ɤ f
въведе	v ə v ɛ d̪ ɛ
въведен	v ə v ɛ d̪ ɛ n
въведена	v ə v ɛ d̪ ɛ n ə
въведената	v ə v ɛ d̪ ɛ n ə t̪ ə
въведени	v ə v ɛ d̪ ɛ n i
въведеното	v ə v ɛ d̪ ɛ n o t̪ o
въведете	v ə v ɛ d̪ ɛ t̪ ɛ
въвежда	v ə v ɛ ʒ d̪ ə
въвеждане	v ə v ɛ ʒ d̪ ə n ɛ
въвеждането	v ə v ɛ ʒ d̪ ə n ɛ t̪ o
въвеждат	v ə v ɛ ʒ d̪ ə t̪
въвеждаха	v ə v ɛ ʒ d̪ ə x ə
въвеждаше	v ə v ɛ ʒ d̪ ə ʃ ɛ
въвел	v ə v ɛ ɫ
въвели	v ə v ɛ l i
въглища	v ɤ ɡ l i ʃ t ə
въже	v ə ʒ ɛ
възможен	v ɛ z m ɔ ʒ ɛ n
възможност	v ə z m o ʒ n o s t
възпира	v ɐ s p i ɾ ə
възпирането	v ɐ s p i ɾ ə n ɛ t̪ o̝
възпрели	v ɐ s p r ɛ l i
възпроизвежда	v ə s p r o̝ i z v ɛ ʒ d̪ ə
възпроизвеждане	v ə s p r o̝ i z v ɛ ʒ d̪ ə n ɛ
възпроизвеждат	v ə s p r o̝ i z v ɛ ʒ d̪ ə t̪
възпроизвеждате	v ə s p r o̝ i z v ɛ ʒ d̪ ə t̪ ɛ
възпроизвеждаш	v ə s p r o̝ i z v ɛ ʒ d̪ ə ʃ
възпроизвеждаше	v ə s p r o̝ i z v ɛ ʒ d̪ ə ʃ ɛ
възпроизвеждаща	v ə s p r o̝ i z v ɛ ʒ d̪ ə ʃ t̪ ə
възпроизвелия	v ə s p r o̝ i z v ɛ l i j ə
вълк	v ɤ l k
въоръжавалият	v ə o̝ ɾ ɐ ʒ a v ə l i j ə t̪
въоръжен	v ə o̝ ɾ ɐ ʒ ɛ n
въоръжена	v ə o̝ ɾ ɐ ʒ ɛ n ə
въоръжената	v ə o̝ ɾ ɐ ʒ ɛ n ə t̪ ə
въоръжени	v ə o̝ ɾ ɐ ʒ ɛ n i
въоръжените	v ə o̝ ɾ ɐ ʒ ɛ n i t̪ ɛ
въоръжения	v ə o̝ ɾ ɐ ʒ ɛ n i j ə
вървейки	v ə r v ɛ j kʲ i
вървеше	v ə r v ɛ ʃ ɛ
вървим	v ə r v i m
вървяла	v ə r vʲ a ɫ ə
вървят	v ə r vʲ ɤ t̪
вървяха	v ə r vʲ a x ə
вървящите	v ə r vʲ a ʃ t̪ i t̪ ɛ
върша	v ɐ r ʃ a
вършееха	v ɐ r ʃ ɛ ɛ x ə
вяра	vʲ a r ə
вярвам	vʲ a r v ə m
вятър	vʲ a t ə r
гадже	ɡ a d ʒ ɛ
гащи	ɡ a ʃ t i
гений	ɡ ɛ n i j
германец	ɡʲ ɛ r m a n ɛ t s
германски	ɡʲ ɛ r m a n s kʲ i
героиня	ɡ ɛ r o i n j ɐ
гимназия	ɡ i m n a z i j ə
глава	ɡ l ə v a
главоболие	ɡ l ə v o b ɔ l i ɛ
глас	ɡ l a s
гласувай	ɡ ɫ ɐ s u v ə j
гласувайки	ɡ ɫ ɐ s u v ə j kʲ i
гласувайте	ɡ ɫ ɐ s u v ə j t̪ ɛ
гласувам	ɡ ɫ ɐ s u v ə m
гласуваме	ɡ ɫ ɐ s u v ə m ɛ
гласуван	ɡ ɫ ɐ s u v ə n
гласуване	ɡ ɫ ɐ s u v ə n ɛ
гласуването	ɡ ɫ ɐ s u v ə n ɛ t̪ o̝
гласувани	ɡ ɫ ɐ s u v ə n i
гласувано	ɡ ɫ ɐ s u v ə n o̝
гласуваното	ɡ ɫ ɐ s u v ə n o̝ t̪ o̝
гласуват	ɡ ɫ ɐ s u v ə t̪
гласувате	ɡ ɫ ɐ s u v ə t̪ ɛ
гласуваш	ɡ ɫ ɐ s u v ə ʃ
гласуващи	ɡ ɫ ɐ s u v ə ʃ t̪ i
гласуващите	ɡ ɫ ɐ s u v ə ʃ t̪ i t̪ ɛ
глезла	ɡ l ɛ z l ə
глобен	ɡ ɫ o b ɛ n
глобена	ɡ ɫ o b ɛ n ə
глобени	ɡ ɫ o b ɛ n i
глоби	ɡ ɫ o b i
глобили	ɡ ɫ o b i l i
глобите	ɡ ɫ o b i t̪ ɛ
глобявани	ɡ ɫ o bʲ a v ə n i
глобят	ɡ ɫ o bʲ ɤ t̪
гневен	ɡ n ɛ v ɛ n
гняв	ɡ nʲ a f
година	ɡ ɔ d i n ə
голям	ɡ o ʎ a m
гора	ɡ o r a
гордее	ɡ o r d̪ ɛ ɛ
гордеят	ɡ o r d̪ ɛ j ə t̪
господар	ɡ o s p o d a r
господарка	ɡ o s p o d a r k ə
господарстваха	ɡ o̝ s p o d̪ a r s t̪ v ə x ə
господаруващият	ɡ o̝ s p o̝ d̪ ɐ r u v ə ʃ t̪ i j ə t̪
госпожа	ɡ o s p o ʒ a
госпожица	ɡ o s p ɔ ʒ i t͡s ə
град	ɡ r a t
градина	ɡ r ə d i n ə
градини	ɡ r a d i n i
градове	ɡ r ə d̪ o v ɛ
градовете	ɡ r ə d̪ o v ɛ t̪ ɛ
градушка	ɡ r ə d u ʃ k ə
граница	ɡ r ɤ n i t͡s ə
граничат	ɡ r ɐ n i t ʃ ə t̪
граничеше	ɡ r ɐ n i t ʃ ɛ ʃ ɛ
гребане	ɡ r ɛ b ə n ɛ
гребат	ɡ r ɛ b ɤ t̪
гребе	ɡ r ɛ b ɛ
греша	ɡ r ɛ ʃ ɤ
грижа	ɡ r i ʒ ə
гризат	ɡ r i z ɤ t̪
гръб	ɡ r ɤ p
гръд	ɡ r ɤ t
грък	ɡ r ɤ k
гръм	ɡ r ɤ m
грях	ɡ rʲ a x
губещ	ɡ u b ɛ ʃ t̪
губещи	ɡ u b ɛ ʃ t̪ i
губим	ɡ u b i m
губиш	ɡ u b i ʃ
губят	ɡ u bʲ ə t̪
гълъб	ɡ ɤ l ə p
гъркиня	ɡ ə r kʲ i nʲ ə
гърция	ɡ ə r t s i j a
давай	d̪ a v ə j
давайки	d̪ a v ə j kʲ i
давайте	d̪ a v ə j t̪ ɛ
давам	d a v ə m
даваме	d̪ a v ə m ɛ
даване	d̪ a v ə n ɛ
даването	d̪ a v ə n ɛ t̪ o̝
давани	d̪ a v ə n i
дават	d̪ a v ə t̪
давате	d̪ a v ə t̪ ɛ
даваш	d̪ a v ə ʃ
даваше	d̪ a v ə ʃ ɛ
даващ	d̪ a v ə ʃ t̪
дадат	d̪ ə d̪ ɤ t̪
дадем	d̪ ə d̪ ɛ m
даден	d̪ a d̪ ɛ n
дадена	d̪ a d̪ ɛ n ə
дадената	d̪ a d̪ ɛ n ə t̪ ə
дадени	d̪ a d̪ ɛ n i
дадените	d̪ a d̪ ɛ n i t̪ ɛ
даденият	d̪ a d̪ ɛ n i j ə t̪
дадено	d̪ a d̪ ɛ n o
дадете	d̪ ə d̪ ɛ t̪ ɛ
дадеш	d̪ ə d̪ ɛ ʃ
дадох	d̪ a d̪ o x
дадоха	d̪ a d̪ o x ə
дадохме	d̪ a d̪ o x m ɛ
дадохте	d̪ a d̪ o x t̪ ɛ
дай	d̪ a j
дайте	d̪ a j t̪ ɛ
дал	d̪ a ɫ
дала	d̪ a ɫ ə
далечен	d ə l ɛ t ʃ ɛ n
дало	d̪ a ɫ o
дам	d a m
дебнат	d̪ ɛ b n ə t̪
дебне	d̪ ɛ b n ɛ
дебнене	d̪ ɛ b n ɛ n ɛ
девети	d ɛ v ɛ t i
девица	d ɛ v i t s ə
деди	d ɛ d i
действителност	d ɛ i s t v i t ɛ l n o s t
демокрация	d ɛ m o k r a t s i j ə
ден	d ɛ n
десен	d ɛ s ɛ n
дете	d ɛ t ɛ
дечица	d ɛ t ʃ i t s ə
джамия	d ʒ ə m i j ə
джинси	d ʒ i n s i
динозавър	d i n o z a v ə r
длан	d l a n
днес	d n ɛ s
днеска	d n ɛ s k a
добра	d o b r a
добър	d o b ɤ r
доведат	d̪ o̝ v ɛ d̪ ɤ t̪
доведем	d̪ o̝ v ɛ d̪ ɛ m
доведен	d̪ o v ɛ d̪ ɛ n
доведена	d̪ o v ɛ d̪ ɛ n ə
доведеш	d̪ o̝ v ɛ d̪ ɛ ʃ
доведоха	d̪ o v ɛ d̪ o̝ x ə
доведохме	d̪ o v ɛ d̪ o̝ x m ɛ
довежда	d̪ o v ɛ ʒ d̪ ə
довеждащ	d̪ o v ɛ ʒ d̪ ə ʃ t̪
довел	d̪ o v ɛ ɫ
довела	d̪ o v ɛ ɫ ə
довели	d̪ o v ɛ l i
довело	d̪ o v ɛ ɫ o̝
довличалите	d̪ o v l i t ʃ ə l i t̪ ɛ
довличания	d̪ o v l i t ʃ ə n i j ə
довлякла	d̪ o v lʲ a k ɫ ə
документ	d ɔ k u m ɛ n t
дол	d ɔ l
дом	d ɔ m
домат	d o m a t
дометения	d̪ o m ɛ t̪ ɛ n i j ə
донася	d̪ o n a sʲ ə
донасяна	d̪ o n a sʲ ə n ə
донасянията	d̪ o n a sʲ ə n i j ə t̪ ə
донасяща	d̪ o n a sʲ ə ʃ t̪ ə
допира	d̪ o p i ɾ ə
допирали	d̪ o p i ɾ ə l i
допирането	d̪ o p i ɾ ə n ɛ t̪ o̝
допичано	d̪ o p i t ʃ ə n o̝
допринася	d̪ o̝ p r i n a sʲ ə
допринасял	d̪ o̝ p r i n a sʲ ə ɫ
допринасялият	d̪ o̝ p r i n a sʲ ə l i j ə t̪
допринасят	d̪ o̝ p r i n a sʲ ə t̪
допринасяш	d̪ o̝ p r i n a sʲ ə ʃ
допринасящи	d̪ o̝ p r i n a sʲ ə ʃ t̪ i
допринесе	d̪ o̝ p r i n ɛ s ɛ
допринесем	d̪ o̝ p r i n ɛ s ɛ m
допринесла	d̪ o̝ p r i n ɛ s ɫ ə
допринесли	d̪ o̝ p r i n ɛ s l i
допринесоха	d̪ o̝ p r i n ɛ s o̝ x ə
допрочетена	d̪ o̝ p r o t ʃ ɛ t̪ ɛ n ə
допрочетения	d̪ o̝ p r o t ʃ ɛ t̪ ɛ n i j ə
допрочитащ	d̪ o̝ p r o t ʃ i t̪ ə ʃ t̪
дребен	d r ɛ b ɛ n
дроб	d r ɔ p
другар	d r u ɡ a r
дъвкане	d̪ ɤ f k ə n ɛ
дъвче	d̪ ɤ f t ʃ ɛ
дъга	d ə ɡ a
дълъг	d ɤ l ə k
дънки	d ɤ ŋ k i
дърво	d ə r v ɔ
държава	d ə r ʒ a v ə
дъщеря	d ə ʃ t ɛ rʲ a
дядо	dʲ a d o
ебящо	ɛ bʲ a ʃ t̪ o
евро	ɛ v r o
европеец	ɛ v r o p ɛ ɛ t s
единство	ɛ d i n s t v o
езеро	ɛ z ɛ r o
екзарх	ɛ ɡ z a r x
епицентър	ɛ p i t s ɛ n t ə r
ера	ɛ r ə
есен	ɛ s ɛ n
жажда	ʒ a ʒ d ə
желае	ʒ ɛ ɫ a ɛ
желаели	ʒ ɛ ɫ a ɛ l i
желаело	ʒ ɛ ɫ a ɛ ɫ o̝
желаем	ʒ ɛ ɫ a ɛ m
желаете	ʒ ɛ ɫ a ɛ t̪ ɛ
желаеха	ʒ ɛ ɫ a ɛ x ə
желаеш	ʒ ɛ ɫ a ɛ ʃ
желаеше	ʒ ɛ ɫ a ɛ ʃ ɛ
желаеща	ʒ ɛ ɫ a ɛ ʃ t̪ ə
желаещи	ʒ ɛ ɫ a ɛ ʃ t̪ i
желаещите	ʒ ɛ ɫ a ɛ ʃ t̪ i t̪ ɛ
желал	ʒ ɛ ɫ a ɫ
желали	ʒ ɛ ɫ a l i
желан	ʒ ɛ ɫ a n
желана	ʒ ɛ ɫ a n ə
желаната	ʒ ɛ ɫ a n ə t̪ ə
желани	ʒ ɛ ɫ a n i
желаните	ʒ ɛ ɫ a n i t̪ ɛ
желания	ʒ ɛ ɫ a n i j ə
желанията	ʒ ɛ ɫ a n i j ə t̪ ə
желая	ʒ ɛ ɫ a j ə
желаят	ʒ ɛ ɫ a j ə t̪
железен	ʒ ɛ l ɛ z ɛ n
желязо	ʒ ɛ lʲ a z o
жена	ʒ ɛ n a
женица	ʒ ɛ n i t͡s ə
жесток	ʒ ɛ s t ɔ k
живее	ʒ i w eː
живеел	ʒ i v ɛ ɛ ɫ
живеела	ʒ i v ɛ ɛ ɫ ə
живеели	ʒ i v ɛ ɛ l i
живеело	ʒ i v ɛ ɛ ɫ o
живеем	ʒ i v ɛ ɛ m
живеене	ʒ i v ɛ ɛ n ɛ
живеете	ʒ i v ɛ ɛ t̪ ɛ
живеех	ʒ i v ɛ ɛ x
живееха	ʒ i v ɛ ɛ x ə
живеехме	ʒ i v ɛ ɛ x m ɛ
живееш	ʒ i v ɛ ɛ ʃ
живееше	ʒ i v ɛ ɛ ʃ ɛ
живеещ	ʒ i v ɛ ɛ ʃ t̪
живеещите	ʒ i v ɛ ɛ ʃ t̪ i t̪ ɛ
живеещия	ʒ i v ɛ ɛ ʃ t̪ i j ə
живей	ʒ i v ɛ j
живейте	ʒ i v ɛ j t̪ ɛ
живели	ʒ i v ɛ l i
живея	ʒ i v ɛ j ə
живеят	ʒ i v ɛ j ə t̪
живот	ʒ i v ɔ t
животи	ʒ i v ɔ t i
животно	ʒ i v ɔ t n o
живя	ʒ i vʲ a
живял	ʒ i vʲ a ɫ
живяла	ʒ i vʲ a ɫ ə
живяхме	ʒ i vʲ a x m ɛ
жълт	ʒ ɤ l t
забава	z ə b a v ə
забравена	z ɐ b r a v ɛ n ə
забравени	z ɐ b r a v ɛ n i
забравените	z ɐ b r a v ɛ n i t̪ ɛ
забравено	z ɐ b r a v ɛ n o̝
забравете	z ə b r ɐ v ɛ t̪ ɛ
забравил	z ɐ b r a v i ɫ
забравила	z ɐ b r a v i ɫ ə
забравили	z ɐ b r a v i l i
забравим	z ɐ b r a v i m
забравих	z ɐ b r a v i x
забравиха	z ɐ b r a v i x ə
забравихме	z ɐ b r a v i x m ɛ
забравиш	z ɐ b r a v i ʃ
забравя	z ɐ b r a vʲ ə
забравяй	z ɐ b r a vʲ ə j
забравяйте	z ɐ b r a vʲ ə j t̪ ɛ
забравял	z ɐ b r a vʲ ə ɫ
забравям	z ə b r a vʲ ə m
забравяме	z ɐ b r a vʲ ə m ɛ
забравяне	z ɐ b r a vʲ ə n ɛ
забравят	z ɐ b r a vʲ ə t̪
забравяте	z ɐ b r a vʲ ə t̪ ɛ
забравяш	z ɐ b r a vʲ ə ʃ
забрана	z ə b r a n ə
забранен	z ə b r ɐ n ɛ n
забранена	z ə b r ɐ n ɛ n ə
забранената	z ə b r ɐ n ɛ n ə t̪ ə
забранени	z ə b r ɐ n ɛ n i
забранените	z ə b r ɐ n ɛ n i t̪ ɛ
забранено	z ə b r ɐ n ɛ n o̝
забраненото	z ə b r ɐ n ɛ n o̝ t̪ o̝
забранили	z ə b r ɐ n i l i
забранилите	z ə b r ɐ n i l i t̪ ɛ
забранило	z ə b r ɐ n i ɫ o̝
забраним	z ə b r ɐ n i m
забранителен	z ə b r ə n i t ɛ l ɛ n
забраниха	z ə b r ɐ n i x ə
забранихме	z ə b r ɐ n i x m ɛ
забраниш	z ə b r ɐ n i ʃ
забранява	z ə b r ɐ nʲ a v ə
забраняват	z ə b r ɐ nʲ a v ə t̪
забраняващият	z ə b r ɐ nʲ a v ə ʃ t̪ i j ə t̪
забранят	z ə b r ɐ nʲ ɤ t̪
заведа	z a v ɛ d ə
заведем	z ə v ɛ d̪ ɛ m
заведен	z ɐ v ɛ d̪ ɛ n
заведени	z ɐ v ɛ d̪ ɛ n i
заведения	z ɐ v ɛ d̪ ɛ n i j ə
заведено	z ɐ v ɛ d̪ ɛ n o̝
заведеното	z ɐ v ɛ d̪ ɛ n o̝ t̪ o̝
заведеш	z ə v ɛ d̪ ɛ ʃ
заведох	z ɐ v ɛ d̪ o̝ x
завежда	z ɐ v ɛ ʒ d̪ ə
завеждане	z ɐ v ɛ ʒ d̪ ə n ɛ
завеждат	z ɐ v ɛ ʒ d̪ ə t̪
завеждащ	z ɐ v ɛ ʒ d̪ ə ʃ t̪
завел	z ɐ v ɛ ɫ
завела	z ɐ v ɛ ɫ ə
завели	z ɐ v ɛ l i
завре	z ɐ v r ɛ
завреш	z ɐ v r ɛ ʃ
завряло	z ɐ v rʲ a ɫ o̝
заврян	z ɐ v rʲ a n
загина	z ɐ ɡʲ i n ə
загинал	z ɐ ɡʲ i n ə ɫ
загинала	z ɐ ɡʲ i n ə ɫ ə
загиналата	z ɐ ɡʲ i n ə ɫ ə t̪ ə
загинали	z ɐ ɡʲ i n ə l i
загиналите	z ɐ ɡʲ i n ə l i t̪ ɛ
загиналият	z ɐ ɡʲ i n ə l i j ə t̪
загинат	z ɐ ɡʲ i n ə t̪
загинаха	z ɐ ɡʲ i n ə x ə
загине	z ɐ ɡʲ i n ɛ
загубвайки	z ɐ ɡ u b v ə j kʲ i
загубен	z ɐ ɡ u b ɛ n
загубена	z ɐ ɡ u b ɛ n ə
загубени	z ɐ ɡ u b ɛ n i
загубените	z ɐ ɡ u b ɛ n i t̪ ɛ
загубено	z ɐ ɡ u b ɛ n o̝
загубил	z ɐ ɡ u b i ɫ
загубила	z ɐ ɡ u b i ɫ ə
загубили	z ɐ ɡ u b i l i
загубим	z ɐ ɡ u b i m
загубите	z ɐ ɡ u b i t̪ ɛ
загубиха	z ɐ ɡ u b i x ə
загубихме	z ɐ ɡ u b i x m ɛ
загубиш	z ɐ ɡ u b i ʃ
загубя	z ɐ ɡ u bʲ ə
загубят	z ɐ ɡ u bʲ ə t̪
заек	z a ɜ k
заковават	z ə k o v a v ə t̪
заковали	z ə k o v a l i
заковани	z ə k o v a n i
закон	z ə k ɔ n
закупен	z ɐ k u p ɛ n
закупена	z ɐ k u p ɛ n ə
закупени	z ɐ k u p ɛ n i
закупено	z ɐ k u p ɛ n o̝
закупил	z ɐ k u p i ɫ
закупите	z ɐ k u p i t̪ ɛ
закупувайки	z ə k o p u v ə j kʲ i
закупуване	z ə k o p u v ə n ɛ
закупуването	z ə k o p u v ə n ɛ t̪ o̝
закупуват	z ə k o p u v ə t̪
закупят	z ɐ k u pʲ ə t̪
закусва	z ɐ k u s v ə
закусваме	z ɐ k u s v ə m ɛ
закусват	z ɐ k u s v ə t̪
закусвахте	z ɐ k u s v ə x t̪ ɛ
закуска	z ə k u s k ə
залез	z ɐ l ɛ s
залязла	z ɐ lʲ a z ɫ ə
залязло	z ɐ lʲ a z ɫ o̝
замах	z ə m a x
заметеш	z ə m ɛ t̪ ɛ ʃ
замитането	z ɐ m i t̪ ə n ɛ t̪ o̝
замитат	z ɐ m i t̪ ə t̪
замрял	z ɐ m rʲ a ɫ
занесох	z ɐ n ɛ s o̝ x
заоре	z ə o r ɛ
запад	z a p ə t
западен	z a p ə d ɛ n
запалва	z ɐ p a ɫ v ə
запалване	z ɐ p a ɫ v ə n ɛ
запалването	z ɐ p a ɫ v ə n ɛ t̪ o̝
запален	z ɐ p a l ɛ n
запалена	z ɐ p a l ɛ n ə
запалени	z ɐ p a l ɛ n i
запалените	z ɐ p a l ɛ n i t̪ ɛ
запалено	z ɐ p a l ɛ n o̝
запалил	z ɐ p a l i ɫ
запалим	z ɐ p a l i m
запалиха	z ɐ p a l i x ə
запалка	z ə p a l k ə
запирайки	z ɐ p i ɾ ə j kʲ i
запирал	z ɐ p i ɾ ə ɫ
запичат	z ɐ p i t ʃ ə t̪
заплашва	z ɐ p ɫ a ʃ v ə
заплашвал	z ɐ p ɫ a ʃ v ə ɫ
заплашвали	z ɐ p ɫ a ʃ v ə l i
заплашват	z ɐ p ɫ a ʃ v ə t̪
заплашваха	z ɐ p ɫ a ʃ v ə x ə
заплашваше	z ɐ p ɫ a ʃ v ə ʃ ɛ
заплашващи	z ɐ p ɫ a ʃ v ə ʃ t̪ i
заплашващият	z ɐ p ɫ a ʃ v ə ʃ t̪ i j ə t̪
заплетена	z ɐ p l ɛ t̪ ɛ n ə
заплетени	z ɐ p l ɛ t̪ ɛ n i
заплита	z ɐ p l i t̪ ə
заплитаща	z ɐ p l i t̪ ə ʃ t̪ ə
заповядай	z ə p o vʲ a d̪ ə j
заповядайте	z ə p o vʲ a d̪ ə j t̪ ɛ
заповядал	z ə p o vʲ a d̪ ə ɫ
заповядващата	z ə p o vʲ a d̪ v ə ʃ t̪ ə t̪ ə
заподозре	z ə p o̝ d̪ o z r ɛ
заподозрем	z ə p o̝ d̪ o z r ɛ m
заподозрени	z ə p o̝ d̪ o z r ɛ n i
заподозрените	z ə p o̝ d̪ o z r ɛ n i t̪ ɛ
заподозрения	z ə p o̝ d̪ o z r ɛ n i j ə
заподозреш	z ə p o̝ d̪ o z r ɛ ʃ
заподозрян	z ə p o̝ d̪ o z rʲ a n
заподозряна	z ə p o̝ d̪ o z rʲ a n ə
започва	z ɐ p ɔ t ʃ v ə
започвайте	z ɐ p ɔ t ʃ v ə j t̪ ɛ
започвал	z ɐ p ɔ t ʃ v ə ɫ
започвали	z ɐ p ɔ t ʃ v ə l i
започвалото	z ɐ p ɔ t ʃ v ə ɫ o̝ t̪ o̝
започвам	z ɐ p ɔ t ʃ v ə m
започваме	z ɐ p ɔ t ʃ v ə m ɛ
започване	z ɐ p ɔ t ʃ v ə n ɛ
започването	z ɐ p ɔ t ʃ v ə n ɛ t̪ o̝
започват	z ɐ p ɔ t ʃ v ə t̪
започвате	z ɐ p ɔ t ʃ v ə t̪ ɛ
започваха	z ɐ p ɔ t ʃ v ə x ə
започвахме	z ɐ p ɔ t ʃ v ə x m ɛ
започваше	z ɐ p ɔ t ʃ v ə ʃ ɛ
започващата	z ɐ p ɔ t ʃ v ə ʃ t̪ ə t̪ ə
започващи	z ɐ p ɔ t ʃ v ə ʃ t̪ i
започна	z ɐ p ɔ t ʃ n ə
започнал	z ɐ p ɔ t ʃ n ə ɫ
започнала	z ɐ p ɔ t ʃ n ə ɫ ə
започналата	z ɐ p ɔ t ʃ n ə ɫ ə t̪ ə
започнали	z ɐ p ɔ t ʃ n ə l i
започналите	z ɐ p ɔ t ʃ n ə l i t̪ ɛ
започналият	z ɐ p ɔ t ʃ n ə l i j ə t̪
започнало	z ɐ p ɔ t ʃ n ə ɫ o̝
започнат	z ɐ p ɔ t ʃ n ə t̪
започната	z ɐ p ɔ t ʃ n ə t̪ ə
започнатата	z ɐ p ɔ t ʃ n ə t̪ ə t̪ ə
започнати	z ɐ p ɔ t ʃ n ə t̪ i
започнатите	z ɐ p ɔ t ʃ n ə t̪ i t̪ ɛ
започнато	z ɐ p ɔ t ʃ n ə t̪ o̝
започнах	z ɐ p ɔ t ʃ n ə x
започнаха	z ɐ p ɔ t ʃ n ə x ə
започнахме	z ɐ p ɔ t ʃ n ə x m ɛ
започне	z ɐ p ɔ t ʃ n ɛ
започнем	z ɐ p ɔ t ʃ n ɛ m
започнеш	z ɐ p ɔ t ʃ n ɛ ʃ
запреда	z ə p r ɛ d̪ ɤ
запрян	z ɐ p rʲ a n
зарекъл	z ɐ r ɛ k ə ɫ
заречено	z ɐ r ɛ t ʃ ɛ n o̝
засекат	z ə s ɛ k ɤ t̪
засекли	z ɐ s ɛ k l i
засечен	z ɐ s ɛ t ʃ ɛ n
засечена	z ɐ s ɛ t ʃ ɛ n ə
засечени	z ɐ s ɛ t ʃ ɛ n i
заслужава	z ə s ɫ o ʒ a v ə
заслужавали	z ə s ɫ o ʒ a v ə l i
заслужават	z ə s ɫ o ʒ a v ə t̪
заслужавате	z ə s ɫ o ʒ a v ə t̪ ɛ
заслужаваха	z ə s ɫ o ʒ a v ə x ə
заслужаваше	z ə s ɫ o ʒ a v ə ʃ ɛ
заслужена	z ɐ s ɫ u ʒ ɛ n ə
заслужено	z ɐ s ɫ u ʒ ɛ n o̝
заслуженото	z ɐ s ɫ u ʒ ɛ n o̝ t̪ o̝
заслужили	z ɐ s ɫ u ʒ i l i
заслужилите	z ɐ s ɫ u ʒ i l i t̪ ɛ
заслужиха	z ɐ s ɫ u ʒ i x ə
заспал	z ə s p a ɫ
заспала	z ə s p a ɫ ə
заспали	z ə s p a l i
заспало	z ə s p a ɫ o
заспива	z ɐ s p i v ə
заспиване	z ɐ s p i v ə n ɛ
заспите	z ə s p i t̪ ɛ
заспиш	z ə s p i ʃ
заспят	z ə s pʲ ɤ t̪
засякох	z ɐ sʲ a k o̝ x
засякоха	z ɐ sʲ a k o̝ x ə
захапа	z ɐ x a p ə
захапя	z ɐ x a pʲ ə
захар	z a x ə r
заченатите	z ɐ t ʃ ɛ n ə t̪ i t̪ ɛ
зачетели	z ə t ʃ ɛ t̪ ɛ l i
зачита	z ɐ t ʃ i t̪ ə
зачитам	z ɐ t ʃ i t̪ ə m
зачитани	z ɐ t ʃ i t̪ ə n i
зачитате	z ɐ t ʃ i t̪ ə t̪ ɛ
звезда	z v ɛ z d a
звук	z v u k
здравей	z d r a v ɛ j
здрасти	z d r a s t i
зебра	z ɛ b r ə
земетресение	z ɛ m ɛ t r ɛ s ɛ n i ɛ
земя	z ɛ mʲ a
зет	z ɛ t
златен	z l a t ɛ n
злато	z l a t o
злоупотреби	z ɫ o̝ o̝ p o̝ t̪ r ɛ b i
злоупотребили	z ɫ o̝ o̝ p o̝ t̪ r ɛ b i l i
злоупотребява	z ɫ o̝ o̝ p o̝ t̪ r ɛ bʲ a v ə
злоупотребяват	z ɫ o̝ o̝ p o̝ t̪ r ɛ bʲ a v ə t̪
злоупотребяваха	z ɫ o̝ o̝ p o̝ t̪ r ɛ bʲ a v ə x ə
змия	z m i j a
знаме	z n a m ɛ
значителен	z n ə t ʃ i t ɛ l ɛ n
зове	z o v ɛ
зовяха	z o vʲ a x ə
зрели	z r ɛ l i
зряла	z rʲ a ɫ ə
зряло	z rʲ a ɫ o̝
зъб	z ɤ p
зъболекар	z ə b o l ɛ k ə r
игра	i ɡ r a
играе	i ɡ r a ɛ
играейки	i ɡ r a ɛ j kʲ i
играел	i ɡ r a ɛ ɫ
играели	i ɡ r a ɛ l i
играело	i ɡ r a ɛ ɫ o
играем	i ɡ r a ɛ m
играеха	i ɡ r a ɛ x ə
играехме	i ɡ r a ɛ x m ɛ
играеш	i ɡ r a ɛ ʃ
играеше	i ɡ r a ɛ ʃ ɛ
играещи	i ɡ r a ɛ ʃ t̪ i
играещият	i ɡ r a ɛ ʃ t̪ i j ə t̪
играй	i ɡ r a j
играл	i ɡ r a ɫ
играла	i ɡ r a ɫ ə
играли	i ɡ r a l i
играха	i ɡ r a x ə
играхме	i ɡ r a x m ɛ
играя	i ɡ r a j ə
играят	i ɡ r a j ə t̪
изберат	i z b ɛ r ɤ t̪
избере	i z b ɛ r ɛ
изберем	i z b ɛ r ɛ m
изберете	i z b ɛ r ɛ t̪ ɛ
избереш	i z b ɛ r ɛ ʃ
избери	i z b ɛ r i
избира	i z b i ɾ ə
избирайки	i z b i ɾ ə j kʲ i
избирал	i z b i ɾ ə ɫ
избирали	i z b i ɾ ə l i
избирам	i z b i ɾ ə m
избираме	i z b i ɾ ə m ɛ
избиран	i z b i ɾ ə n
избирането	i z b i ɾ ə n ɛ t̪ o̝
избирани	i z b i ɾ ə n i
избират	i z b i ɾ ə t̪
избирате	i z b i ɾ ə t̪ ɛ
избираше	i z b i ɾ ə ʃ ɛ
избожда	i z b ɔ ʒ d̪ ə
избра	i z b r a
избрал	i z b r a ɫ
избрала	i z b r a ɫ ə
избрали	i z b r a l i
избран	i z b r a n
избрана	i z b r a n ə
избраната	i z b r a n ə t̪ ə
избрани	i z b r a n i
избраните	i z b r a n i t̪ ɛ
избрания	i z b r a n i j ə
избраният	i z b r a n i j ə t̪
избрано	i z b r a n o̝
избраното	i z b r a n o̝ t̪ o̝
избрах	i z b r a x
избраха	i z b r a x ə
избрахте	i z b r a x t̪ ɛ
изведат	i z v ɛ d̪ ɤ t̪
изведе	i z v ɛ d̪ ɛ
изведен	i z v ɛ d̪ ɛ n
изведени	i z v ɛ d̪ ɛ n i
изведено	i z v ɛ d̪ ɛ n o̝
извежда	i z v ɛ ʒ d̪ ə
извеждане	i z v ɛ ʒ d̪ ə n ɛ
извеждането	i z v ɛ ʒ d̪ ə n ɛ t̪ o̝
извлече	i z v l ɛ t ʃ ɛ
извлечени	i z v l ɛ t ʃ ɛ n i
извлечеш	i z v l ɛ t ʃ ɛ ʃ
извлича	i z v l i t ʃ ə
извличане	i z v l i t ʃ ə n ɛ
извличането	i z v l i t ʃ ə n ɛ t̪ o̝
изговаря	i z ɡ o v a rʲ ə
изговарялите	i z ɡ o v a rʲ ə l i t̪ ɛ
изговаряне	i z ɡ o v a rʲ ə n ɛ
изгубва	i z ɡ u b v ə
изгубен	i z ɡ u b ɛ n
изгубени	i z ɡ u b ɛ n i
изгубените	i z ɡ u b ɛ n i t̪ ɛ
изгубено	i z ɡ u b ɛ n o̝
изгубил	i z ɡ u b i ɫ
изгубили	i z ɡ u b i l i
изгубило	i z ɡ u b i ɫ o̝
изгубим	i z ɡ u b i m
изгубите	i z ɡ u b i t̪ ɛ
изгубихме	i z ɡ u b i x m ɛ
изкупени	i s k u p ɛ n i
изкупуване	i s k o p u v ə n ɛ
изкупуват	i s k o p u v ə t̪
изкупуваш	i s k o p u v ə ʃ
изкупят	i s k u pʲ ə t̪
излезе	i z l ɛ z ɛ
излезем	i z l ɛ z ɛ m
излезеш	i z l ɛ z ɛ ʃ
излезли	i z l ɛ z l i
излезлия	i z l ɛ z l i j ə
излезте	i z l ɛ s t̪ ɛ
излизания	i z l i z ə n i j ə
изложба	i z l ɔ ʒ b ə
изляза	i z lʲ a z ə
излязат	i z lʲ a z ə t̪
излязла	i z lʲ a z ɫ ə
излязло	i z lʲ a z ɫ o̝
излязох	i z lʲ a z o̝ x
излязоха	i z lʲ a z o̝ x ə
излязохме	i z lʲ a z o̝ x m ɛ
излязъл	i z lʲ a z ə ɫ
измама	i z m a m ə
измина	i z m i n ə
изминава	i z m i n a v ə
изминал	i z m i n ə ɫ
изминала	i z m i n ə ɫ ə
изминалата	i z m i n ə ɫ ə t̪ ə
изминали	i z m i n ə l i
изминалите	i z m i n ə l i t̪ ɛ
изминалия	i z m i n ə l i j ə
изминалото	i z m i n ə ɫ o̝ t̪ o̝
изминат	i z m i n ə t̪
изминатия	i z m i n ə t̪ i j ə
измине	i z m i n ɛ
измирали	i z m i ɾ ə l i
измиране	i z m i ɾ ə n ɛ
измират	i z m i ɾ ə t̪
измита	i z m i t̪ ə
измитат	i z m i t̪ ə t̪
измрем	i z m r ɛ m
изневяра	i z n ɛ vʲ a r ə
изнеса	i z n ɛ s ɤ
изнесат	i z n ɛ s ɤ t̪
изнесе	i z n ɛ s ɛ
изнесен	i z n ɛ s ɛ n
изнесена	i z n ɛ s ɛ n ə
изнесени	i z n ɛ s ɛ n i
изнесените	i z n ɛ s ɛ n i t̪ ɛ
изнесено	i z n ɛ s ɛ n o̝
изнесоха	i z n ɛ s o̝ x ə
изнесъл	i z n ɛ s ə ɫ
изорях	i z o rʲ a x
изпасен	i s p a s ɛ n
изпелия	i s p ɛ l i j ə
изпечен	i s p ɛ t ʃ ɛ n
изпечени	i s p ɛ t ʃ ɛ n i
изпея	i s p ɛ j ə
изпеят	i s p ɛ j ə t̪
изпиват	i s p i v ə t̪
изпиващ	i s p i v ə ʃ t̪
изпие	i s p i ɛ
изпиете	i s p i ɛ t̪ ɛ
изпило	i s p i ɫ o̝
изпит	i s p i t̪
изпита	i s p i t̪ ə
изпити	i s p i t̪ i
изпитите	i s p i t̪ i t̪ ɛ
изпичало	i s p i t ʃ ə ɫ o̝
изпичаш	i s p i t ʃ ə ʃ
изпия	i s p i j ə
изплете	i s p l ɛ t̪ ɛ
използва	i s p ɔ ɫ z v ə
използвайки	i s p ɔ ɫ z v ə j kʲ i
използвайте	i s p ɔ ɫ z v ə j t̪ ɛ
използвал	i s p ɔ ɫ z v ə ɫ
използвала	i s p ɔ ɫ z v ə ɫ ə
използвали	i s p ɔ ɫ z v ə l i
използвам	i s p ɔ ɫ z v ə m
използваме	i s p ɔ ɫ z v ə m ɛ
използван	i s p ɔ ɫ z v ə n
използвана	i s p ɔ ɫ z v ə n ə
използваната	i s p ɔ ɫ z v ə n ə t̪ ə
използване	i s p ɔ ɫ z v ə n ɛ
използването	i s p ɔ ɫ z v ə n ɛ t̪ o̝
използвани	i s p ɔ ɫ z v ə n i
използваните	i s p ɔ ɫ z v ə n i t̪ ɛ
използваният	i s p ɔ ɫ z v ə n i j ə t̪
използвано	i s p ɔ ɫ z v ə n o̝
използват	i s p ɔ ɫ z v ə t̪
използвате	i s p ɔ ɫ z v ə t̪ ɛ
използваха	i s p ɔ ɫ z v ə x ə
използвахме	i s p ɔ ɫ z v ə x m ɛ
използваш	i s p ɔ ɫ z v ə ʃ
използваше	i s p ɔ ɫ z v ə ʃ ɛ
използващи	i s p ɔ ɫ z v ə ʃ t̪ i
изпълним	i s p ə l n i m
изпя	i s pʲ a
изпявалите	i s pʲ a v ə l i t̪ ɛ
изпял	i s pʲ a ɫ
изпяла	i s pʲ a ɫ ə
изпята	i s pʲ a t̪ ə
изпяха	i s pʲ a x ə
изреваха	i z r ɛ v a x ə
изрекохте	i z r ɛ k o̝ x t̪ ɛ
изречена	i z r ɛ t ʃ ɛ n ə
изречение	i z r ɛ t ʃ ɛ n i ɛ
изсекат	i s s ɛ k ɤ t̪
изсечахте	i s s ɛ t ʃ a x t̪ ɛ
изсечем	i s s ɛ t ʃ ɛ m
изсечени	i s s ɛ t ʃ ɛ n i
изсечените	i s s ɛ t ʃ ɛ n i t̪ ɛ
изслуша	i s ɫ u ʃ ə
изслушал	i s ɫ u ʃ ə ɫ
изслушан	i s ɫ u ʃ ə n
изслушани	i s ɫ u ʃ ə n i
изслушаха	i s ɫ u ʃ ə x ə
изслушване	i s ɫ u ʃ v ə n ɛ
изтекат	i s t̪ ɛ k ɤ t̪
изтекли	i s t̪ ɛ k l i
изтеклите	i s t̪ ɛ k l i t̪ ɛ
изтекло	i s t̪ ɛ k ɫ o̝
изтекоха	i s t̪ ɛ k o̝ x ə
изтекъл	i s t̪ ɛ k ə ɫ
изтече	i s t̪ ɛ t ʃ ɛ
изток	i s t o k
източен	i s t o t ʃ ɛ n
изтърваната	i s t̪ ɐ r v a n ə t̪ ə
изтървяла	i s t̪ ɐ r vʲ a ɫ ə
изчезва	i s t ʃ ɛ z v ə
изчезвай	i s t ʃ ɛ z v ə j
изчезваме	i s t ʃ ɛ z v ə m ɛ
изчезването	i s t ʃ ɛ z v ə n ɛ t̪ o̝
изчезват	i s t ʃ ɛ z v ə t̪
изчезващ	i s t ʃ ɛ z v ə ʃ t̪
изчезващите	i s t ʃ ɛ z v ə ʃ t̪ i t̪ ɛ
изчезващо	i s t ʃ ɛ z v ə ʃ t̪ o̝
изчезна	i s t ʃ ɛ z n ə
изчезнал	i s t ʃ ɛ z n ə ɫ
изчезнала	i s t ʃ ɛ z n ə ɫ ə
изчезнали	i s t ʃ ɛ z n ə l i
изчезналите	i s t ʃ ɛ z n ə l i t̪ ɛ
изчезналия	i s t ʃ ɛ z n ə l i j ə
изчезналият	i s t ʃ ɛ z n ə l i j ə t̪
изчезналото	i s t ʃ ɛ z n ə ɫ o̝ t̪ o̝
изчезнат	i s t ʃ ɛ z n ə t̪
изчезнаха	i s t ʃ ɛ z n ə x ə
изчезне	i s t ʃ ɛ z n ɛ
изчитана	i s t ʃ i t̪ ə n ə
им	i m
имайки	i m ə j kʲ i
имайте	i m ə j t̪ ɛ
имане	i m ə n ɛ
имани	i m ə n i
имат	i m ə t̪
имате	i m ə t̪ ɛ
имаш	i m ə ʃ
имаше	i m ə ʃ ɛ
имащи	i m ə ʃ t̪ i
имащите	i m ə ʃ t̪ i t̪ ɛ
имащо	i m ə ʃ t̪ o̝
име	i m ɛ
инвестира	i ɱ v ɛ s t̪ i ɾ ə
инвестирала	i ɱ v ɛ s t̪ i ɾ ə ɫ ə
инвестирали	i ɱ v ɛ s t̪ i ɾ ə l i
инвестираме	i ɱ v ɛ s t̪ i ɾ ə m ɛ
инвестирани	i ɱ v ɛ s t̪ i ɾ ə n i
инвестирано	i ɱ v ɛ s t̪ i ɾ ə n o̝
инвестират	i ɱ v ɛ s t̪ i ɾ ə t̪
инвестираха	i ɱ v ɛ s t̪ i ɾ ə x ə
инвестираш	i ɱ v ɛ s t̪ i ɾ ə ʃ
индивидуалност	i n d i v i d u a l n o s t
индий	i n d i j
интелект	i n t ɛ l ɛ k t
интелигентен	i n t ɛ l i ɡ ɛ n t ɛ n
интелигентност	i n t ɛ l i ɡ ɛ n t n o s t
интерес	i n t ɛ r ɛ s
интересен	i n t ɛ r ɛ s ɛ n
инфекция	i n f ɛ k t͡s i j ə
искам	i s k ə m
искаме	i s k ə m ɛ
исканата	i s k ə n ə t̪ ə
искане	i s k ə n ɛ
искането	i s k ə n ɛ t̪ o̝
искания	i s k ə n i j ə
исканията	i s k ə n i j ə t̪ ə
исканото	i s k ə n o̝ t̪ o̝
искат	i s k ə t̪
искате	i s k ə t̪ ɛ
искаш	i s k ə ʃ
искаше	i s k ə ʃ ɛ
искащи	i s k ə ʃ t̪ i
искащите	i s k ə ʃ t̪ i t̪ ɛ
искра	i s k r a
искрен	i s k r ɛ n
испански	i s p a n s k i
истина	i s t i n ə
италианец	i t ə l i a n ɛ t s
италиански	i t ə l i a n s kʲ i
итрий	i t r i j
кадмий	k a d m i j
кажа	k a ʒ ə
кажат	k a ʒ ə t̪
каже	k a ʒ ɛ
кажем	k a ʒ ɛ m
кажеш	k a ʒ ɛ ʃ
кажи	k ɐ ʒ i
казан	k a z ə n
казана	k a z ə n ə
казани	k a z ə n i
казано	k a z ə n o̝
казаното	k a z ə n o̝ t̪ o̝
казвай	k a z v ə j
казвайки	k a z v ə j kʲ i
казвам	k a z v ə m
казваме	k a z v ə m ɛ
казването	k a z v ə n ɛ t̪ o̝
казват	k a z v ə t̪
казвате	k a z v ə t̪ ɛ
казваш	k a z v ə ʃ
казваше	k a z v ə ʃ ɛ
каква	k ɐ k v a
какви	k ɐ k v i
какъв	k ɐ k ɤ f
калкан	k ə l k a n
калций	k a l t͡s i j
камила	k ə m i l ə
камък	k a m ə k
канела	k ə n ɛ l ə
капак	k ə p a k
капения	k a p ɛ n i j ə
капеше	k a p ɛ ʃ ɛ
капещ	k a p ɛ ʃ t̪
капят	k a pʲ ə t̪
карам	k a r ə m
карате	k ə r a t ɛ
карти	k a r t i
каса	k a s ə
кафе	k ə f ɛ
каца	k a t s ə
квадрат	k v ɐ d r a t
квебек	k v ɛ b ɛ k
кей	k ɛ i
километър	k i l o m ɛ t ə r
ким	kʲ i m
кирилица	kʲ i r i l i t͡s ə
кислород	k i s l o r ɔ t
клада	k ɫ ɐ d̪ ɤ
клади	k ɫ ɐ d̪ i
клал	k ɫ a ɫ
клали	k ɫ a l i
клетва	k l ɛ t v ə
клин	k l i n
кмет	k m ɛ t
княгиня	k nʲ ə ɡʲ i nʲ ə
княз	k nʲ a s
ковал	k o v a ɫ
ковалия	k o v a l i j ə
коват	k o v ɤ t̪
кове	k o v ɛ
ковящата	k o vʲ a ʃ t̪ ə t̪ ə
кого	k o ɡ ɔ
кое	k o ɛ
кой	k ɔ j
кокал	k ɔ k ə l
кокоши	k o k ɔ ʃ i
кол	k ɔ l
колега	k o l ɛ ɡ ə
колежка	k o l ɛ ʃ k ə
коляно	k o lʲ a n o
комбинираме	k o̝ m b i n i ɾ ə m ɛ
комбиниран	k o̝ m b i n i ɾ ə n
комбинираната	k o̝ m b i n i ɾ ə n ə t̪ ə
комбинирането	k o̝ m b i n i ɾ ə n ɛ t̪ o̝
комбинирано	k o̝ m b i n i ɾ ə n o̝
комбинират	k o̝ m b i n i ɾ ə t̪
комерсиален	k o m ɛ r s i a l ɛ n
комета	k o m ɛ t ə
компетентност	k o m p ɛ t ɛ n t n o s t
кому	k o m u
комунизъм	k o m u n i z ə m
комунист	k o m u n i s t
комунистка	k o m u n i s k ə
конец	k o n ɛ t s
кора	k o r a
кораб	k ɔ r ə p
корем	k o r ɛ m
коремен	k o r ɛ m ɛ n
коронясват	k o̝ ɾ o nʲ a s v ə t̪
коронясващи	k o̝ ɾ o nʲ a s v ə ʃ t̪ i
коса	k o s a
космат	k o s m a t
кост	k ɔ s t
косъм	k ɔ s ə m
котарак	k o t ə r a k
кошмар	k o ʃ m a r
кошница	k ɔ ʃ n i t͡s ə
коя	k o j a
крави	k r a v i
крадат	k r ə d̪ ɤ t̪
крадене	k r a d̪ ɛ n ɛ
краденето	k r a d̪ ɛ n ɛ t̪ o
крадените	k r a d̪ ɛ n i t̪ ɛ
крадете	k r ə d̪ ɛ t̪ ɛ
кради	k r ə d̪ i
крадяло	k r ə dʲ a ɫ o
крак	k r a k
крали	k r a l i
кралия	k r a l i j ə
кралски	k r a l s k i
красавец	k r ə s a v ɛ t s
красив	k r ə s i f
кратък	k r a t ə k
кръв	k r ɤ f
кукла	k u k ɫ ɐ
кула	k u l ə
купел	k u p ɛ ɫ
купен	k u p ɛ n
купена	k u p ɛ n ə
купени	k u p ɛ n i
купеният	k u p ɛ n i j ə t̪
купено	k u p ɛ n o̝
купете	k o p ɛ t̪ ɛ
купим	k u p i m
купите	k u p i t̪ ɛ
купиш	k u p i ʃ
купя	k u pʲ ə
купят	k u pʲ ə t̪
кусур	k u s u r
кутия	k u t i j ə
кухня	k u x nʲ ə
кълбо	k ə l b ɔ
кълват	k ɐ ɫ v ɤ t̪
кървене	k ɐ r v ɛ n ɛ
кървящи	k ɐ r vʲ a ʃ t̪ i
къща	k ɤ ʃ t ə
лай	l a j
лакът	l a k ə t
лебед	l ɛ b ɛ t
лев	l ɛ f
легне	l ɛ ɡ n ɛ
легнех	l ɛ ɡ n ɛ x
легни	l ɛ ɡ n i
лед	l ɛ t
лежал	l ɛ ʒ a ɫ
лежат	l ɛ ʒ ɤ t̪
лежах	l ɛ ʒ a x
лежащи	l ɛ ʒ a ʃ t̪ i
лежеше	l ɛ ʒ ɛ ʃ ɛ
лек	l ɛ k
лекар	l ɛ k ə r
лекарка	l ɛ k ə r k ə
лекарски	l ɛ k ə r s kʲ i
лекарство	l ɛ k a r s t v o
лекота	l ɛ k o t a
лекция	l ɛ k t͡s i j ə
леля	l ɛ lʲ ə
лесбийка	l ɛ z b iː k ə
лесен	l ɛ s ɛ n
летен	l ɛ t ɛ n
летенето	l ɛ t̪ ɛ n ɛ t̪ o̝
летеше	l ɛ t̪ ɛ ʃ ɛ
лети	l ɛ t̪ i
летище	l ɛ t i ʃ t ɛ
летяла	l ɛ tʲ a ɫ ə
летят	l ɛ tʲ ɤ t̪
летящ	l ɛ tʲ a ʃ t̪
летящи	l ɛ tʲ a ʃ t̪ i
летящите	l ɛ tʲ a ʃ t̪ i t̪ ɛ
ли	l i
лизане	l i z ə n ɛ
лизани	l i z ə n i
лимони	l i m ɔ n i
литър	l i t ə r
лихва	l i x v ə
лице	l i t͡s ɛ
лопата	l o p a t ə
лук	l u k
лула	ɫ u ɫ a
луна	l u n a
лъв	l ɤ f
лъганото	ɫ ɤ ɡ ə n o̝ t̪ o̝
лъжат	ɫ ɤ ʒ ə t̪
лъже	ɫ ɤ ʒ ɛ
лъжеш	ɫ ɤ ʒ ɛ ʃ
ляв	lʲ a f
ляга	lʲ a ɡ ə
лягай	lʲ a ɡ ə j
лягал	lʲ a ɡ ə ɫ
лягаме	lʲ a ɡ ə m ɛ
лягат	lʲ a ɡ ə t̪
лягаш	lʲ a ɡ ə ʃ
лято	lʲ a t o
магазин	m a ɡ a z i n
май	m a j
майсторски	m a i s t o r s k i
макемаке	m a k ɛ m a k ɛ
малък	m a l ə k
марс	m a r s
мач	m a t ʃ
ме	m ɛ
медицина	m ɛ d i t͡s i n ə
медицински	m ɛ d i t s i n s kʲ i
мека	m ɛ k a
мел	m ɛ ɫ
мен	m ɛ n
меркурий	m ɛ r k u r i j
месец	m ɛ s ɛ t͡s
месо	m ɛ s ɔ
метър	m ɛ t ə r
меч	m ɛ t͡ʃ
мечка	m ɛ t ʃ k ə
мечта	m ɛ t ʃ t̪ a
мечтае	m ɛ t ʃ t̪ a ɛ
мечтаенета	m ɛ t ʃ t̪ a ɛ n ɛ t̪ ə
мечтаете	m ɛ t ʃ t̪ a ɛ t̪ ɛ
мечтаеш	m ɛ t ʃ t̪ a ɛ ʃ
мечтаеше	m ɛ t ʃ t̪ a ɛ ʃ ɛ
мечтаещи	m ɛ t ʃ t̪ a ɛ ʃ t̪ i
мечтал	m ɛ t ʃ t̪ a ɫ
мечтаната	m ɛ t ʃ t̪ a n ə t̪ ə
мечтая	m ɛ t ʃ t̪ a j ə
мечтаят	m ɛ t ʃ t̪ a j ə t̪
ми	m i
мир	m i r
миранда	m i r a n d ə
мисъл	m i s ə l
мишка	m i ʃ k ə
млад	m l a t
млъкне	m ɫ ɤ k n ɛ
мляко	m lʲ a k o
мога	m ɔ ɡ ə
могат	m ɔ ɡ ə t̪
могла	m o ɡ ɫ a
могли	m o ɡ l i
могло	m o ɡ ɫ ɔ
могъл	m o ɡ ɤ ɫ
модерен	m o d ɛ r ɛ n
мое	m ɔ ɛ
моето	m ɔ ɛ t̪ o
можа	m o ʒ a
можал	m o ʒ a ɫ
можах	m o ʒ a x
можаха	m o ʒ a x ə
можахте	m o ʒ a x t̪ ɛ
може	m ɔ ʒ ɛ
можел	m ɔ ʒ ɛ ɫ
можела	m ɔ ʒ ɛ ɫ ə
можели	m ɔ ʒ ɛ l i
можело	m ɔ ʒ ɛ ɫ o̝
можем	m ɔ ʒ ɛ m
можете	m ɔ ʒ ɛ t̪ ɛ
можех	m ɔ ʒ ɛ x
можеха	m ɔ ʒ ɛ x ə
можехме	m ɔ ʒ ɛ x m ɛ
можеш	m ɔ ʒ ɛ ʃ
можеше	m ɔ ʒ ɛ ʃ ɛ
можещите	m ɔ ʒ ɛ ʃ t̪ i t̪ ɛ
мои	m o i
мойто	m ɔ j t̪ o
молейки	m ɔ l ɛ j kʲ i
молела	m ɔ l ɛ ɫ ə
молели	m ɔ l ɛ l i
моленета	m ɔ l ɛ n ɛ t̪ ə
молете	m o l ɛ t̪ ɛ
молеха	m ɔ l ɛ x ə
моля	m ɔ lʲ ə
молят	m ɔ lʲ ə t̪
мома	m o m a
момче	m o m t ʃ e
момък	m ɔ m ə k
монарх	m ɔ n a r x
монах	m o n a x
мост	m ɔ s t
моя	m ɔ j ə
моят	m ɔ j ə t̪
моята	m ɔ j ə t̪ ə
мравка	m r a v k ə
мразеха	m r a z ɛ x ə
мразещ	m r a z ɛ ʃ t̪
мразим	m r a z i m
мразя	m r a zʲ ə
мразят	m r a zʲ ə t̪
мрак	m r a k
мрат	m r ɤ t̪
мре	m r ɛ
му	m u
музей	m ʊ z e j
мускул	m u s k u l
мустак	m u s t a k
мъдрост	m ɤ d r o s t
мъдър	m ɤ d ə r
мълния	m ɤ l n i j ə
мълчали	m ɐ ɫ t ʃ a l i
мълчаха	m ɐ ɫ t ʃ a x ə
мълчеше	m ɐ ɫ t ʃ ɛ ʃ ɛ
мълчиш	m ɐ ɫ t ʃ i ʃ
мярка	mʲ a r k ə
място	mʲ a s t o
наведен	n ɐ v ɛ d̪ ɛ n
навежда	n ɐ v ɛ ʒ d̪ ə
навежданите	n ɐ v ɛ ʒ d̪ ə n i t̪ ɛ
навести	n ə v ɛ s t̪ i
навестяваме	n ə v ɛ s tʲ a v ə m ɛ
навестят	n ə v ɛ s tʲ ɤ t̪
навира	n ɐ v i ɾ ə
навирай	n ɐ v i ɾ ə j
навиралия	n ɐ v i ɾ ə l i j ə
навират	n ɐ v i ɾ ə t̪
навирате	n ɐ v i ɾ ə t̪ ɛ
навлезе	n ɐ v l ɛ z ɛ
навлезли	n ɐ v l ɛ z l i
навлиза	n ɐ v l i z ə
навлизайки	n ɐ v l i z ə j kʲ i
навлизалите	n ɐ v l i z ə l i t̪ ɛ
навлизаме	n ɐ v l i z ə m ɛ
навлизане	n ɐ v l i z ə n ɛ
навлизането	n ɐ v l i z ə n ɛ t̪ o̝
навлизат	n ɐ v l i z ə t̪
навлизате	n ɐ v l i z ə t̪ ɛ
навлязла	n ɐ v lʲ a z ɫ ə
навлязохме	n ɐ v lʲ a z o̝ x m ɛ
навлязъл	n ɐ v lʲ a z ə ɫ
наводнени	n ə v o d̪ n ɛ n i
наводнения	n ə v o d̪ n ɛ n i j ə
наводни	n ə v o d̪ n i
наводнила	n ə v o d̪ n i ɫ ə
наврян	n ɐ v rʲ a n
надебелееше	n ə d̪ ɛ b ɛ l ɛ ɛ ʃ ɛ
надежда	n ə d ɛ ʒ d ə
надежден	n ə d ɛ ʒ d ɛ n
надонасянето	n ə d̪ o n a sʲ ə n ɛ t̪ o̝
надява	n ɐ dʲ a v ə
надявайки	n ɐ dʲ a v ə j kʲ i
надявали	n ɐ dʲ a v ə l i
надяват	n ɐ dʲ a v ə t̪
надяваш	n ɐ dʲ a v ə ʃ
наемам	n ɐ ɛ m ə m
наемане	n ɐ ɛ m ə n ɛ
наемането	n ɐ ɛ m ə n ɛ t̪ o̝
наемаха	n ɐ ɛ m ə x ə
назад	n a z a d
назовават	n ə z o v a v ə t̪
назовавате	n ə z o v a v ə t̪ ɛ
назоваващи	n ə z o v a v ə ʃ t̪ i
назоват	n ə z o v ɤ t̪
назове	n ə z o v ɛ
назовеш	n ə z o v ɛ ʃ
наказа	n ɐ k a z ə
наказали	n ɐ k a z ə l i
наказан	n ɐ k a z ə n
наказани	n ɐ k a z ə n i
наказание	n ə k ə z a n i ɛ
наказва	n ɐ k a z v ə
наказвам	n ɐ k a z v ə m
наказван	n ɐ k a z v ə n
наказвана	n ɐ k a z v ə n ə
наказване	n ɐ k a z v ə n ɛ
наказвани	n ɐ k a z v ə n i
наказват	n ɐ k a z v ə t̪
наковавайте	n ə k o v a v ə j t̪ ɛ
наковавах	n ə k o v a v ə x
накълваващия	n ə k ɐ ɫ v a v ə ʃ t̪ i j ə
нам	n a m
намеква	n ɐ m ɛ k v ə
намеквам	n ɐ m ɛ k v ə m
намеквате	n ɐ m ɛ k v ə t̪ ɛ
намекваше	n ɐ m ɛ k v ə ʃ ɛ
намекна	n ɐ m ɛ k n ə
намекнело	n ɐ m ɛ k n ɛ ɫ o̝
намерение	n ə m ɛ r ɛ n i ɛ
нанесем	n ə n ɛ s ɛ m
нанесен	n ɐ n ɛ s ɛ n
нанесена	n ɐ n ɛ s ɛ n ə
нанесената	n ɐ n ɛ s ɛ n ə t̪ ə
нанесени	n ɐ n ɛ s ɛ n i
нанесено	n ɐ n ɛ s ɛ n o̝
нанесла	n ɐ n ɛ s ɫ ə
нанесли	n ɐ n ɛ s l i
нанесоха	n ɐ n ɛ s o̝ x ə
нанесъл	n ɐ n ɛ s ə ɫ
наобличалият	n ə o b l i t ʃ ə l i j ə t̪
напечахме	n ə p ɛ t ʃ a x m ɛ
напечено	n ɐ p ɛ t ʃ ɛ n o̝
написа	n ɐ p i s ə
написал	n ɐ p i s ə ɫ
написала	n ɐ p i s ə ɫ ə
написали	n ɐ p i s ə l i
написан	n ɐ p i s ə n
написана	n ɐ p i s ə n ə
написани	n ɐ p i s ə n i
написаните	n ɐ p i s ə n i t̪ ɛ
написано	n ɐ p i s ə n o̝
написаното	n ɐ p i s ə n o̝ t̪ o̝
написах	n ɐ p i s ə x
написаха	n ɐ p i s ə x ə
написвайте	n ɐ p i s v ə j t̪ ɛ
написване	n ɐ p i s v ə n ɛ
написването	n ɐ p i s v ə n ɛ t̪ o̝
напитка	n ə p i t k ə
напичалият	n ɐ p i t ʃ ə l i j ə t̪
напиша	n ɐ p i ʃ ə
напишат	n ɐ p i ʃ ə t̪
напише	n ɐ p i ʃ ɛ
напишем	n ɐ p i ʃ ɛ m
напишеш	n ɐ p i ʃ ɛ ʃ
наплетено	n ɐ p l ɛ t̪ ɛ n o̝
напредва	n ɐ p r ɛ d̪ v ə
напредването	n ɐ p r ɛ d̪ v ə n ɛ t̪ o̝
напредват	n ɐ p r ɛ d̪ v ə t̪
напредваше	n ɐ p r ɛ d̪ v ə ʃ ɛ
напредващ	n ɐ p r ɛ d̪ v ə ʃ t̪
напредна	n ɐ p r ɛ d̪ n ə
напреднала	n ɐ p r ɛ d̪ n ə ɫ ə
напреднали	n ɐ p r ɛ d̪ n ə l i
напредналите	n ɐ p r ɛ d̪ n ə l i t̪ ɛ
напреднела	n ɐ p r ɛ d̪ n ɛ ɫ ə
напротив	n ɐ p r ɔ t i v
наранена	n ə ɾ ɐ n ɛ n ə
наранили	n ə ɾ ɐ n i l i
наранява	n ə ɾ ɐ nʲ a v ə
наранявали	n ə ɾ ɐ nʲ a v ə l i
наранявам	n ə r ɐ nʲ a v ə m
нараняване	n ə ɾ ɐ nʲ a v ə n ɛ
наранявания	n ə ɾ ɐ nʲ a v ə n i j ə
нарекат	n ə ɾ ɛ k ɤ t̪
нарекла	n ɐ r ɛ k ɫ ə
нарекли	n ɐ r ɛ k l i
нареклият	n ɐ r ɛ k l i j ə t̪
нарекоха	n ɐ r ɛ k o̝ x ə
нарекъл	n ɐ r ɛ k ə ɫ
наречем	n ə ɾ ɛ t ʃ ɛ m
наречен	n ɐ r ɛ t ʃ ɛ n
наречена	n ɐ r ɛ t ʃ ɛ n ə
наречената	n ɐ r ɛ t ʃ ɛ n ə t̪ ə
наречени	n ɐ r ɛ t ʃ ɛ n i
наречените	n ɐ r ɛ t ʃ ɛ n i t̪ ɛ
наречения	n ɐ r ɛ t ʃ ɛ n i j ə
нареченият	n ɐ r ɛ t ʃ ɛ n i j ə t̪
наречено	n ɐ r ɛ t ʃ ɛ n o̝
нареченото	n ɐ r ɛ t ʃ ɛ n o̝ t̪ o̝
наречеш	n ə ɾ ɛ t ʃ ɛ ʃ
нарича	n ɐ r i t ʃ ə
наричайки	n ɐ r i t ʃ ə j kʲ i
наричали	n ɐ r i t ʃ ə l i
наричам	n ɐ r i t ʃ ə m
наричаме	n ɐ r i t ʃ ə m ɛ
наричан	n ɐ r i t ʃ ə n
наричана	n ɐ r i t ʃ ə n ə
наричани	n ɐ r i t ʃ ə n i
наричат	n ɐ r i t ʃ ə t̪
наричах	n ɐ r i t ʃ ə x
наричаха	n ɐ r i t ʃ ə x ə
наричахме	n ɐ r i t ʃ ə x m ɛ
наричаш	n ɐ r i t ʃ ə ʃ
наричаше	n ɐ r i t ʃ ə ʃ ɛ
наркоман	n ə r k o m a n
нас	n a s
насичаме	n ɐ s i t ʃ ə m ɛ
насичането	n ɐ s i t ʃ ə n ɛ t̪ o̝
наследена	n ə s l ɛ d̪ ɛ n ə
наследената	n ə s l ɛ d̪ ɛ n ə t̪ ə
наследени	n ə s l ɛ d̪ ɛ n i
наследи	n ə s l ɛ d̪ i
наследил	n ə s l ɛ d̪ i ɫ
наследява	n ə s l ɛ dʲ a v ə
наследявахте	n ə s l ɛ dʲ a v ə x t̪ ɛ
наследят	n ə s l ɛ dʲ ɤ t̪
насметат	n ə s m ɛ t̪ ɤ t̪
наука	n a u k ə
нахапа	n ɐ x a p ə
наш	n a ʃ
наша	n a ʃ ə
нашата	n a ʃ ə t̪ ə
наше	n a ʃ ɛ
нашето	n a ʃ ɛ t̪ o
наши	n a ʃ i
нашите	n a ʃ i t̪ ɛ
нашия	n a ʃ i j ə
нашият	n a ʃ i j ə t̪
нашта	n a ʃ t̪ ə
наште	n a ʃ t̪ ɛ
не	n ɛ
небесносин	n ɛ b ɛ s n o s i n
небрежност	n ɛ b r ɛ ʒ n o s t
него	n ɛ ɡ o
негов	n ɛ ɡ o f
негова	n ɛ ɡ o v ə
неговата	n ɛ ɡ o v ə t̪ ə
негови	n ɛ ɡ o v i
неговите	n ɛ ɡ o v i t̪ ɛ
неговия	n ɛ ɡ o v i j ə
неговият	n ɛ ɡ o v i j ə t̪
негово	n ɛ ɡ o v o
неговото	n ɛ ɡ o v o t̪ o
неголям	n ɛ ɡ o lʲ a m
недоврял	n ɛ d o v rʲ a l
неин	n ɛ i n
нейна	n ɛ j n ə
нейната	n ɛ j n ə t̪ ə
нейния	n ɛ j n i j ə
нейно	n ɛ j n o
нейното	n ɛ j n o t̪ o
некадърен	n ɛ k ə d ɤ r ɛ n
немски	n ɛ m s kʲ i
непокътнат	n ɛ p o k ɤ t n ə t
несериозен	n ɛ s ɛ r i ɔ z ɛ n
неспособен	n ɛ s p o s ɔ b ɛ n
несъмнен	n ɛ s ə m n ɛ n
нещо	n ɛ ʃ t o
нея	n ɛ j ə
нива	n i v ə
ниво	n i v ɔ
нишка	n i ʃ k ə
нов	n ɔ f
ноември	n o ɛ m v r i
ножица	n ɔ ʒ i t͡s ə
номер	n ɔ m ɛ r
нос	n ɔ s
нощ	n ɔ ʃ t
нужда	n o ʒ d̪ a
нуждае	n o ʒ d̪ a ɛ
нуждаели	n o ʒ d̪ a ɛ l i
нуждаем	n o ʒ d̪ a ɛ m
нуждаете	n o ʒ d̪ a ɛ t̪ ɛ
нуждаеш	n o ʒ d̪ a ɛ ʃ
нуждаят	n o ʒ d̪ a j ə t̪
обвинен	o̝ b v i n ɛ n
обвинена	o̝ b v i n ɛ n ə
обвинени	o̝ b v i n ɛ n i
обвинения	o̝ b v i n ɛ n i j ə
обвиненият	o̝ b v i n ɛ n i j ə t̪
обвини	o̝ b v i n i
обвиним	o̝ b v i n i m
обвиниха	o̝ b v i n i x ə
обвиниш	o̝ b v i n i ʃ
обвинят	o̝ b v i nʲ ɤ t̪
обезглавили	o̝ b ɛ z ɡ ɫ ɐ v i l i
обесва	o b ɛ s v ə
обесвай	o b ɛ s v ə j
обесвал	o b ɛ s v ə ɫ
обесването	o b ɛ s v ə n ɛ t̪ o̝
обесвано	o b ɛ s v ə n o̝
обесен	o b ɛ s ɛ n
обесил	o b ɛ s i ɫ
обесим	o b ɛ s i m
обеща	o̝ b ɛ ʃ t̪ a
обещава	o̝ b ɛ ʃ t̪ a v ə
обещавали	o̝ b ɛ ʃ t̪ a v ə l i
обещавам	o̝ b ɛ ʃ t̪ a v ə m
обещаваме	o̝ b ɛ ʃ t̪ a v ə m ɛ
обещават	o̝ b ɛ ʃ t̪ a v ə t̪
обещаваха	o̝ b ɛ ʃ t̪ a v ə x ə
обещавахте	o̝ b ɛ ʃ t̪ a v ə x t̪ ɛ
обещаваше	o̝ b ɛ ʃ t̪ a v ə ʃ ɛ
обещае	o̝ b ɛ ʃ t̪ a ɛ
обещай	o̝ b ɛ ʃ t̪ a j
обещал	o̝ b ɛ ʃ t̪ a ɫ
обещали	o̝ b ɛ ʃ t̪ a l i
обещан	o̝ b ɛ ʃ t̪ a n
обещана	o̝ b ɛ ʃ t̪ a n ə
обещание	o b ɛ ʃ t a n i ɛ
обещаните	o̝ b ɛ ʃ t̪ a n i t̪ ɛ
обещания	o̝ b ɛ ʃ t̪ a n i j ə
обещано	o̝ b ɛ ʃ t̪ a n o̝
обещаното	o̝ b ɛ ʃ t̪ a n o̝ t̪ o̝
обещах	o̝ b ɛ ʃ t̪ a x
обещаха	o̝ b ɛ ʃ t̪ a x ə
обещахте	o̝ b ɛ ʃ t̪ a x t̪ ɛ
обещаят	o̝ b ɛ ʃ t̪ a j ə t̪
обзавеждайки	o̝ b z ɐ v ɛ ʒ d̪ ə j kʲ i
обзавеждането	o̝ b z ɐ v ɛ ʒ d̪ ə n ɛ t̪ o̝
обичай	o b i t ʃ ə j
обичайте	o b i t ʃ ə j t̪ ɛ
обичам	o b i t ʃ ə m
обичаме	o b i t ʃ ə m ɛ
обичан	o b i t ʃ ə n
обичана	o b i t ʃ ə n ə
обичани	o b i t ʃ ə n i
обичаните	o b i t ʃ ə n i t̪ ɛ
обичаният	o b i t ʃ ə n i j ə t̪
обичат	o b i t ʃ ə t̪
обичате	o b i t ʃ ə t̪ ɛ
обичаш	o b i t ʃ ə ʃ
обичаше	o b i t ʃ ə ʃ ɛ
обичащ	o b i t ʃ ə ʃ t̪
обичлив	o b i t ʃ l i f
обковалото	o̝ p k o v a ɫ o̝ t̪ o̝
облека	o̝ b l ɛ k ɤ
облекли	o b l ɛ k l i
облечен	o b l ɛ t ʃ ɛ n
облечена	o b l ɛ t ʃ ɛ n ə
облечени	o b l ɛ t ʃ ɛ n i
облечете	o̝ b l ɛ t ʃ ɛ t̪ ɛ
облечеш	o̝ b l ɛ t ʃ ɛ ʃ
облича	o b l i t ʃ ə
обличаме	o b l i t ʃ ə m ɛ
обличане	o b l i t ʃ ə n ɛ
обличат	o b l i t ʃ ə t̪
облякоха	o b lʲ a k o̝ x ə
облякохме	o b lʲ a k o̝ x m ɛ
обмяна	ɔ b mʲ a n ə
обосновавал	o̝ b o̝ s n o v a v ə ɫ
обосноваването	o̝ b o̝ s n o v a v ə n ɛ t̪ o̝
обосновават	o̝ b o̝ s n o v a v ə t̪
обоснована	o̝ b o̝ s n o v a n ə
обосновани	o̝ b o̝ s n o v a n i
обосноват	o̝ b o̝ s n o v ɤ t̪
обоснове	o̝ b o̝ s n o v ɛ
обрича	o b r i t ʃ ə
обричат	o b r i t ʃ ə t̪
обръщение	o b r ə ʃ t ɛ n i ɛ
обсъден	o p s ɤ d̪ ɛ n
обсъдена	o p s ɤ d̪ ɛ n ə
обсъдени	o p s ɤ d̪ ɛ n i
обсъдено	o p s ɤ d̪ ɛ n o̝
обсъдила	o p s ɤ d̪ i ɫ ə
обсъдили	o p s ɤ d̪ i l i
обсъдим	o p s ɤ d̪ i m
обсъдите	o p s ɤ d̪ i t̪ ɛ
обсъдиха	o p s ɤ d̪ i x ə
обсъдят	o p s ɤ dʲ ə t̪
обсъжда	o p s ɤ ʒ d̪ ə
обсъждайки	o p s ɤ ʒ d̪ ə j kʲ i
обсъждайте	o p s ɤ ʒ d̪ ə j t̪ ɛ
обсъждали	o p s ɤ ʒ d̪ ə l i
обсъждам	o p s ɤ ʒ d̪ ə m
обсъждаме	o p s ɤ ʒ d̪ ə m ɛ
обсъждана	o p s ɤ ʒ d̪ ə n ə
обсъждане	o p s ɤ ʒ d̪ ə n ɛ
обсъждането	o p s ɤ ʒ d̪ ə n ɛ t̪ o̝
обсъждания	o p s ɤ ʒ d̪ ə n i j ə
обсъжданията	o p s ɤ ʒ d̪ ə n i j ə t̪ ə
обсъждано	o p s ɤ ʒ d̪ ə n o̝
обсъждат	o p s ɤ ʒ d̪ ə t̪
обсъждате	o p s ɤ ʒ d̪ ə t̪ ɛ
обсъждаха	o p s ɤ ʒ d̪ ə x ə
обсъждахме	o p s ɤ ʒ d̪ ə x m ɛ
обсъждахте	o p s ɤ ʒ d̪ ə x t̪ ɛ
обучава	o̝ b o t ʃ a v ə
обучавал	o̝ b o t ʃ a v ə ɫ
обучавали	o̝ b o t ʃ a v ə l i
обучавани	o̝ b o t ʃ a v ə n i
обучаваните	o̝ b o t ʃ a v ə n i t̪ ɛ
обучават	o̝ b o t ʃ a v ə t̪
обучаващ	o̝ b o t ʃ a v ə ʃ t̪
обучат	o b u t ʃ ə t̪
обучен	o b u t ʃ ɛ n
обучени	o b u t ʃ ɛ n i
обучените	o b u t ʃ ɛ n i t̪ ɛ
обучения	o b u t ʃ ɛ n i j ə
обучим	o b u t ʃ i m
обяснена	o̝ bʲ ɐ s n ɛ n ə
обяснения	o̝ bʲ ɐ s n ɛ n i j ə
обясни	o̝ bʲ ɐ s n i
обяснил	o̝ bʲ ɐ s n i ɫ
обяснила	o̝ bʲ ɐ s n i ɫ ə
обяснило	o̝ bʲ ɐ s n i ɫ o̝
обясним	o̝ bʲ ɐ s n i m
обясните	o̝ bʲ ɐ s n i t̪ ɛ
обясниха	o̝ bʲ ɐ s n i x ə
обясниш	o̝ bʲ ɐ s n i ʃ
обясня	o̝ bʲ ɐ s nʲ ɤ
обяснява	o̝ bʲ ɐ s nʲ a v ə
обяснявай	o̝ bʲ ɐ s nʲ a v ə j
обяснявайки	o̝ bʲ ɐ s nʲ a v ə j kʲ i
обяснявал	o̝ bʲ ɐ s nʲ a v ə ɫ
обяснявам	o̝ bʲ ɐ s nʲ a v ə m
обясняваме	o̝ bʲ ɐ s nʲ a v ə m ɛ
обясняване	o̝ bʲ ɐ s nʲ a v ə n ɛ
обяснявано	o̝ bʲ ɐ s nʲ a v ə n o̝
обясняват	o̝ bʲ ɐ s nʲ a v ə t̪
обясняваха	o̝ bʲ ɐ s nʲ a v ə x ə
обясняваш	o̝ bʲ ɐ s nʲ a v ə ʃ
обясняваше	o̝ bʲ ɐ s nʲ a v ə ʃ ɛ
обясняващи	o̝ bʲ ɐ s nʲ a v ə ʃ t̪ i
обяснят	o̝ bʲ ɐ s nʲ ɤ t̪
овен	o v ɛ n
овца	o f t͡s a
огледало	o ɡ l ɛ d a l o
огранича	o ɡ r ɐ n i t͡ʃ a
ограничавам	o ɡ r ɐ n i t͡ʃ a v ə m
ограничение	o ɡ r ə n i t͡ʃ ɛ n i ɛ
огън	ɔ ɡ ə n
одеяло	o d ɛ j a l o
одобрен	o̝ d̪ o b r ɛ n
одобрена	o̝ d̪ o b r ɛ n ə
одобрени	o̝ d̪ o b r ɛ n i
одобрените	o̝ d̪ o b r ɛ n i t̪ ɛ
одобреният	o̝ d̪ o b r ɛ n i j ə t̪
одобрено	o̝ d̪ o b r ɛ n o̝
одобри	o̝ d̪ o b r i
одобрила	o̝ d̪ o b r i ɫ ə
одобрили	o̝ d̪ o b r i l i
одобриха	o̝ d̪ o b r i x ə
одобрява	o̝ d̪ o b rʲ a v ə
одобрявали	o̝ d̪ o b rʲ a v ə l i
одобрявам	o̝ d̪ o b rʲ a v ə m
одобряването	o̝ d̪ o b rʲ a v ə n ɛ t̪ o̝
одобрявани	o̝ d̪ o b rʲ a v ə n i
одобряват	o̝ d̪ o b rʲ a v ə t̪
одобрявате	o̝ d̪ o b rʲ a v ə t̪ ɛ
одобряваш	o̝ d̪ o b rʲ a v ə ʃ
одобрят	o̝ d̪ o b rʲ ɤ t̪
озаглавен	o̝ z ə ɡ ɫ ɐ v ɛ n
озаглавена	o̝ z ə ɡ ɫ ɐ v ɛ n ə
озаглавено	o̝ z ə ɡ ɫ ɐ v ɛ n o̝
озаглавим	o̝ z ə ɡ ɫ ɐ v i m
озаглавиш	o̝ z ə ɡ ɫ ɐ v i ʃ
озадачава	o̝ z ə d̪ ɐ t ʃ a v ə
озадачаване	o̝ z ə d̪ ɐ t ʃ a v ə n ɛ
окрадат	o̝ k r ɐ d̪ ɤ t̪
олово	o l ɔ v o
омелата	o m ɛ ɫ ə t̪ ə
ометоха	o m ɛ t̪ o̝ x ə
онази	o n a z i
онакива	o n ɐ kʲ i v ə
оная	o n a j ə
онези	o n ɛ z i
онзи	ɔ n z i
ония	o n i j ə
онова	o n o v a
оня	ɔ nʲ ə
опасен	o p a s ɛ n
опасения	o p a s ɛ n i j ə
опечени	o p ɛ t ʃ ɛ n i
опира	o p i ɾ ə
опираме	o p i ɾ ə m ɛ
опираше	o p i ɾ ə ʃ ɛ
опит	ɔ p i t
опичането	o p i t ʃ ə n ɛ t̪ o̝
опра	o p r ɤ
опре	o p r ɛ
определи	o̝ p r ɛ d̪ ɛ l i
опрем	o p r ɛ m
опрени	o p r ɛ n i
опреш	o p r ɛ ʃ
опря	o p rʲ a
оргазъм	o r ɡ a z ə m
ориз	o r i s
оръжие	o r ɤ ʒ i ɛ
осиновявалата	o̝ s i n o vʲ a v ə ɫ ə t̪ ə
осиновяване	o̝ s i n o vʲ a v ə n ɛ
осми	ɔ s m i
остър	o s t ɤ r
отбождаше	o d̪ b ɔ ʒ d̪ ə ʃ ɛ
отведем	o̝ t̪ v ɛ d̪ ɛ m
отведен	o t̪ v ɛ d̪ ɛ n
отведена	o t̪ v ɛ d̪ ɛ n ə
отведени	o t̪ v ɛ d̪ ɛ n i
отвежда	o t̪ v ɛ ʒ d̪ ə
отвежданета	o t̪ v ɛ ʒ d̪ ə n ɛ t̪ ə
отвеждането	o t̪ v ɛ ʒ d̪ ə n ɛ t̪ o̝
отвеждаща	o t̪ v ɛ ʒ d̪ ə ʃ t̪ ə
отвела	o t̪ v ɛ ɫ ə
отвлечена	o t̪ v l ɛ t ʃ ɛ n ə
отвлечените	o t̪ v l ɛ t ʃ ɛ n i t̪ ɛ
отвлякоха	o t̪ v lʲ a k o̝ x ə
отвлякъл	o t̪ v lʲ a k ə ɫ
отечали	o̝ t̪ ɛ t ʃ a l i
отича	o t̪ i t ʃ ə
отичане	o t̪ i t ʃ ə n ɛ
отключвайте	o t̪ k lʲ u t ʃ v ə j t̪ ɛ
отключена	o t̪ k lʲ u t ʃ ɛ n ə
отключени	o t̪ k lʲ u t ʃ ɛ n i
отличен	o t l i t ʃ ɛ n
отмиралите	o t̪ m i ɾ ə l i t̪ ɛ
отмяна	ɔ t mʲ a n ə
отнеса	o̝ t̪ n ɛ s ɤ
отнесат	o̝ t̪ n ɛ s ɤ t̪
отнесем	o̝ t̪ n ɛ s ɛ m
отнесен	o t̪ n ɛ s ɛ n
отнесена	o t̪ n ɛ s ɛ n ə
отнесъл	o t̪ n ɛ s ə ɫ
отравяне	o t̪ r a vʲ ə n ɛ
отравянето	o t̪ r a vʲ ə n ɛ t̪ o̝
отравят	o t̪ r a vʲ ə t̪
отравяха	o t̪ r a vʲ ə x ə
отрека	o̝ t̪ r ɛ k ɤ
отрекли	o t̪ r ɛ k l i
отречена	o t̪ r ɛ t ʃ ɛ n ə
отрицателен	o t r i t s a t ɛ l ɛ n
отрича	o t̪ r i t ʃ ə
отричал	o t̪ r i t ʃ ə ɫ
отричам	o t̪ r i t ʃ ə m
отричане	o t̪ r i t ʃ ə n ɛ
отричани	o t̪ r i t ʃ ə n i
отричат	o t̪ r i t ʃ ə t̪
отричате	o t̪ r i t ʃ ə t̪ ɛ
отричаха	o t̪ r i t ʃ ə x ə
отричаше	o t̪ r i t ʃ ə ʃ ɛ
отричащ	o t̪ r i t ʃ ə ʃ t̪
отричащи	o t̪ r i t ʃ ə ʃ t̪ i
отрова	o t r ɔ v ə
отровен	o t̪ r ɔ v ɛ n
отровена	o t̪ r ɔ v ɛ n ə
отровени	o t̪ r ɔ v ɛ n i
отровите	o t̪ r ɔ v i t̪ ɛ
отсича	o t̪ s i t ʃ ə
отсичането	o t̪ s i t ʃ ə n ɛ t̪ o̝
отсичащи	o t̪ s i t ʃ ə ʃ t̪ i
отсъства	o t̪ s ɤ s t̪ v ə
отсъствал	o t̪ s ɤ s t̪ v ə ɫ
отсъствали	o t̪ s ɤ s t̪ v ə l i
отсъстват	o t̪ s ɤ s t̪ v ə t̪
отсъстваха	o t̪ s ɤ s t̪ v ə x ə
отсъстваше	o t̪ s ɤ s t̪ v ə ʃ ɛ
отсъстващ	o t̪ s ɤ s t̪ v ə ʃ t̪
отсъстваща	o t̪ s ɤ s t̪ v ə ʃ t̪ ə
отхапва	o t̪ x a p v ə
отчел	o t̪ t ʃ ɛ ɫ
отчела	o t̪ t ʃ ɛ ɫ ə
отчели	o t̪ t ʃ ɛ l i
отчета	o̝ t̪ t ʃ ɛ t̪ ɤ
отчетат	o t̪ t ʃ ɛ t̪ ə t̪
отчете	o t̪ t ʃ ɛ t̪ ɛ
отчетем	o t̪ t ʃ ɛ t̪ ɛ m
отчетен	o t̪ t ʃ ɛ t̪ ɛ n
отчетена	o t̪ t ʃ ɛ t̪ ɛ n ə
отчетени	o t̪ t ʃ ɛ t̪ ɛ n i
отчетените	o t̪ t ʃ ɛ t̪ ɛ n i t̪ ɛ
отчети	o̝ t̪ t ʃ ɛ t̪ i
отчетоха	o t̪ t ʃ ɛ t̪ o̝ x ə
оцветен	o̝ t͡s v ɛ t̪ ɛ n
оцелява	o̝ t͡s ɛ lʲ a v ə
оцеляване	o̝ t͡s ɛ lʲ a v ə n ɛ
оцеляването	o̝ t͡s ɛ lʲ a v ə n ɛ t̪ o̝
оцеляват	o̝ t͡s ɛ lʲ a v ə t̪
оцеляващи	o̝ t͡s ɛ lʲ a v ə ʃ t̪ i
очакванията	o t ʃ a k v ə n i j ə t̪ ə
очила	o t ʃ i l a
очистително	u t ʃ i s t i t ɛ l n ɔ
падам	p a d̪ ə m
падаме	p a d̪ ə m ɛ
падане	p a d̪ ə n ɛ
падането	p a d̪ ə n ɛ t̪ o̝
падат	p a d̪ ə t̪
падаш	p a d̪ ə ʃ
падаше	p a d̪ ə ʃ ɛ
падащи	p a d̪ ə ʃ t̪ i
падащите	p a d̪ ə ʃ t̪ i t̪ ɛ
падащия	p a d̪ ə ʃ t̪ i j ə
падне	p a d̪ n ɛ
паднем	p a d̪ n ɛ m
паднеш	p a d̪ n ɛ ʃ
палец	p a l ɛ t s
палка	p a l k ə
парадокс	p ə r ə d ɔ k s
парашут	p ə r ə ʃ u t
пасат	p ɐ s ɤ t̪
пасем	p ɐ s ɛ m
паси	p ɐ s i
патриарх	p ə t r i a r x
пенис	p ɛ n i s
пепел	p ɛ p ɛ l
пеперуда	p ɛ p ɛ r u d ə
пес	p ɛ s
песен	p ɛ s ɛ n
печал	p ɛ t ʃ a ɫ
пече	p ɛ t ʃ ɛ
печели	p ɛ t ʃ ɛ l i
печен	p ɛ t ʃ ɛ n
печене	p ɛ t ʃ ɛ n ɛ
печени	p ɛ t ʃ ɛ n i
печено	p ɛ t ʃ ɛ n o̝
пещера	p ɛ ʃ t ɛ r a
пи	p i
пие	p i ɛ
пиел	p i ɛ ɫ
пием	p i ɛ m
пиене	p i ɛ n ɛ
пиенето	p i ɛ n ɛ t̪ o̝
пиете	p i ɛ t̪ ɛ
пиехме	p i ɛ x m ɛ
пиеш	p i ɛ ʃ
пиеща	p i ɛ ʃ t̪ ə
пийте	p i j t̪ ɛ
пика	p i k a
пикая	p i k a j ə
пил	p i ɫ
пиле	p i l ɛ
пили	p i l i
писана	p i s ə n ə
писане	p i s ə n ɛ
писането	p i s ə n ɛ t̪ o
писани	p i s ə n i
писания	p i s ə n i j ə
писанията	p i s ə n i j ə t̪ ə
писано	p i s ə n o
писател	p i s a t ɛ l
писателка	p i s a t ɛ l k ə
писателстване	p i s a t̪ ɛ ɫ s t̪ v ə n ɛ
писмо	p i s m ɔ
пит	p i t̪
питай	p i t̪ ə j
питайки	p i t̪ ə j kʲ i
питайте	p i t̪ ə j t̪ ɛ
питам	p i t̪ ə m
питаме	p i t̪ ə m ɛ
питане	p i t̪ ə n ɛ
питането	p i t̪ ə n ɛ t̪ o̝
питат	p i t̪ ə t̪
питата	p i t̪ ə t̪ ə
питате	p i t̪ ə t̪ ɛ
питаш	p i t̪ ə ʃ
питаше	p i t̪ ə ʃ ɛ
питащ	p i t̪ ə ʃ t̪
питие	p i t i ɛ
пих	p i x
пиша	p i ʃ ə
пишат	p i ʃ ə t̪
пише	p i ʃ ɛ
пишете	p i ʃ ɛ t̪ ɛ
пишеха	p i ʃ ɛ x ə
пишехме	p i ʃ ɛ x m ɛ
пишеш	p i ʃ ɛ ʃ
пишеше	p i ʃ ɛ ʃ ɛ
пишещ	p i ʃ ɛ ʃ t̪
пишеща	p i ʃ ɛ ʃ t̪ ə
пишещи	p i ʃ ɛ ʃ t̪ i
пишещите	p i ʃ ɛ ʃ t̪ i t̪ ɛ
пиши	p i ʃ i
пия	p i j ə
пият	p i j ə t̪
плаж	p l a ʃ
планина	p l ə n i n a
платина	p l a t i n ɤ
плача	p ɫ a t ʃ ə
плачат	p ɫ a t ʃ ə t̪
плаче	p ɫ a t ʃ ɛ
плачем	p ɫ a t ʃ ɛ m
плачеха	p ɫ a t ʃ ɛ x ə
плачеш	p ɫ a t ʃ ɛ ʃ
плачеща	p ɫ a t ʃ ɛ ʃ t̪ ə
плачи	p ɫ ɐ t ʃ i
плашат	p ɫ a ʃ ə t̪
плашели	p ɫ a ʃ ɛ l i
плашене	p ɫ a ʃ ɛ n ɛ
плашех	p ɫ a ʃ ɛ x
плашеща	p ɫ a ʃ ɛ ʃ t̪ ə
плашещо	p ɫ a ʃ ɛ ʃ t̪ o̝
плащайте	p ɫ a ʃ t̪ ə j t̪ ɛ
плащам	p ɫ a ʃ t̪ ə m
плащаме	p ɫ a ʃ t̪ ə m ɛ
плащане	p ɫ a ʃ t̪ ə n ɛ
плащането	p ɫ a ʃ t̪ ə n ɛ t̪ o̝
плащани	p ɫ a ʃ t̪ ə n i
плащаните	p ɫ a ʃ t̪ ə n i t̪ ɛ
плащания	p ɫ a ʃ t̪ ə n i j ə
плащанията	p ɫ a ʃ t̪ ə n i j ə t̪ ə
плащано	p ɫ a ʃ t̪ ə n o̝
плащат	p ɫ a ʃ t̪ ə t̪
плащате	p ɫ a ʃ t̪ ə t̪ ɛ
плащаш	p ɫ a ʃ t̪ ə ʃ
плащаше	p ɫ a ʃ t̪ ə ʃ ɛ
плетат	p l ɛ t̪ ɤ t̪
плете	p l ɛ t̪ ɛ
плетена	p l ɛ t̪ ɛ n ə
плетене	p l ɛ t̪ ɛ n ɛ
плетени	p l ɛ t̪ ɛ n i
плетящата	p l ɛ tʲ a ʃ t̪ ə t̪ ə
плод	p l ɔ t
плутоний	p l u t ɔ n i j
плътен	p l ɤ t e n
победа	p o b ɛ d ə
победени	p o̝ b ɛ d̪ ɛ n i
победените	p o̝ b ɛ d̪ ɛ n i t̪ ɛ
победила	p o̝ b ɛ d̪ i ɫ ə
победилите	p o̝ b ɛ d̪ i l i t̪ ɛ
победим	p o̝ b ɛ d̪ i m
победиха	p o̝ b ɛ d̪ i x ə
победихме	p o̝ b ɛ d̪ i x m ɛ
победят	p o̝ b ɛ dʲ ɤ t̪
побеждава	p o̝ b ɛ ʒ d̪ a v ə
побеждавайки	p o̝ b ɛ ʒ d̪ a v ə j kʲ i
побеждаваните	p o̝ b ɛ ʒ d̪ a v ə n i t̪ ɛ
поведение	p o v ɛ d ɛ n i ɛ
повежда	p o v ɛ ʒ d̪ ə
повляклата	p o v lʲ a k ɫ ə t̪ ə
повторил	p o f t̪ ɔ ɾ i ɫ
повторили	p o f t̪ ɔ ɾ i l i
повторя	p o f t̪ ɔ rʲ ə
повярва	p o vʲ a r v ə
повярвай	p o vʲ a r v ə j
повярвайте	p o vʲ a r v ə j t̪ ɛ
повярвал	p o vʲ a r v ə ɫ
повярвала	p o vʲ a r v ə ɫ ə
повярвали	p o vʲ a r v ə l i
повярвам	p o vʲ a r v ə m
повярваме	p o vʲ a r v ə m ɛ
повярват	p o vʲ a r v ə t̪
повярвах	p o vʲ a r v ə x
повярваха	p o vʲ a r v ə x ə
повярвахме	p o vʲ a r v ə x m ɛ
повярваш	p o vʲ a r v ə ʃ
погледна	p o ɡ l ɛ d̪ n ə
погледналата	p o ɡ l ɛ d̪ n ə ɫ ə t̪ ə
погледнат	p o ɡ l ɛ d̪ n ə t̪
погледнато	p o ɡ l ɛ d̪ n ə t̪ o̝
погледнах	p o ɡ l ɛ d̪ n ə x
погледнахме	p o ɡ l ɛ d̪ n ə x m ɛ
погледне	p o ɡ l ɛ d̪ n ɛ
погледнем	p o ɡ l ɛ d̪ n ɛ m
погледнеш	p o ɡ l ɛ d̪ n ɛ ʃ
погледни	p o̝ ɡ l ɛ d̪ n i
поглежда	p o ɡ l ɛ ʒ d̪ ə
поглеждало	p o ɡ l ɛ ʒ d̪ ə ɫ o̝
поглеждаме	p o ɡ l ɛ ʒ d̪ ə m ɛ
поглеждаха	p o ɡ l ɛ ʒ d̪ ə x ə
поглеждаш	p o ɡ l ɛ ʒ d̪ ə ʃ
погребала	p o ɡ r ɛ b ə ɫ ə
погребан	p o ɡ r ɛ b ə n
погребаха	p o ɡ r ɛ b ə x ə
погребването	p o ɡ r ɛ b v ə n ɛ t̪ o̝
погребе	p o̝ ɡ r ɛ b ɛ
погребем	p o̝ ɡ r ɛ b ɛ m
погреби	p o̝ ɡ r ɛ b i
подведена	p o d̪ v ɛ d̪ ɛ n ə
подведени	p o d̪ v ɛ d̪ ɛ n i
подведете	p o̝ d̪ v ɛ d̪ ɛ t̪ ɛ
подведоха	p o d̪ v ɛ d̪ o̝ x ə
поддръжка	p ɔ d d r ə ʃ k ɑ
подклажда	p o t̪ k ɫ a ʒ d̪ ə
подклаждаха	p o t̪ k ɫ a ʒ d̪ ə x ə
подкупите	p o t̪ k u p i t̪ ɛ
подкупиха	p o t̪ k u p i x ə
подкупихме	p o t̪ k u p i x m ɛ
подмета	p o̝ d̪ m ɛ t̪ ɤ
подметяло	p o̝ d̪ m ɛ tʲ a ɫ o̝
поднесен	p o d̪ n ɛ s ɛ n
поднесена	p o d̪ n ɛ s ɛ n ə
поднесени	p o d̪ n ɛ s ɛ n i
поднесли	p o d̪ n ɛ s l i
поднесло	p o d̪ n ɛ s ɫ o̝
поднесоха	p o d̪ n ɛ s o̝ x ə
поднесъл	p o d̪ n ɛ s ə ɫ
подобен	p o d ɔ b ɛ n
подобрена	p o̝ d̪ o b r ɛ n ə
подобрени	p o̝ d̪ o b r ɛ n i
подобрените	p o̝ d̪ o b r ɛ n i t̪ ɛ
подобрения	p o̝ d̪ o b r ɛ n i j ə
подобрено	p o̝ d̪ o b r ɛ n o̝
подобреното	p o̝ d̪ o b r ɛ n o̝ t̪ o̝
подобри	p o̝ d̪ o b r i
подобрим	p o̝ d̪ o b r i m
подобрите	p o̝ d̪ o b r i t̪ ɛ
подобряване	p o̝ d̪ o b rʲ a v ə n ɛ
подобряването	p o̝ d̪ o b rʲ a v ə n ɛ t̪ o̝
подобрят	p o̝ d̪ o b rʲ ɤ t̪
подписа	p o t̪ p i s ə
подписал	p o t̪ p i s ə ɫ
подписали	p o t̪ p i s ə l i
подписан	p o t̪ p i s ə n
подписана	p o t̪ p i s ə n ə
подписани	p o t̪ p i s ə n i
подписаните	p o t̪ p i s ə n i t̪ ɛ
подписания	p o t̪ p i s ə n i j ə
подписано	p o t̪ p i s ə n o̝
подписаното	p o t̪ p i s ə n o̝ t̪ o̝
подписах	p o t̪ p i s ə x
подписаха	p o t̪ p i s ə x ə
подписахме	p o t̪ p i s ə x m ɛ
подписване	p o t̪ p i s v ə n ɛ
подписването	p o t̪ p i s v ə n ɛ t̪ o̝
подпишат	p o t̪ p i ʃ ə t̪
подпише	p o t̪ p i ʃ ɛ
подпишем	p o t̪ p i ʃ ɛ m
подпиши	p o̝ t̪ p i ʃ i
подробен	p o d r ɔ b ɛ n
подслушва	p o t̪ s ɫ u ʃ v ə
подслушван	p o t̪ s ɫ u ʃ v ə n
подслушване	p o t̪ s ɫ u ʃ v ə n ɛ
подслушването	p o t̪ s ɫ u ʃ v ə n ɛ t̪ o̝
подслушват	p o t̪ s ɫ u ʃ v ə t̪
подчертава	p o̝ t̪ t ʃ ɛ r t̪ a v ə
подчертавайки	p o̝ t̪ t ʃ ɛ r t̪ a v ə j kʲ i
пожар	p o ʒ a r
ползвайки	p ɔ ɫ z v ə j kʲ i
ползвам	p ɔ ɫ z v ə m
ползваме	p ɔ ɫ z v ə m ɛ
ползван	p ɔ ɫ z v ə n
ползвана	p ɔ ɫ z v ə n ə
ползване	p ɔ ɫ z v ə n ɛ
ползването	p ɔ ɫ z v ə n ɛ t̪ o̝
ползвани	p ɔ ɫ z v ə n i
ползвания	p ɔ ɫ z v ə n i j ə
ползват	p ɔ ɫ z v ə t̪
ползвате	p ɔ ɫ z v ə t̪ ɛ
ползваш	p ɔ ɫ z v ə ʃ
ползваше	p ɔ ɫ z v ə ʃ ɛ
ползващи	p ɔ ɫ z v ə ʃ t̪ i
политика	p ɔ l i t i k ə
полковник	p o l k ɔ v n i k
половина	p ɔ l u v i n ə
полувреме	p o l u v r ɛ m ɛ
полудели	p o̝ ɫ o d̪ ɛ l i
полуделия	p o̝ ɫ o d̪ ɛ l i j ə
полудя	p o̝ ɫ o dʲ a
полудяване	p o̝ ɫ o dʲ a v ə n ɛ
полудяват	p o̝ ɫ o dʲ a v ə t̪
полудяваш	p o̝ ɫ o dʲ a v ə ʃ
помагам	p o m a ɡ ə m
помагаме	p o m a ɡ ə m ɛ
помагат	p o m a ɡ ə t̪
помагаше	p o m a ɡ ə ʃ ɛ
помагащо	p o m a ɡ ə ʃ t̪ o̝
помитаща	p o m i t̪ ə ʃ t̪ ə
помогнат	p o m ɔ ɡ n ə t̪
помогнем	p o m ɔ ɡ n ɛ m
помощ	p ɔ m o ʃ t
понавлезех	p o̝ n ɐ v l ɛ z ɛ x
понапичащата	p o̝ n ɐ p i t ʃ ə ʃ t̪ ə t̪ ə
понесат	p o̝ n ɛ s ɤ t̪
понесена	p o n ɛ s ɛ n ə
понесли	p o n ɛ s l i
понесъл	p o n ɛ s ə ɫ
поопекох	p o̝ o p ɛ k o̝ x
поотечех	p o̝ o̝ t̪ ɛ t ʃ ɛ x
поп	p ɔ p
попитам	p o p i t̪ ə m
порнография	p o r n o ɡ r a f i j ə
посетен	p o̝ s ɛ t̪ ɛ n
посетени	p o̝ s ɛ t̪ ɛ n i
посетете	p o̝ s ɛ t̪ ɛ t̪ ɛ
посети	p o̝ s ɛ t̪ i
посетили	p o̝ s ɛ t̪ i l i
посетих	p o̝ s ɛ t̪ i x
посетиха	p o̝ s ɛ t̪ i x ə
посетиш	p o̝ s ɛ t̪ i ʃ
посетят	p o̝ s ɛ tʲ ɤ t̪
посещава	p o̝ s ɛ ʃ t̪ a v ə
посещавайки	p o̝ s ɛ ʃ t̪ a v ə j kʲ i
посещавал	p o̝ s ɛ ʃ t̪ a v ə ɫ
посещавам	p o̝ s ɛ ʃ t̪ a v ə m
посещаваме	p o̝ s ɛ ʃ t̪ a v ə m ɛ
посещават	p o̝ s ɛ ʃ t̪ a v ə t̪
после	p ɔ s l ɛ
построен	p o̝ s t̪ r o ɛ n
построена	p o̝ s t̪ r o ɛ n ə
построената	p o̝ s t̪ r o ɛ n ə t̪ ə
построени	p o̝ s t̪ r o ɛ n i
построено	p o̝ s t̪ r o ɛ n o̝
построи	p o̝ s t̪ r o i
построил	p o̝ s t̪ r o i ɫ
построим	p o̝ s t̪ r o i m
построиха	p o̝ s t̪ r o i x ə
построиш	p o̝ s t̪ r o i ʃ
постройте	p o s t̪ r ɔ j t̪ ɛ
построява	p o̝ s t̪ r o j a v ə
построяване	p o̝ s t̪ r o j a v ə n ɛ
построяването	p o̝ s t̪ r o j a v ə n ɛ t̪ o̝
построяванията	p o̝ s t̪ r o j a v ə n i j ə t̪ ə
построят	p o̝ s t̪ r o j ɤ t̪
посъветва	p o̝ s ɐ v ɛ t̪ v ə
посъветвайте	p o̝ s ɐ v ɛ t̪ v ə j t̪ ɛ
посъветвали	p o̝ s ɐ v ɛ t̪ v ə l i
посъветваме	p o̝ s ɐ v ɛ t̪ v ə m ɛ
потекат	p o̝ t̪ ɛ k ɤ t̪
потекло	p o t̪ ɛ k ɫ o̝
потечех	p o̝ t̪ ɛ t ʃ ɛ x
потичалият	p o t̪ i t ʃ ə l i j ə t̪
потичащи	p o t̪ i t ʃ ə ʃ t̪ i
потресен	p o t̪ r ɛ s ɛ n
потресени	p o t̪ r ɛ s ɛ n i
потресените	p o t̪ r ɛ s ɛ n i t̪ ɛ
потушен	p o̝ t̪ o ʃ ɛ n
потушени	p o̝ t̪ o ʃ ɛ n i
потушили	p o̝ t̪ o ʃ i l i
потъва	p o t̪ ɤ v ə
потъвал	p o t̪ ɤ v ə ɫ
потъвам	p o t̪ ɤ v ə m
потъването	p o t̪ ɤ v ə n ɛ t̪ o̝
потъват	p o t̪ ɤ v ə t̪
потъна	p o t̪ ɤ n ə
потънал	p o t̪ ɤ n ə ɫ
потъналата	p o t̪ ɤ n ə ɫ ə t̪ ə
потънали	p o t̪ ɤ n ə l i
потъналите	p o t̪ ɤ n ə l i t̪ ɛ
потънат	p o t̪ ɤ n ə t̪
почита	p o t ʃ i t̪ ə
почитане	p o t ʃ i t̪ ə n ɛ
почитания	p o t ʃ i t̪ ə n i j ə
почитат	p o t ʃ i t̪ ə t̪
почнат	p ɔ t ʃ n ə t̪
почне	p ɔ t ʃ n ɛ
почнем	p ɔ t ʃ n ɛ m
почнеш	p ɔ t ʃ n ɛ ʃ
правителство	p r ə v i t ɛ l s t v o
правопис	p r ə v o p i s
прадеди	p r a d ɛ d i
пращаната	p r a ʃ t̪ ə n ə t̪ ə
пращат	p r a ʃ t̪ ə t̪
пращаш	p r a ʃ t̪ ə ʃ
преведа	p r ɛ v ɛ d̪ ɤ
преведат	p r ɛ v ɛ d̪ ɤ t̪
преведе	p r ɛ v ɛ d̪ ɛ
преведени	p r ɛ v ɛ d̪ ɛ n i
преведените	p r ɛ v ɛ d̪ ɛ n i t̪ ɛ
преведено	p r ɛ v ɛ d̪ ɛ n o̝
превежда	p r ɛ v ɛ ʒ d̪ ə
превеждам	p r ɛ v ɛ ʒ d̪ ə m
превеждаме	p r ɛ v ɛ ʒ d̪ ə m ɛ
превеждане	p r ɛ v ɛ ʒ d̪ ə n ɛ
превеждат	p r ɛ v ɛ ʒ d̪ ə t̪
превел	p r ɛ v ɛ ɫ
превело	p r ɛ v ɛ ɫ o̝
преводачка	p r ɛ v o d a t ʃ k ə
прегърна	p r ɛ ɡ ɤ r n ə
прегърнали	p r ɛ ɡ ɤ r n ə l i
прегърнат	p r ɛ ɡ ɤ r n ə t̪
прегърнаха	p r ɛ ɡ ɤ r n ə x ə
предели	p r ɛ d̪ ɛ l i
преден	p r ɛ d̪ ɛ n
преди	p r ɛ d̪ i
преднина	p r ɛ d n i n a
предрекоха	p r ɛ d̪ r ɛ k o̝ x ə
предрече	p r ɛ d̪ r ɛ t ʃ ɛ
предречено	p r ɛ d̪ r ɛ t ʃ ɛ n o̝
предскаже	p r ɛ t̪ s k a ʒ ɛ
предсказалия	p r ɛ t̪ s k a z ə l i j ə
предсказан	p r ɛ t̪ s k a z ə n
предсказаният	p r ɛ t̪ s k a z ə n i j ə t̪
предупредени	p r ɛ d̪ o̝ p r ɛ d̪ ɛ n i
предупредете	p r ɛ d̪ o̝ p r ɛ d̪ ɛ t̪ ɛ
предупреди	p r ɛ d̪ o̝ p r ɛ d̪ i
предупредил	p r ɛ d̪ o̝ p r ɛ d̪ i ɫ
предупредили	p r ɛ d̪ o̝ p r ɛ d̪ i l i
предупредиха	p r ɛ d̪ o̝ p r ɛ d̪ i x ə
предупредя	p r ɛ d̪ o̝ p r ɛ dʲ ɤ
предупредят	p r ɛ d̪ o̝ p r ɛ dʲ ɤ t̪
предупреждава	p r ɛ d̪ o̝ p r ɛ ʒ d̪ a v ə
предупреждавал	p r ɛ d̪ o̝ p r ɛ ʒ d̪ a v ə ɫ
предупреждавало	p r ɛ d̪ o̝ p r ɛ ʒ d̪ a v ə ɫ o̝
предупреждават	p r ɛ d̪ o̝ p r ɛ ʒ d̪ a v ə t̪
предупреждаващ	p r ɛ d̪ o̝ p r ɛ ʒ d̪ a v ə ʃ t̪
преживее	p r ɛ ʒ i v ɛ ɛ
преживели	p r ɛ ʒ i v ɛ l i
преживени	p r ɛ ʒ i v ɛ n i
преживеят	p r ɛ ʒ i v ɛ j ə t̪
преживява	p r ɛ ʒ i vʲ a v ə
преживявали	p r ɛ ʒ i vʲ a v ə l i
преживяваме	p r ɛ ʒ i vʲ a v ə m ɛ
преживяване	p r ɛ ʒ i vʲ a v ə n ɛ
преживяването	p r ɛ ʒ i vʲ a v ə n ɛ t̪ o̝
преживявания	p r ɛ ʒ i vʲ a v ə n i j ə
преживяванията	p r ɛ ʒ i vʲ a v ə n i j ə t̪ ə
преживяват	p r ɛ ʒ i vʲ a v ə t̪
преживяваше	p r ɛ ʒ i vʲ a v ə ʃ ɛ
преживял	p r ɛ ʒ i vʲ a ɫ
преживяла	p r ɛ ʒ i vʲ a ɫ ə
преживяна	p r ɛ ʒ i vʲ a n ə
преживяното	p r ɛ ʒ i vʲ a n o̝ t̪ o̝
презирайте	p r ɛ z i ɾ ə j t̪ ɛ
презират	p r ɛ z i ɾ ə t̪
прекрасен	p r ɛ k r a s ɛ n
прелъстен	p r ɛ ɫ ɐ s t̪ ɛ n
прелъсти	p r ɛ ɫ ɐ s t̪ i
прелъстят	p r ɛ ɫ ɐ s tʲ ɤ t̪
премрем	p r ɛ m r ɛ m
пренесат	p r ɛ n ɛ s ɤ t̪
пренесе	p r ɛ n ɛ s ɛ
пренесена	p r ɛ n ɛ s ɛ n ə
пренесени	p r ɛ n ɛ s ɛ n i
пренесено	p r ɛ n ɛ s ɛ n o̝
пренесли	p r ɛ n ɛ s l i
пренесохме	p r ɛ n ɛ s o̝ x m ɛ
препечени	p r ɛ p ɛ t ʃ ɛ n i
препичалия	p r ɛ p i t ʃ ə l i j ə
препичалото	p r ɛ p i t ʃ ə ɫ o̝ t̪ o̝
преподавател	p r ɛ p o d ə v a t ɛ l
преподавателка	p r ɛ p o d ə v a t ɛ l k ə
преподавателски	p r ɛ p o d ə v a t ɛ l s kʲ i
препоръча	p r ɛ p o r ɤ t ʃ ə
препоръчам	p r ɛ p o r ɤ t ʃ ə m
препоръчана	p r ɛ p o r ɤ t ʃ ə n ə
препоръчано	p r ɛ p o r ɤ t ʃ ə n o̝
препоръчат	p r ɛ p o r ɤ t ʃ ə t̪
препоръчах	p r ɛ p o r ɤ t ʃ ə x
препоръчва	p r ɛ p o r ɤ t ʃ v ə
препоръчване	p r ɛ p o r ɤ t ʃ v ə n ɛ
препоръчват	p r ɛ p o r ɤ t ʃ v ə t̪
препоръчвате	p r ɛ p o r ɤ t ʃ v ə t̪ ɛ
препрочета	p r ɛ p r o̝ t ʃ ɛ t̪ ɤ
препрочетеш	p r ɛ p r o̝ t ʃ ɛ t̪ ɛ ʃ
препрочитам	p r ɛ p r o t ʃ i t̪ ə m
пресен	p r ɛ s ɛ n
принасяте	p r i n a sʲ ə t̪ ɛ
принуден	p r i n u d̪ ɛ n
принудена	p r i n u d̪ ɛ n ə
принудени	p r i n u d̪ ɛ n i
принудил	p r i n u d̪ i ɫ
принудила	p r i n u d̪ i ɫ ə
принудило	p r i n u d̪ i ɫ o̝
принудим	p r i n u d̪ i m
принудиха	p r i n u d̪ i x ə
принудихме	p r i n u d̪ i x m ɛ
принуждава	p r i n o ʒ d̪ a v ə
принуждавали	p r i n o ʒ d̪ a v ə l i
принуждавани	p r i n o ʒ d̪ a v ə n i
принуждават	p r i n o ʒ d̪ a v ə t̪
припадам	p r i p a d̪ ə m
припаднал	p r i p a d̪ n ə ɫ
припадналия	p r i p a d̪ n ə l i j ə
припаднеше	p r i p a d̪ n ɛ ʃ ɛ
пристига	p r i s t̪ i ɡ ə
пристигаме	p r i s t̪ i ɡ ə m ɛ
пристигането	p r i s t̪ i ɡ ə n ɛ t̪ o̝
пристигат	p r i s t̪ i ɡ ə t̪
пристигна	p r i s t̪ i ɡ n ə
пристигнал	p r i s t̪ i ɡ n ə ɫ
пристигнала	p r i s t̪ i ɡ n ə ɫ ə
пристигнали	p r i s t̪ i ɡ n ə l i
пристигнало	p r i s t̪ i ɡ n ə ɫ o̝
пристигнат	p r i s t̪ i ɡ n ə t̪
пристигнах	p r i s t̪ i ɡ n ə x
пристигнаха	p r i s t̪ i ɡ n ə x ə
пристигнахме	p r i s t̪ i ɡ n ə x m ɛ
пристигне	p r i s t̪ i ɡ n ɛ
присъства	p r i s ɤ s t̪ v ə
присъствал	p r i s ɤ s t̪ v ə ɫ
присъствали	p r i s ɤ s t̪ v ə l i
присъстваме	p r i s ɤ s t̪ v ə m ɛ
присъстват	p r i s ɤ s t̪ v ə t̪
присъстваха	p r i s ɤ s t̪ v ə x ə
присъстваше	p r i s ɤ s t̪ v ə ʃ ɛ
присъстваща	p r i s ɤ s t̪ v ə ʃ t̪ ə
присъстващи	p r i s ɤ s t̪ v ə ʃ t̪ i
присъстващите	p r i s ɤ s t̪ v ə ʃ t̪ i t̪ ɛ
причинен	p r i t ʃ i n ɛ n
причинена	p r i t ʃ i n ɛ n ə
причинени	p r i t ʃ i n ɛ n i
причинените	p r i t ʃ i n ɛ n i t̪ ɛ
причинено	p r i t ʃ i n ɛ n o̝
причини	p r i t ʃ i n i
причинил	p r i t ʃ i n i ɫ
причинили	p r i t ʃ i n i l i
причинило	p r i t ʃ i n i ɫ o̝
причините	p r i t ʃ i n i t̪ ɛ
приятел	p r i j a t ɛ l
приятелка	p r i j a t ɛ l k ə
провиращият	p r o v i ɾ ə ʃ t̪ i j ə t̪
продава	p r o d̪ a v ə
продавай	p r o d̪ a v ə j
продавайки	p r o d̪ a v ə j kʲ i
продавал	p r o d̪ a v ə ɫ
продавали	p r o d̪ a v ə l i
продавам	p r o d̪ a v ə m
продаваме	p r o d̪ a v ə m ɛ
продаването	p r o d̪ a v ə n ɛ t̪ o̝
продаваните	p r o d̪ a v ə n i t̪ ɛ
продават	p r o d̪ a v ə t̪
продавате	p r o d̪ a v ə t̪ ɛ
продаваш	p r o d̪ a v ə ʃ
продаваше	p r o d̪ a v ə ʃ ɛ
продаващи	p r o d̪ a v ə ʃ t̪ i
продадат	p r o d̪ ə d̪ ɤ t̪
продадели	p r o d̪ ə d̪ ɛ l i
продадем	p r o d̪ ə d̪ ɛ m
продаден	p r o d̪ a d̪ ɛ n
продадени	p r o d̪ a d̪ ɛ n i
продадено	p r o d̪ a d̪ ɛ n o
продаденото	p r o d̪ a d̪ ɛ n o t̪ o
продадоха	p r o d̪ a d̪ o x ə
продайте	p r o d̪ a j t̪ ɛ
продан	p r ɔ d ə n
продължа	p r o̝ d̪ ɐ ɫ ʒ ɤ
продължава	p r o̝ d̪ ɐ ɫ ʒ a v ə
продължавай	p r o̝ d̪ ɐ ɫ ʒ a v ə j
продължавайки	p r o̝ d̪ ɐ ɫ ʒ a v ə j kʲ i
продължавайте	p r o̝ d̪ ɐ ɫ ʒ a v ə j t̪ ɛ
продължавал	p r o̝ d̪ ɐ ɫ ʒ a v ə ɫ
продължавали	p r o̝ d̪ ɐ ɫ ʒ a v ə l i
продължавам	p r o̝ d̪ ɐ ɫ ʒ a v ə m
продължаваме	p r o̝ d̪ ɐ ɫ ʒ a v ə m ɛ
продължаване	p r o̝ d̪ ɐ ɫ ʒ a v ə n ɛ
продължавано	p r o̝ d̪ ɐ ɫ ʒ a v ə n o̝
продължават	p r o̝ d̪ ɐ ɫ ʒ a v ə t̪
продължавате	p r o̝ d̪ ɐ ɫ ʒ a v ə t̪ ɛ
продължаваше	p r o̝ d̪ ɐ ɫ ʒ a v ə ʃ ɛ
продължаващата	p r o̝ d̪ ɐ ɫ ʒ a v ə ʃ t̪ ə t̪ ə
продължаващите	p r o̝ d̪ ɐ ɫ ʒ a v ə ʃ t̪ i t̪ ɛ
продължаващия	p r o̝ d̪ ɐ ɫ ʒ a v ə ʃ t̪ i j ə
продължат	p r o̝ d̪ ɐ ɫ ʒ ɤ t̪
продължена	p r o̝ d̪ ɐ ɫ ʒ ɛ n ə
продължено	p r o̝ d̪ ɐ ɫ ʒ ɛ n o̝
продължи	p r o̝ d̪ ɐ ɫ ʒ i
продължил	p r o̝ d̪ ɐ ɫ ʒ i ɫ
продължила	p r o̝ d̪ ɐ ɫ ʒ i ɫ ə
продължилата	p r o̝ d̪ ɐ ɫ ʒ i ɫ ə t̪ ə
продължили	p r o̝ d̪ ɐ ɫ ʒ i l i
продължило	p r o̝ d̪ ɐ ɫ ʒ i ɫ o̝
продължим	p r o̝ d̪ ɐ ɫ ʒ i m
продължите	p r o̝ d̪ ɐ ɫ ʒ i t̪ ɛ
продължиха	p r o̝ d̪ ɐ ɫ ʒ i x ə
продължихме	p r o̝ d̪ ɐ ɫ ʒ i x m ɛ
продължихте	p r o̝ d̪ ɐ ɫ ʒ i x t̪ ɛ
продължиш	p r o̝ d̪ ɐ ɫ ʒ i ʃ
прозира	p r o z i ɾ ə
прозираше	p r o z i ɾ ə ʃ ɛ
прозорец	p r o z ɔ r ɛ t͡s
прозрели	p r o z r ɛ l i
прозря	p r o z rʲ a
прозрял	p r o z rʲ a ɫ
произлиза	p r o̝ i z l i z ə
произлизат	p r o̝ i z l i z ə t̪
произлязъл	p r o̝ i z lʲ a z ə ɫ
произнася	p r o̝ i z n a sʲ ə
произнасялата	p r o̝ i z n a sʲ ə ɫ ə t̪ ə
произнасяне	p r o̝ i z n a sʲ ə n ɛ
произнасянето	p r o̝ i z n a sʲ ə n ɛ t̪ o̝
произнасят	p r o̝ i z n a sʲ ə t̪
произнесат	p r o̝ i z n ɛ s ɤ t̪
произнесе	p r o̝ i z n ɛ s ɛ
произнесем	p r o̝ i z n ɛ s ɛ m
произнесена	p r o̝ i z n ɛ s ɛ n ə
произнесли	p r o̝ i z n ɛ s l i
произнесоха	p r o̝ i z n ɛ s o̝ x ə
произнесохте	p r o̝ i z n ɛ s o̝ x t̪ ɛ
произнесъл	p r o̝ i z n ɛ s ə ɫ
произтекат	p r o̝ i s t̪ ɛ k ɤ t̪
произтича	p r o̝ i s t̪ i t ʃ ə
произтичал	p r o̝ i s t̪ i t ʃ ə ɫ
произтичат	p r o̝ i s t̪ i t ʃ ə t̪
произтичаща	p r o̝ i s t̪ i t ʃ ə ʃ t̪ ə
произтичащите	p r o̝ i s t̪ i t ʃ ə ʃ t̪ i t̪ ɛ
проклятие	p r o k lʲ a t i ɛ
пролет	p r ɔ l ɛ t
проницателен	p r o n i t͡s a t ɛ l ɛ n
простено	p r o s t̪ ɛ n o̝
простете	p r o s t̪ ɛ t̪ ɛ
прости	p r o s t̪ i
простира	p r o s t̪ i ɾ ə
простират	p r o s t̪ i ɾ ə t̪
простираше	p r o s t̪ i ɾ ə ʃ ɛ
простите	p r o s t̪ i t̪ ɛ
простят	p r o s tʲ ɤ t̪
протекат	p r o̝ t̪ ɛ k ɤ t̪
протекла	p r o t̪ ɛ k ɫ ə
протекъл	p r o t̪ ɛ k ə ɫ
противник	p r o t i v n i k
протича	p r o t̪ i t ʃ ə
протичане	p r o t̪ i t ʃ ə n ɛ
протичат	p r o t̪ i t ʃ ə t̪
протичащото	p r o t̪ i t ʃ ə ʃ t̪ o̝ t̪ o̝
прочита	p r o t ʃ i t̪ ə
прочитане	p r o t ʃ i t̪ ə n ɛ
прочитането	p r o t ʃ i t̪ ə n ɛ t̪ o̝
прощава	p r o ʃ t̪ a v ə
прощавайте	p r o ʃ t̪ a v ə j t̪ ɛ
прощавам	p r o ʃ t̪ a v ə m
прощаваме	p r o ʃ t̪ a v ə m ɛ
прощаване	p r o ʃ t̪ a v ə n ɛ
прощават	p r o ʃ t̪ a v ə t̪
прощавате	p r o ʃ t̪ a v ə t̪ ɛ
прощаваш	p r o ʃ t̪ a v ə ʃ
пръст	p r ɤ s t
пръчка	p r ɤ t ʃ k ə
птица	p t i t s ə
пшеница	p ʃ ɛ n i t͡s ə
пълен	p ɤ l ɛ n
първи	p ɤ r v i
пътувам	p ɐ t̪ u v ə m
пътуваме	p ɐ t̪ u v ə m ɛ
пътуване	p ɐ t̪ u v ə n ɛ
пътуването	p ɐ t̪ u v ə n ɛ t̪ o̝
пътуванията	p ɐ t̪ u v ə n i j ə t̪ ə
пътуват	p ɐ t̪ u v ə t̪
пътувате	p ɐ t̪ u v ə t̪ ɛ
пътуваш	p ɐ t̪ u v ə ʃ
пътуваше	p ɐ t̪ u v ə ʃ ɛ
пътуващ	p ɐ t̪ u v ə ʃ t̪
пътуващи	p ɐ t̪ u v ə ʃ t̪ i
пътуващите	p ɐ t̪ u v ə ʃ t̪ i t̪ ɛ
пътуващия	p ɐ t̪ u v ə ʃ t̪ i j ə
пътуващото	p ɐ t̪ u v ə ʃ t̪ o̝ t̪ o̝
пясък	pʲ a s ə k
работа	r a b o t ɐ
работя	r a b o tʲ ə
радий	r a d i j
разбера	r ə z b ɛ r ɤ
разберат	r ə z b ɛ r ɤ t̪
разбере	r ə z b ɛ r ɛ
разберем	r ə z b ɛ r ɛ m
разберете	r ə z b ɛ r ɛ t̪ ɛ
разбереш	r ə z b ɛ r ɛ ʃ
разбери	r ə z b ɛ r i
разбира	r ɐ z b i ɾ ə
разбирайте	r ɐ z b i ɾ ə j t̪ ɛ
разбирал	r ɐ z b i ɾ ə ɫ
разбирали	r ɐ z b i ɾ ə l i
разбирам	r ɐ z b i ɾ ə m
разбираме	r ɐ z b i ɾ ə m ɛ
разбиране	r ɐ z b i ɾ ə n ɛ
разбирането	r ɐ z b i ɾ ə n ɛ t̪ o̝
разбирания	r ɐ z b i ɾ ə n i j ə
разбирано	r ɐ z b i ɾ ə n o̝
разбират	r ɐ z b i ɾ ə t̪
разбирате	r ɐ z b i ɾ ə t̪ ɛ
разбираха	r ɐ z b i ɾ ə x ə
разбираш	r ɐ z b i ɾ ə ʃ
разбираше	r ɐ z b i ɾ ə ʃ ɛ
разболее	r ə z b o l ɛ ɛ
разболявал	r ə z b o lʲ a v ə ɫ
разболяването	r ə z b o lʲ a v ə n ɛ t̪ o̝
разболяват	r ə z b o lʲ a v ə t̪
разболяла	r ə z b o lʲ a ɫ ə
разболяло	r ə z b o lʲ a ɫ o̝
разболяха	r ə z b o lʲ a x ə
разбра	r ɐ z b r a
разбрал	r ɐ z b r a ɫ
разбрала	r ɐ z b r a ɫ ə
разбрали	r ɐ z b r a l i
разбран	r ɐ z b r a n
разбрана	r ɐ z b r a n ə
разбрано	r ɐ z b r a n o̝
разбрах	r ɐ z b r a x
разбраха	r ɐ z b r a x ə
разбрахме	r ɐ z b r a x m ɛ
разбрахте	r ɐ z b r a x t̪ ɛ
раздяла	r ə z dʲ a l ə
различен	r ə z l i t ʃ ɛ n
разлюбете	r ə z lʲ o b ɛ t̪ ɛ
разнася	r ɐ z n a sʲ ə
разнасяли	r ɐ z n a sʲ ə l i
разнасянето	r ɐ z n a sʲ ə n ɛ t̪ o̝
разнасят	r ɐ z n a sʲ ə t̪
разнасяха	r ɐ z n a sʲ ə x ə
разнесоха	r ɐ z n ɛ s o̝ x ə
разплакващо	r ɐ s p ɫ a k v ə ʃ t̪ o̝
разпростре	r ə s p r o s t̪ r ɛ
разпрострял	r ə s p r o s t̪ rʲ a ɫ
разрешително	r ə z r ɛ ʃ i t ɛ l n ɔ
разстрел	r ə s t r ɛ l
разум	r a z u m
разумен	r ə z u m ɛ n
разхожда	r ɐ s x ɔ ʒ d̪ ə
разхождали	r ɐ s x ɔ ʒ d̪ ə l i
разхождам	r ɐ s x ɔ ʒ d̪ ə m
разхождат	r ɐ s x ɔ ʒ d̪ ə t̪
разхождате	r ɐ s x ɔ ʒ d̪ ə t̪ ɛ
разхождаш	r ɐ s x ɔ ʒ d̪ ə ʃ
рай	r a i
рамо	r a m o
ранявай	r ɐ nʲ a v ə j
раняването	r ɐ nʲ a v ə n ɛ t̪ o̝
реален	r ɛ a l ɛ n
реалистичен	r ɛ ə l i s t i t ʃ ɛ n
реалност	r ɛ a l n o s t
река	r ɛ k ɤ
рекла	r ɛ k ɫ ə
рекъл	r ɛ k ə ɫ
реч	r ɛ t ʃ
рече	r ɛ t ʃ ɛ
речем	r ɛ t ʃ ɛ m
речете	r ɛ t ʃ ɛ t̪ ɛ
речеш	r ɛ t ʃ ɛ ʃ
речи	r ɛ t ʃ i
реша	r ɛ ʃ ɤ
решава	r ɛ ʃ a v ə
решавала	r ɛ ʃ a v ə ɫ ə
решавали	r ɛ ʃ a v ə l i
решавам	r ɛ ʃ a v ə m
решаваме	r ɛ ʃ a v ə m ɛ
решаване	r ɛ ʃ a v ə n ɛ
решаването	r ɛ ʃ a v ə n ɛ t̪ o̝
решаваните	r ɛ ʃ a v ə n i t̪ ɛ
решават	r ɛ ʃ a v ə t̪
решаваш	r ɛ ʃ a v ə ʃ
решаваше	r ɛ ʃ a v ə ʃ ɛ
решаващ	r ɛ ʃ a v ə ʃ t̪
решаваща	r ɛ ʃ a v ə ʃ t̪ ə
решаващи	r ɛ ʃ a v ə ʃ t̪ i
решаващия	r ɛ ʃ a v ə ʃ t̪ i j ə
решаващият	r ɛ ʃ a v ə ʃ t̪ i j ə t̪
решат	r ɛ ʃ ɤ t̪
решен	r ɛ ʃ ɛ n
решена	r ɛ ʃ ɛ n ə
решени	r ɛ ʃ ɛ n i
решения	r ɛ ʃ ɛ n i j ə
решено	r ɛ ʃ ɛ n o̝
реши	r ɛ ʃ i
решил	r ɛ ʃ i ɫ
решила	r ɛ ʃ i ɫ ə
решили	r ɛ ʃ i l i
решило	r ɛ ʃ i ɫ o̝
решим	r ɛ ʃ i m
решите	r ɛ ʃ i t̪ ɛ
решителен	r ɛ ʃ i t ɛ l ɛ n
реших	r ɛ ʃ i x
решиха	r ɛ ʃ i x ə
решихме	r ɛ ʃ i x m ɛ
родина	r ɔ d i n ə
рой	r ɔ j
ром	r ɔ m
ръжда	r ɤ ʒ d a
ръчен	r ɤ t ʃ ɛ n
самоубийство	s ə m ɔ o b i j s t̪ v ɔ
сантиметър	s ə n t i m ɛ t ə r
сапун	s ə p u n
сатурн	s a t u r n
свещ	s v ɛ ʃ t
свиня	s v i nʲ a
свирка	s f i r k a
свят	s vʲ a t
сграда	s ɡ r a d ə
север	s ɛ v ɛ r
северен	s ɛ v ɛ r ɛ n
северозапад	s ɛ v ɛ r o z a p ə t
северозападен	s ɛ v ɛ r o z a p ə d ɛ n
североизток	s ɛ v ɛ r o i s t o k
седейки	s ɛ d̪ ɛ j kʲ i
седели	s ɛ d̪ ɛ l i
седим	s ɛ d̪ i m
седми	s ɛ d m i
седнат	s ɛ d̪ n ə t̪
седне	s ɛ d̪ n ɛ
седнем	s ɛ d̪ n ɛ m
седнете	s ɛ d̪ n ɛ t̪ ɛ
седял	s ɛ dʲ a ɫ
седят	s ɛ dʲ ɤ t̪
седях	s ɛ dʲ a x
седяха	s ɛ dʲ a x ə
седящи	s ɛ dʲ a ʃ t̪ i
секат	s ɛ k ɤ t̪
секс	s ɛ k s
семе	s ɛ m ɛ
септември	s ɛ p t ɛ m v r i
септометър	s ɛ p t o m ɛ t ə r
серен	s ɛ r ɛ n
сериозен	s ɛ r i ɔ z ɛ n
сестра	s ɛ s t r a
сестрица	s ɛ s t r i t͡s ə
сестричка	s ɛ s t r i t ʃ k ə
сечена	s ɛ t ʃ ɛ n ə
сечени	s ɛ t ʃ ɛ n i
сечените	s ɛ t ʃ ɛ n i t̪ ɛ
си	s i
сигурен	s i ɡ u r ɛ n
сила	s i l ə
син	s i n
синьо	s i nʲ o
сирене	s i r ɛ n ɛ
скъп	s k ɤ p
славен	s l a v ɛ n
сладолед	s l a d ɔ l ɛ t
слезе	s l ɛ z ɛ
слива	s l i v ə
слиза	s l i z ə
слизалият	s l i z ə l i j ə t̪
слизане	s l i z ə n ɛ
слизането	s l i z ə n ɛ t̪ o̝
слизат	s l i z ə t̪
слизаш	s l i z ə ʃ
слизащата	s l i z ə ʃ t̪ ə t̪ ə
слой	s l ɔ j
слон	s l ɔ n
слушай	s ɫ u ʃ ə j
слушам	s ɫ u ʃ ə m
слушаме	s ɫ u ʃ ə m ɛ
слушане	s ɫ u ʃ ə n ɛ
слушат	s ɫ u ʃ ə t̪
слушате	s ɫ u ʃ ə t̪ ɛ
слушаш	s ɫ u ʃ ə ʃ
слънце	s l ɤ n t s ɛ
слязат	s lʲ a z ə t̪
слязла	s lʲ a z ɫ ə
слязъл	s lʲ a z ə ɫ
смажат	s m a ʒ ə t̪
смаже	s m a ʒ ɛ
смажи	s m ɐ ʒ i
смаза	s m a z ə
смазан	s m a z ə n
смазани	s m a z ə n i
смазаха	s m a z ə x ə
смазвате	s m a z v ə t̪ ɛ
смазващ	s m a z v ə ʃ t̪
смазващата	s m a z v ə ʃ t̪ ə t̪ ə
сме	s m ɛ
смел	s m ɛ l
смърт	s m ɤ r t
смяна	s mʲ a n ə
смях	s mʲ a x
снаха	s n ə x a
снесеният	s n ɛ s ɛ n i j ə t̪
сок	s ɔ k
сокол	s o k ɔ l
спа	s p a
спагети	s p ə ɡ ɛ t i
спали	s p a l i
спане	s p ə n ɛ
спасен	s p ɐ s ɛ n
спасена	s p ɐ s ɛ n ə
спасени	s p ɐ s ɛ n i
спасено	s p ɐ s ɛ n o̝
спаси	s p ɐ s i
спасил	s p ɐ s i ɫ
спасила	s p ɐ s i ɫ ə
спасили	s p ɐ s i l i
спасим	s p ɐ s i m
спасиха	s p ɐ s i x ə
спасиш	s p ɐ s i ʃ
спасява	s p ɐ sʲ a v ə
спасявай	s p ɐ sʲ a v ə j
спасявал	s p ɐ sʲ a v ə ɫ
спасявали	s p ɐ sʲ a v ə l i
спасяване	s p ɐ sʲ a v ə n ɛ
спасяването	s p ɐ sʲ a v ə n ɛ t̪ o̝
спасявания	s p ɐ sʲ a v ə n i j ə
спасяват	s p ɐ sʲ a v ə t̪
спасят	s p ɐ sʲ ɤ t̪
спели	s p ɛ l i
спестени	s p ɛ s t̪ ɛ n i
спестете	s p ɛ s t̪ ɛ t̪ ɛ
спести	s p ɛ s t̪ i
спестила	s p ɛ s t̪ i ɫ ə
спестим	s p ɛ s t̪ i m
спестиха	s p ɛ s t̪ i x ə
спестиш	s p ɛ s t̪ i ʃ
спестя	s p ɛ s tʲ ɤ
спестят	s p ɛ s tʲ ɤ t̪
спете	s p ɛ t̪ ɛ
спи	s p i
спира	s p i ɾ ə
спирайте	s p i ɾ ə j t̪ ɛ
спирала	s p i ɾ ə ɫ ə
спирали	s p i ɾ ə l i
спирам	s p i ɾ ə m
спираме	s p i ɾ ə m ɛ
спиране	s p i ɾ ə n ɛ
спирането	s p i ɾ ə n ɛ t̪ o̝
спирания	s p i ɾ ə n i j ə
спират	s p i ɾ ə t̪
спирахме	s p i ɾ ə x m ɛ
спираш	s p i ɾ ə ʃ
спираше	s p i ɾ ə ʃ ɛ
спиращи	s p i ɾ ə ʃ t̪ i
спорен	s p ɔ r ɛ n
способен	s p o s ɔ b ɛ n
спра	s p r ɤ
спрат	s p r ɤ t̪
спре	s p r ɛ
спрели	s p r ɛ l i
спрелите	s p r ɛ l i t̪ ɛ
спрем	s p r ɛ m
спрени	s p r ɛ n i
спрените	s p r ɛ n i t̪ ɛ
спрете	s p r ɛ t̪ ɛ
спреш	s p r ɛ ʃ
спря	s p rʲ a
спрял	s p rʲ a ɫ
спряла	s p rʲ a ɫ ə
спряло	s p rʲ a ɫ o
спрян	s p rʲ a n
спряна	s p rʲ a n ə
спряно	s p rʲ a n o
спрях	s p rʲ a x
спряха	s p rʲ a x ə
спряхме	s p rʲ a x m ɛ
спя	s pʲ ɤ
спят	s pʲ ɤ t̪
спяха	s pʲ a x ə
спящата	s pʲ a ʃ t̪ ə t̪ ə
спящия	s pʲ a ʃ t̪ i j ə
сравнява	s r ɐ v nʲ a v ə
сравнявам	s r ɐ v nʲ a v ə m
сравняваме	s r ɐ v nʲ a v ə m ɛ
сравняване	s r ɐ v nʲ a v ə n ɛ
сравняват	s r ɐ v nʲ a v ə t̪
сражение	s r ə ʒ ɛ n i ɛ
сребро	s r ɛ b r ɔ
сребърен	s r ɛ b ə r ɛ n
срещаме	s r ɛ ʃ t̪ ə m ɛ
срещана	s r ɛ ʃ t̪ ə n ə
срещането	s r ɛ ʃ t̪ ə n ɛ t̪ o̝
срещани	s r ɛ ʃ t̪ ə n i
срещаните	s r ɛ ʃ t̪ ə n i t̪ ɛ
срещано	s r ɛ ʃ t̪ ə n o̝
срещат	s r ɛ ʃ t̪ ə t̪
срещнат	s r ɛ ʃ n ə t̪
срещне	s r ɛ ʃ n ɛ
срещнем	s r ɛ ʃ n ɛ m
срещнеш	s r ɛ ʃ n ɛ ʃ
сръбски	s r ɤ p s k i
сръчност	s r ɤ t ʃ n o s t
стадион	s t ə d i ɔ n
стан	s t a n
стандарт	s t ə n d a r t
стар	s t a r
стая	s t a j ə
сте	s t̪ ɛ
стомана	s t o m a n ə
стомах	s t o m a x
страдание	s t r ɐ d a n i e
строен	s t̪ r o ɛ n
строена	s t̪ r o ɛ n ə
строенето	s t̪ r o ɛ n ɛ t̪ o̝
строеше	s t̪ r o ɛ ʃ ɛ
строи	s t̪ r o i
строили	s t̪ r o i l i
строим	s t̪ r o i m
строиха	s t̪ r o i x ə
строй	s t̪ r ɔ j
строят	s t̪ r o j ɤ t̪
строяха	s t̪ r o j a x ə
стряха	s t rʲ a x ə
студ	s t u t
студент	s t u d ɛ n t
студентка	s t u d ɛ n t k ə
стъпало	s t ə p a l o
сушен	s o ʃ ɛ n
сушени	s o ʃ ɛ n i
схватка	s x v a t̪ k ə
счупва	s t ʃ u p v ə
счупване	s t ʃ u p v ə n ɛ
счупен	s t ʃ u p ɛ n
счупена	s t ʃ u p ɛ n ə
счупени	s t ʃ u p ɛ n i
счупените	s t ʃ u p ɛ n i t̪ ɛ
счупите	s t ʃ u p i t̪ ɛ
счупиха	s t ʃ u p i x ə
счупиш	s t ʃ u p i ʃ
счупят	s t ʃ u pʲ ə t̪
събрат	s ə b r a t
събудени	s ɐ b u d̪ ɛ n i
събудеше	s ɐ b u d̪ ɛ ʃ ɛ
събудили	s ɐ b u d̪ i l i
събудилите	s ɐ b u d̪ i l i t̪ ɛ
събудим	s ɐ b u d̪ i m
събудите	s ɐ b u d̪ i t̪ ɛ
събудих	s ɐ b u d̪ i x
събудиха	s ɐ b u d̪ i x ə
събудя	s ɐ b u dʲ ə
събудят	s ɐ b u dʲ ə t̪
събужда	s ɐ b u ʒ d̪ ə
събуждане	s ɐ b u ʒ d̪ ə n ɛ
събуждат	s ɐ b u ʒ d̪ ə t̪
съветва	s ɐ v ɛ t̪ v ə
съветвам	s ɐ v ɛ t̪ v ə m
съветват	s ɐ v ɛ t̪ v ə t̪
съветващи	s ɐ v ɛ t̪ v ə ʃ t̪ i
съвременен	s ɘ v r e m ɛ n ɛ n
съвършен	s ə v ə r ʃ ɛ n
съгласен	s ə ɡ l a s ɛ n
съгласи	s ə ɡ ɫ ɐ s i
съгласие	s ə ɡ l a s i ɛ
съгласила	s ə ɡ ɫ ɐ s i ɫ ə
съгласили	s ə ɡ ɫ ɐ s i l i
съгласих	s ə ɡ ɫ ɐ s i x
съгласиха	s ə ɡ ɫ ɐ s i x ə
съгласява	s ə ɡ ɫ ɐ sʲ a v ə
съгласяват	s ə ɡ ɫ ɐ sʲ a v ə t̪
съд	s ɤ t
създадат	s ə z d̪ ɐ d̪ ɤ t̪
създаден	s ɐ z d̪ a d̪ ɛ n
създадена	s ɐ z d̪ a d̪ ɛ n ə
създадената	s ɐ z d̪ a d̪ ɛ n ə t̪ ə
създадени	s ɐ z d̪ a d̪ ɛ n i
създадените	s ɐ z d̪ a d̪ ɛ n i t̪ ɛ
създадения	s ɐ z d̪ a d̪ ɛ n i j ə
създадено	s ɐ z d̪ a d̪ ɛ n o̝
създадете	s ə z d̪ ɐ d̪ ɛ t̪ ɛ
създадоха	s ɐ z d̪ a d̪ o̝ x ə
създадохме	s ɐ z d̪ a d̪ o̝ x m ɛ
създайте	s ɐ z d̪ a j t̪ ɛ
създал	s ɐ z d̪ a ɫ
създалата	s ɐ z d̪ a ɫ ə t̪ ə
създали	s ɐ z d̪ a l i
създало	s ɐ z d̪ a ɫ o̝
създалото	s ɐ z d̪ a ɫ o̝ t̪ o̝
създам	s ɐ z d̪ a m
съзирам	s ɐ z i ɾ ə m
съзрем	s ɐ z r ɛ m
съзрял	s ɐ z rʲ a ɫ
сън	s ɤ n
сънувайки	s ɐ n u v ə j kʲ i
сънувате	s ɐ n u v ə t̪ ɛ
сънуваш	s ɐ n u v ə ʃ
съобщава	s ə o p ʃ t̪ a v ə
съобщавал	s ə o p ʃ t̪ a v ə ɫ
съобщават	s ə o p ʃ t̪ a v ə t̪
съобщен	s ə o p ʃ t̪ ɛ n
съобщени	s ə o p ʃ t̪ ɛ n i
съобщение	s ə o p ʃ t ɛ n i ɛ
съобщения	s ə o p ʃ t̪ ɛ n i j ə
съобщено	s ə o p ʃ t̪ ɛ n o̝
съобщи	s ə o p ʃ t̪ i
съобщил	s ə o p ʃ t̪ i ɫ
съобщила	s ə o p ʃ t̪ i ɫ ə
съобщили	s ə o p ʃ t̪ i l i
съобщило	s ə o p ʃ t̪ i ɫ o̝
съобщиха	s ə o p ʃ t̪ i x ə
съобщят	s ə o p ʃ tʲ ɤ t̪
съперник	s ə p ɛ r n i k
съперничка	s ə p ɛ r n i t ʃ k ə
съпруг	s ə p r u k
съпруга	s ə p r u ɡ ə
сърдит	s ə r d i t
сърце	s ə r t͡s ɛ
със	s ɤ s
състезава	s ə s t̪ ɛ z a v ə
състезавал	s ə s t̪ ɛ z a v ə ɫ
състезаваме	s ə s t̪ ɛ z a v ə m ɛ
състезаванията	s ə s t̪ ɛ z a v ə n i j ə t̪ ə
състезават	s ə s t̪ ɛ z a v ə t̪
състезаваха	s ə s t̪ ɛ z a v ə x ə
състезаващ	s ə s t̪ ɛ z a v ə ʃ t̪
състезаващи	s ə s t̪ ɛ z a v ə ʃ t̪ i
състезание	s ə s t ɛ z a n i ɛ
състезателка	s ə s t ɛ z a t ɛ l k ə
съчетава	s ə t ʃ ɛ t̪ a v ə
съчетавали	s ə t ʃ ɛ t̪ a v ə l i
съчетаващ	s ə t ʃ ɛ t̪ a v ə ʃ t̪
съчетае	s ə t ʃ ɛ t̪ a ɛ
съчетаем	s ə t ʃ ɛ t̪ a ɛ m
съчетал	s ə t ʃ ɛ t̪ a ɫ
съчетали	s ə t ʃ ɛ t̪ a l i
съчетани	s ə t ʃ ɛ t̪ a n i
съчетания	s ə t ʃ ɛ t̪ a n i j ə
съчетано	s ə t ʃ ɛ t̪ a n o̝
съществува	s ə ʃ t̪ ɛ s t̪ v u v ə
съществували	s ə ʃ t̪ ɛ s t̪ v u v ə l i
съществувало	s ə ʃ t̪ ɛ s t̪ v u v ə ɫ o̝
съществуваме	s ə ʃ t̪ ɛ s t̪ v u v ə m ɛ
съществуване	s ə ʃ t̪ ɛ s t̪ v u v ə n ɛ
съществуването	s ə ʃ t̪ ɛ s t̪ v u v ə n ɛ t̪ o̝
съществуват	s ə ʃ t̪ ɛ s t̪ v u v ə t̪
съществуваща	s ə ʃ t̪ ɛ s t̪ v u v ə ʃ t̪ ə
съществуващата	s ə ʃ t̪ ɛ s t̪ v u v ə ʃ t̪ ə t̪ ə
съществуващи	s ə ʃ t̪ ɛ s t̪ v u v ə ʃ t̪ i
съществуващите	s ə ʃ t̪ ɛ s t̪ v u v ə ʃ t̪ i t̪ ɛ
съществуващия	s ə ʃ t̪ ɛ s t̪ v u v ə ʃ t̪ i j ə
съществуващият	s ə ʃ t̪ ɛ s t̪ v u v ə ʃ t̪ i j ə t̪
съществуващото	s ə ʃ t̪ ɛ s t̪ v u v ə ʃ t̪ o̝ t̪ o̝
сянка	sʲ a ŋ k ə
табу	t ə b u
таз	t̪ a s
такава	t̪ ɐ k a v ə
такова	t̪ ɐ k ɔ v ə
танцувам	t̪ ɐ n t͡s u v ə m
танцуваме	t̪ ɐ n t͡s u v ə m ɛ
танцуват	t̪ ɐ n t͡s u v ə t̪
танцуваш	t̪ ɐ n t͡s u v ə ʃ
танцуващи	t̪ ɐ n t͡s u v ə ʃ t̪ i
таралеж	t ə r ə l ɛ ʃ
татко	t a t k o
твое	t̪ v ɔ ɛ
твои	t̪ v ɔ i
твоите	t̪ v ɔ i t̪ ɛ
твойто	t̪ v ɔ j t̪ o
твоят	t̪ v ɔ j ə t̪
твоята	t̪ v ɔ j ə t̪ ə
теб	t̪ ɛ p
тежък	t ɛ ʒ ə k
тез	t̪ ɛ s
текла	t̪ ɛ k ɫ ə
текъл	t̪ ɛ k ə ɫ
телевизор	t ɛ l ɛ v i z o r
телевизора	t̪ ɛ l ɛ v i z o ɾ ə
телевизори	t̪ ɛ l ɛ v i z o ɾ i
телевизорите	t̪ ɛ l ɛ v i z o ɾ i t̪ ɛ
телевизорът	t̪ ɛ l ɛ v i z o ɾ ə t̪
телефонирал	t̪ ɛ l ɛ f o n i ɾ ə ɫ
телефонирам	t̪ ɛ l ɛ f o n i ɾ ə m
тесен	t ɛ s ɛ n
тесто	t ɛ s t ɔ
техен	t̪ ɛ x ɛ n
техни	t̪ ɛ x n i
техните	t̪ ɛ x n i t̪ ɛ
техният	t̪ ɛ x n i j ə t̪
течаща	t̪ ɛ t ʃ a ʃ t̪ ə
течащата	t̪ ɛ t ʃ a ʃ t̪ ə t̪ ə
тече	t̪ ɛ t ʃ ɛ
течеше	t̪ ɛ t ʃ ɛ ʃ ɛ
ти	t i
тигър	t i ɡ ə r
титан	t i t a n
тичайки	t̪ i t ʃ ə j kʲ i
тичам	t̪ i t ʃ ə m
тичането	t̪ i t ʃ ə n ɛ t̪ o̝
тичат	t̪ i t ʃ ə t̪
тия	t̪ i j ə
това	t̪ o v a
този	t̪ ɔ z i
ток	t ɔ k
токсичен	t o k s i t ʃ ɛ n
толкова	t̪ ɔ ɫ k o v ə
толкоз	t̪ ɔ ɫ k o s
точен	t ɔ t ʃ ɛ n
тоя	t̪ ɔ j ə
трае	t̪ r a ɛ
траели	t̪ r a ɛ l i
трай	t̪ r a j
траян	t̪ r a j ə n
траят	t̪ r a j ə t̪
трева	t r ɛ v a
тревога	t r ɛ v ɔ ɡ ə
тресе	t̪ r ɛ s ɛ
тресения	t̪ r ɛ s ɛ n i j ə
тръгвайки	t̪ r ɤ ɡ v ə j kʲ i
тръгвам	t̪ r ɤ ɡ v ə m
тръгваме	t̪ r ɤ ɡ v ə m ɛ
тръгване	t̪ r ɤ ɡ v ə n ɛ
тръгването	t̪ r ɤ ɡ v ə n ɛ t̪ o̝
тръгват	t̪ r ɤ ɡ v ə t̪
тръгващи	t̪ r ɤ ɡ v ə ʃ t̪ i
тръгнат	t̪ r ɤ ɡ n ə t̪
тръгне	t̪ r ɤ ɡ n ɛ
тръгнем	t̪ r ɤ ɡ n ɛ m
туберкулоза	t u b ɛ r k u l ɔ z ə
туй	t̪ u j
тук	t u k
тука	t u k a
туркиня	t u r kʲ i nʲ ə
турски	t u r s k i
турчин	t u r t ʃ i n
тухла	t u x l ə
тънък	t ɤ n ə k
търсейки	t̪ ɤ r s ɛ j kʲ i
търсели	t̪ ɤ r s ɛ l i
търсен	t̪ ɤ r s ɛ n
търсена	t̪ ɤ r s ɛ n ə
търсене	t̪ ɤ r s ɛ n ɛ
търсенето	t̪ ɤ r s ɛ n ɛ t̪ o
търсени	t̪ ɤ r s ɛ n i
търсения	t̪ ɤ r s ɛ n i j ə
търсете	t̪ ə r s ɛ t̪ ɛ
търсех	t̪ ɤ r s ɛ x
търсеше	t̪ ɤ r s ɛ ʃ ɛ
търсещи	t̪ ɤ r s ɛ ʃ t̪ i
търсещите	t̪ ɤ r s ɛ ʃ t̪ i t̪ ɛ
търсим	t̪ ɤ r s i m
търсите	t̪ ɤ r s i t̪ ɛ
търсиш	t̪ ɤ r s i ʃ
търся	t ɤ r sʲ ə
търсят	t̪ ɤ r sʲ ə t̪
тя	tʲ a
тяло	tʲ a l o
тям	tʲ a m
тях	tʲ a x
тяхна	tʲ a x n ə
тяхната	tʲ a x n ə t̪ ə
тяхно	tʲ a x n o
тяхното	tʲ a x n o t̪ o
убеждава	o̝ b ɛ ʒ d̪ a v ə
убеждавали	o̝ b ɛ ʒ d̪ a v ə l i
убеждавам	o̝ b ɛ ʒ d̪ a v ə m
убеждават	o̝ b ɛ ʒ d̪ a v ə t̪
убеждаваха	o̝ b ɛ ʒ d̪ a v ə x ə
убива	o b i v ə
убивай	o b i v ə j
убивам	o b i v ə m
убиват	o b i v ə t̪
убиваш	o b i v ə ʃ
уволнен	o̝ v o ɫ n ɛ n
уволнена	o̝ v o ɫ n ɛ n ə
уволнената	o̝ v o ɫ n ɛ n ə t̪ ə
уволнени	o̝ v o ɫ n ɛ n i
уволнения	o̝ v o ɫ n ɛ n i j ə
уволнете	o̝ v o ɫ n ɛ t̪ ɛ
уволни	o̝ v o ɫ n i
уволнил	o̝ v o ɫ n i ɫ
уволнят	o̝ v o ɫ nʲ ɤ t̪
удар	u d ə r
удовлетворена	o̝ d̪ o̝ v l ɛ t̪ v o r ɛ n ə
удовлетворени	o̝ d̪ o̝ v l ɛ t̪ v o r ɛ n i
удовлетвори	o̝ d̪ o̝ v l ɛ t̪ v o r i
удовлетворяване	o̝ d̪ o̝ v l ɛ t̪ v o rʲ a v ə n ɛ
удовлетворяват	o̝ d̪ o̝ v l ɛ t̪ v o rʲ a v ə t̪
удовлетворяващ	o̝ d̪ o̝ v l ɛ t̪ v o rʲ a v ə ʃ t̪
удовлетворят	o̝ d̪ o̝ v l ɛ t̪ v o rʲ ɤ t̪
узаконен	o̝ z ə k o n ɛ n
узакони	o̝ z ə k o n i
узаконят	o̝ z ə k o nʲ ɤ t̪
ум	u m
умрат	u m r ɤ t̪
умре	u m r ɛ
умрели	u m r ɛ l i
умрелите	u m r ɛ l i t̪ ɛ
умрете	u m r ɛ t̪ ɛ
умря	u m rʲ a
умрял	u m rʲ a ɫ
умряло	u m rʲ a ɫ o
умрялото	u m rʲ a ɫ o t̪ o
умрях	u m rʲ a x
унасяна	o n a sʲ ə n ə
унасяната	o n a sʲ ə n ə t̪ ə
унгарски	u ŋ ɡ a r s k i
университет	u n i v ɛ r s i t ɛ t
унищожат	o̝ n i ʃ t̪ o ʒ ɤ t̪
унищожен	o̝ n i ʃ t̪ o ʒ ɛ n
унищожена	o̝ n i ʃ t̪ o ʒ ɛ n ə
унищожени	o̝ n i ʃ t̪ o ʒ ɛ n i
унищожено	o̝ n i ʃ t̪ o ʒ ɛ n o̝
унищожи	o̝ n i ʃ t̪ o ʒ i
унищожили	o̝ n i ʃ t̪ o ʒ i l i
унищожим	o̝ n i ʃ t̪ o ʒ i m
унищожите	o̝ n i ʃ t̪ o ʒ i t̪ ɛ
унищожиха	o̝ n i ʃ t̪ o ʒ i x ə
унищожихме	o̝ n i ʃ t̪ o ʒ i x m ɛ
уплашен	o p ɫ a ʃ ɛ n
уплашени	o p ɫ a ʃ ɛ n i
уплашено	o p ɫ a ʃ ɛ n o̝
уплашите	o p ɫ a ʃ i t̪ ɛ
управител	u p r a v i t ɛ l
упреквали	o p r ɛ k v ə l i
упреквам	o p r ɛ k v ə m
упрекван	o p r ɛ k v ə n
усилие	o s i l i ɛ
уста	u s t a
устав	u s t ə f
устна	u s n ə
ухапа	o x a p ə
ухапан	o x a p ə n
ухапване	o x a p v ə n ɛ
ухапвания	o x a p v ə n i j ə
ухо	u x ɔ
уча	u t ʃ ə
учат	u t ʃ ə t̪
учебник	u t ʃ ɛ b n i k
учел	u t ʃ ɛ ɫ
учен	u t ʃ ɛ n
учене	u t ʃ ɛ n ɛ
учени	u t ʃ ɛ n i
ученик	u t ʃ ɛ n i k
учените	u t ʃ ɛ n i t̪ ɛ
учения	u t ʃ ɛ n i j ə
ученото	u t ʃ ɛ n o̝ t̪ o̝
учете	o t ʃ ɛ t̪ ɛ
учех	u t ʃ ɛ x
учеха	u t ʃ ɛ x ə
учехме	u t ʃ ɛ x m ɛ
учеше	u t ʃ ɛ ʃ ɛ
учим	u t ʃ i m
учите	u t ʃ i t̪ ɛ
учител	u t ʃ i t ɛ l
учителка	u t ʃ i t ɛ l k ə
учиш	u t ʃ i ʃ
учтив	u t ʃ t i f
уши	o ʃ i
ушивам	o ʃ i v ə m
ушиеха	o ʃ i ɛ x ə
феникс	f ɛ n i k s
финанси	f i n a n s i
фосфор	f ɔ s f ɔ r
хамбургер	x a m b u r ɡʲ ɛ r
хапе	x a p ɛ
хапи	x ɐ p i
харесам	x ə r ɛ s ə m
харесвам	x ə r ɛ s v ə m
хартия	x ə r t i j ə
хидра	x i d r ə
хитър	h i t ɤ r
хладилник	x l ə d i l n i k
хлор	x l ɔ r
ходели	x ɔ d̪ ɛ l i
ходене	x ɔ d̪ ɛ n ɛ
ходенето	x ɔ d̪ ɛ n ɛ t̪ o̝
ходения	x ɔ d̪ ɛ n i j ə
ходете	x o d̪ ɛ t̪ ɛ
ходех	x ɔ d̪ ɛ x
ходехме	x ɔ d̪ ɛ x m ɛ
ходим	x ɔ d̪ i m
ходите	x ɔ d̪ i t̪ ɛ
ходя	x ɔ dʲ ə
ходят	x ɔ dʲ ə t̪
хорица	x ɔ r i t s ə
храна	x r ə n a
хрян	x rʲ a n
хубав	x u b ə f
хубавица	x u b ə v i t͡s ə
хърватски	h ə r v ɑ t s k i
цар	t͡s a r
царевица	t s a r ɛ v i t s ə
царство	t s a r s t v o
цвете	t͡s v ɛ t ɛ
цвят	t͡s vʲ a t
целуваме	t͡s ɛ ɫ u v ə m ɛ
целуваш	t͡s ɛ ɫ u v ə ʃ
целунати	t͡s ɛ ɫ u n ə t̪ i
целуне	t͡s ɛ ɫ u n ɛ
център	t s ɛ n t ə r
церера	t͡s ɛ r ɛ r ə
цинк	t͡s i n k
цитат	t͡s i t a t
цунами	t͡s u n a m i
цял	t͡sʲ a l
чакай	t ʃ a k ə j
чакайте	t ʃ a k ə j t̪ ɛ
чакам	t ʃ a k ə m
чакаме	t ʃ a k ə m ɛ
чакан	t ʃ a k ə n
чаканата	t ʃ a k ə n ə t̪ ə
чакане	t ʃ a k ə n ɛ
чакат	t ʃ a k ə t̪
чакате	t ʃ a k ə t̪ ɛ
чакаш	t ʃ a k ə ʃ
чакаше	t ʃ a k ə ʃ ɛ
чакащи	t ʃ a k ə ʃ t̪ i
чакащите	t ʃ a k ə ʃ t̪ i t̪ ɛ
час	t ʃ a s
часовник	t ʃ ə s ɔ v n i k
че	t͡ʃ ɛ
чел	t ʃ ɛ ɫ
чела	t ʃ ɛ ɫ ə
чело	t ʃ ɛ ɫ o
чест	t ʃ ɛ s t̪
чествам	t ʃ ɛ s t̪ v ə m
честваме	t ʃ ɛ s t̪ v ə m ɛ
чествана	t ʃ ɛ s t̪ v ə n ə
честване	t ʃ ɛ s t̪ v ə n ɛ
честването	t ʃ ɛ s t̪ v ə n ɛ t̪ o̝
чествания	t ʃ ɛ s t̪ v ə n i j ə
честват	t ʃ ɛ s t̪ v ə t̪
честитят	t ʃ ɛ s t̪ i tʲ ɤ t̪
чета	t͡ʃ ɛ t ə
четат	t ʃ ɛ t̪ ɤ t̪
четвърти	t ʃ ɛ t v ɤ r t i
чете	t ʃ ɛ t̪ ɛ
четем	t ʃ ɛ t̪ ɛ m
четена	t ʃ ɛ t̪ ɛ n ə
четене	t ʃ ɛ t̪ ɛ n ɛ
четенето	t ʃ ɛ t̪ ɛ n ɛ t̪ o
четения	t ʃ ɛ t̪ ɛ n i j ə
четеното	t ʃ ɛ t̪ ɛ n o t̪ o
четете	t ʃ ɛ t̪ ɛ t̪ ɛ
четеш	t ʃ ɛ t̪ ɛ ʃ
чети	t ʃ ɛ t̪ i
четох	t ʃ ɛ t̪ o x
четохме	t ʃ ɛ t̪ o x m ɛ
четящите	t ʃ ɛ tʲ a ʃ t̪ i t̪ ɛ
чист	t ʃ i s t
човек	t ʃ o v ɛ k
чу	t ʃ u
чувам	t ʃ u v ə m
чуваме	t ʃ u v ə m ɛ
чуват	t ʃ u v ə t̪
чувате	t ʃ u v ə t̪ ɛ
чуваш	t ʃ u v ə ʃ
чудо	t ʃ u d o
чуе	t ʃ u ɛ
чуем	t ʃ u ɛ m
чуеш	t ʃ u ɛ ʃ
чужденец	t ʃ u ʒ d ɛ n ɛ t s
чуйте	t ʃ u j t̪ ɛ
чул	t ʃ u ɫ
чула	t ʃ u ɫ ə
чули	t ʃ u l i
чупел	t ʃ u p ɛ ɫ
чупят	t ʃ u pʲ ə t̪
чут	t ʃ u t̪
чути	t ʃ u t̪ i
чух	t ʃ u x
чуха	t ʃ u x ə
чухме	t ʃ u x m ɛ
чучулига	t ʃ u t ʃ u l i ɡ ə
чуя	t ʃ u j ə
чуят	t ʃ u j ə t̪
шаран	ʃ ə r a n
шведски	ʃ v ɛ t s k i
швейцарка	ʃ v ə j c a r k ə
швейцарски	ʃ v ə j t͡s a r s kʲ i
шести	ʃ ɛ s t i
шеф	ʃ ɛ f
ши	ʃ i
шибан	ʃ i b ə n
шиел	ʃ i ɛ ɫ
шизофрения	ʃ i z o f r ɛ n i j ə
шило	ʃ i ɫ o̝
шипка	ʃ i p k ə
широк	ʃ i r ɔ k
шия	ʃ i j ə
шофьор	ʃ o fʲ ɔ r
шум	ʃ u m
шума	ʃ u m ə
щастие	ʃ t a s t i ɛ
щастлив	ʃ t ə s l i f
щат	ʃ t̪ ɤ t̪
ще	ʃ t̪ ɛ
щели	ʃ t̪ ɛ l i
щем	ʃ t̪ ɛ m
щете	ʃ t̪ ɛ t̪ ɛ
щеше	ʃ t̪ ɛ ʃ ɛ
щраус	ʃ t r a u s
щял	ʃ tʲ a ɫ
щяла	ʃ tʲ a ɫ ə
щяло	ʃ tʲ a ɫ o̝
щях	ʃ tʲ a x
щяха	ʃ tʲ a x ə
щяхме	ʃ tʲ a x m ɛ
юбилей	j u b i l ɛ i
юг	j u k
югозападен	j u ɡ o z a p ə d ɛ n
югоизток	j u ɡ o i s t o k
юнак	j u n a k
ягода	j a ɡ o d ə
ядат	j ə d̪ ɤ t̪
ядем	j ə d̪ ɛ m
ядене	j a d̪ ɛ n ɛ
яденето	j a d̪ ɛ n ɛ t̪ o
яденията	j a d̪ ɛ n i j ə t̪ ə
ядете	j ə d̪ ɛ t̪ ɛ
ядеш	j ə d̪ ɛ ʃ
ядоха	j a d̪ o x ə
ядохме	j a d̪ o x m ɛ
яжте	j a ʃ t̪ ɛ
яйце	j ɐ j t͡s ɛ
як	j a k
ял	j a ɫ
яла	j a ɫ ə
яли	j a l i
ям	j a m
