ააგო	ɑ ɑ ɡ ɔ
აბა	ɑ b ɑ
აბაზანა	ɑ b ɑ z ɑ n ɑ
აბანო	ɑ b ɑ n ɔ
აბარებს	ɑ b ɑ r ɛ b s
აბონენტი	ɑ b ɔ n ɛ n tʼ ɪ
აბრალებს	ɑ b r ɑ l ɛ b s
აბრევიატურა	ɑ b r ɛ v ɪ ɑ tʼ u r ɑ
აბრეშუმი	ɑ b r ɛ ʃ u m i
აბსოლუტური	ɑ b s ɔ l u tʼ u r ɪ
აბსურდული	ɑ b s u r d u l i
აბუსერიძე	ɑ b u s ɛ r i d z ɛ
აგდებს	ɑ ɡ d ɛ b s
აგებს	ɑ ɡ ɛ b s
აგვისტო	ɑ ɡ v i s tʼ ɔ
აგვისტოს	ɑ ɡ v ɪ s tʼ ɔ s
აგრეთვე	ɑ ɡ r ɛ tʰ v ɛ
აგროვებს	ɑ ɡ r ɔ v ɛ b s
აგრძელებს	ɑ ɡ r d z ɛ l ɛ b s
ადამიანად	ɑ d ɑ m ɪ ɑ n ɑ d
ადამიანები	ɑ d ɑ m ɪ ɑ n ɛ b ɪ
ადამიანი	ɑ d ɑ m i ɑ n i
ადამიანით	ɑ d ɑ m ɪ ɑ n ɪ tʰ
ადამიანმა	ɑ d ɑ m ɪ ɑ n m ɑ
ადაპტაცია	ɑ d ɑ pʼ tʼ ɑ t s i ɑ
ადგენს	ɑ d ɡ ɛ n s
ადგილას	ɑ d ɡ ɪ l ɑ s
ადგილი	ɑ d ɡ i l i
ადგილობრივი	ɑ d ɡ i l ɔ b r i v i
ადეკვატურად	ɑ d ɛ kʼ v ɑ tʼ u r ɑ d
ადეკვატური	ɑ d ɛ kʼ v ɑ tʼ u r i
ადვილად	ɑ d v ɪ l ɑ d
ადის	ɑ d i s
ადმინისტრაციულად	ɑ d m ɪ n ɪ s tʼ r ɑ t s ɪ u l ɑ d
ადმინისტრაციული	ɑ d m ɪ n ɪ s tʼ r ɑ t s ɪ u l ɪ
ადრე	ɑ d r ɛ
ადრესატი	ɑ d r ɛ s ɑ tʼ ɪ
ადრეული	ɑ d r ɛ u l ɪ
აეროპორტი	ɑ ɛ r ɔ pʼ ɔ r tʼ i
ავად	ɑ v ɑ d
ავადმყოფი	ɑ v ɑ d m qʼ ɔ pʰ i
ავალდებულებს	ɑ v ɑ l d ɛ b u l ɛ b s
ავეჯი	ɑ v ɛ d ʒ ɪ
ავზი	ɑ v z ɪ
ავი	ɑ v i
ავიაცია	ɑ v ɪ ɑ t s ɪ ɑ
ავსტრალია	ɑ v s tʼ r ɑ l i ɑ
ავსტრია	ɑ v s tʼ r i ɑ
ავსტრიული	ɑ v s tʼ r ɪ u l ɪ
ავტომატი	ɑ v tʼ ɔ m ɑ tʼ i
ავტომატურად	ɑ v tʼ ɔ m ɑ tʼ u r ɑ d
ავტომატური	ɑ v tʼ ɔ m ɑ tʼ u r ɪ
ავტონომია	ɑ v tʼ ɔ n ɔ m ɪ ɑ
ავტონომიური	ɑ v tʼ ɔ n ɔ m ɪ u r ɪ
ავტორი	ɑ v tʼ ɔ r i
ავტორის	ɑ v tʼ ɔ r ɪ s
ავტორმა	ɑ v tʼ ɔ r m ɑ
ავტორს	ɑ v tʼ ɔ r s
ავღანელი	ɑ v ɣ ɑ n ɛ l i
აზერბაიჯანი	ɑ z ɛ r b ɑ i d ʒ ɑ n i
აზვიადებს	ɑ z v i ɑ d ɛ b s
აზიური	ɑ z ɪ u r ɪ
აზრად	ɑ z r ɑ d
აზრი	ɑ z r i
აზრით	ɑ z r ɪ tʰ
აზრის	ɑ z r ɪ s
აზრმა	ɑ z r m ɑ
აზროვნება	ɑ z r ɔ v n ɛ b ɑ
აზრს	ɑ z r s
ათეული	ɑ tʰ ɛ u l ɪ
ათი	ɑ tʰ i
აივანი	ɑ ɪ v ɑ n ɪ
აინტერესებს	ɑ i n tʼ ɛ r ɛ s ɛ b s
აკადემია	ɑ kʼ ɑ d ɛ m ɪ ɑ
აკადემიას	ɑ kʼ ɑ d ɛ m ɪ ɑ s
აკადემიის	ɑ kʼ ɑ d ɛ m ɪ ɪ s
აკადემიური	ɑ kʼ ɑ d ɛ m ɪ u r ɪ
აკაკი	ɑ kʼ ɑ kʼ i
აკეთებს	ɑ kʼ ɛ tʰ ɛ b s
აკლია	ɑ kʼ l i ɑ
აკორდეონი	ɑ kʼ ɔ r d ɛ ɔ n ɪ
აკრძალული	ɑ kʼ r d z ɑ l u l i
აკურატულად	ɑ kʼ u r ɑ tʼ u l ɑ d
აკურატული	ɑ kʼ u r ɑ tʼ u l i
ალადასტური	ɑ l ɑ d ɑ s tʼ u r ɪ
ალბათ	ɑ l b ɑ tʰ
ალერსით	ɑ l ɛ r s ɪ tʰ
ალექსანდრე	ɑ l ɛ kʰ s ɑ n d r ɛ
ალექსანდრია	ɑ l ɛ kʰ s ɑ n d r ɪ ɑ
ალიბი	ɑ l ɪ b ɪ
ალკოჰოლი	ɑ l kʼ ɔ h ɔ l i
ალკოჰოლური	ɑ l kʼ ɔ h ɔ l u r ɪ
ალტერნატივა	ɑ l tʼ ɛ r n ɑ tʼ ɪ v ɑ
ალტერნატიულად	ɑ l tʼ ɛ r n ɑ tʼ ɪ u l ɑ d
ალტერნატიული	ɑ l tʼ ɛ r n ɑ tʼ ɪ u l ɪ
ალღო	ɑ l ʁ ɔ
ალყა	ɑ l qʼ ɑ
ამ	ɑ m
ამართლებს	ɑ m ɑ r tʰ l ɛ b s
ამასთან	ɑ m ɑ s tʰ ɑ n
ამატებს	ɑ m ɑ tʼ ɛ b s
ამაღელვებელი	ɑ m ɑ ɣ ɛ l v ɛ b ɛ l i
ამაყი	ɑ m ɑ qʼ i
ამაში	ɑ m ɑ ʃ ɪ
ამბავი	ɑ m b ɑ v i
ამბიცია	ɑ m b ɪ t s ɪ ɑ
ამბობს	ɑ m b ɔ b s
ამდენად	ɑ m d ɛ n ɑ d
ამერიკა	ɑ m ɛ r i kʼ ɑ
ამერიკას	ɑ m ɛ r ɪ kʼ ɑ s
ამერიკის	ɑ m ɛ r ɪ kʼ ɪ s
ამერიკული	ɑ m ɛ r ɪ kʼ u l ɪ
ამთავრებს	ɑ m tʰ ɑ v r ɛ b s
ამით	ɑ m ɪ tʰ
ამინდი	ɑ m i n d i
ამიტომ	ɑ m ɪ tʼ ɔ m
ამნისტია	ɑ m n ɪ s tʼ ɪ ɑ
ამოზნექილი	ɑ m ɔ z n ɛ kʰ i l i
ამომწურავად	ɑ m ɔ m t sʼ u r ɑ v ɑ d
ამომწურავი	ɑ m ɔ m t sʼ u r ɑ v ɪ
ამორალური	ɑ m ɔ r ɑ l u r ɪ
ამპუტაცია	ɑ m pʼ u tʼ ɑ t s ɪ ɑ
ამჟამად	ɑ m ʒ ɑ m ɑ d
ამსტერდამი	ɑ m s tʼ ɛ r d ɑ m i
ამუშავებს	ɑ m u ʃ ɑ v ɛ b s
ამუხრუჭებს	ɑ m u x r u t ʃʼ ɛ b s
ამძიმებს	ɑ m d z i m ɛ b s
ან	ɑ n
ანა	ɑ n ɑ
ანალიზი	ɑ n ɑ l ɪ z ɪ
ანალიტიკოსი	ɑ n ɑ l ɪ tʼ ɪ kʼ ɔ s ɪ
ანალოგი	ɑ n ɑ l ɔ ɡ ɪ
ანალოგია	ɑ n ɑ l ɔ ɡ ɪ ɑ
ანალოგიურად	ɑ n ɑ l ɔ ɡ ɪ u r ɑ d
ანალოგიური	ɑ n ɑ l ɔ ɡ i u r i
ანატომიურად	ɑ n ɑ tʼ ɔ m ɪ u r ɑ d
ანგარიშვალდებულება	ɑ n ɡ ɑ r i ʃ v ɑ l d ɛ b u l ɛ b ɑ
ანგარიში	ɑ n ɡ ɑ r i ʃ i
ანექსია	ɑ n ɛ kʰ s ɪ ɑ
ანთებითი	ɑ n tʰ ɛ b ɪ tʰ ɪ
ანთებული	ɑ n tʰ ɛ b u l ɪ
ანონსი	ɑ n ɔ n s ɪ
ანოტაცია	ɑ n ɔ tʼ ɑ t s ɪ ɑ
ანტიკვარული	ɑ n tʼ ɪ kʼ v ɑ r u l ɪ
ანტიკური	ɑ n tʼ i kʼ u r i
ანტონი	ɑ n tʼ ɔ n i
აპარატი	ɑ pʼ ɑ r ɑ tʼ ɪ
აპარატით	ɑ pʼ ɑ r ɑ tʼ ɪ tʰ
აპარატის	ɑ pʼ ɑ r ɑ tʼ ɪ s
აპარატმა	ɑ pʼ ɑ r ɑ tʼ m ɑ
აპარატს	ɑ pʼ ɑ r ɑ tʼ s
აპირებს	ɑ pʼ i r ɛ b s
აპლიკაცია	ɑ pʼ l i kʼ ɑ t s i ɑ
აპოკალიფსი	ɑ pʼ ɔ kʼ ɑ l ɪ pʰ s ɪ
აპრილით	ɑ pʼ r ɪ l ɪ tʰ
აპრილის	ɑ pʼ r ɪ l ɪ s
აპრიორი	ɑ pʼ r ɪ ɔ r ɪ
არ	ɑ r
არა	ɑ r ɑ
არაარსებითი	ɑ r ɑ ɑ r s ɛ b ɪ tʰ ɪ
არაბი	ɑ r ɑ b i
არაბული	ɑ r ɑ b u l i
არადა	ɑ r ɑ d ɑ
არადამაჯერებლად	ɑ r ɑ d ɑ m ɑ d ʒ ɛ r ɛ b l ɑ d
არაეთიკური	ɑ r ɑ ɛ tʰ ɪ kʼ u r ɪ
არაერთხელ	ɑ r ɑ ɛ r tʰ χ ɛ l
არავითარი	ɑ r ɑ v i tʰ ɑ r i
არავინ	ɑ r ɑ v ɪ n
არათანაბარი	ɑ r ɑ tʰ ɑ n ɑ b ɑ r i
არაკონსტიტუციურად	ɑ r ɑ kʼ ɔ n s tʼ ɪ tʼ u t s ɪ u r ɑ d
არაკორექტულად	ɑ r ɑ kʼ ɔ r ɛ kʰ tʼ u l ɑ d
არანაირად	ɑ r ɑ n ɑ ɪ r ɑ d
არარეალურად	ɑ r ɑ r ɛ ɑ l u r ɑ d
არასაკმარისი	ɑ r ɑ s ɑ kʼ m ɑ r ɪ s ɪ
არასასურველი	ɑ r ɑ s ɑ s u r v ɛ l i
არასდროს	ɑ r ɑ s d r ɔ s
არასეზონურად	ɑ r ɑ s ɛ z ɔ n u r ɑ d
არასწორი	ɑ r ɑ s t sʼ ɔ r ɪ
არაფერი	ɑ r ɑ pʰ ɛ r i
არაფერს	ɑ r ɑ pʰ ɛ r s
არაფრის	ɑ r ɑ pʰ r i s
არაყი	ɑ r ɑ qʼ i
არაჩვეულებრივად	ɑ r ɑ t ʃ v ɛ u l ɛ b r ɪ v ɑ d
არაჩვეულებრივი	ɑ r ɑ t ʃ v ɛ u l ɛ b r ɪ v ɪ
არბილებს	ɑ r b i l ɛ b s
არბიტრი	ɑ r b ɪ tʼ r ɪ
არგუმენტაცია	ɑ r ɡ u m ɛ n tʼ ɑ t s ɪ ɑ
არენა	ɑ r ɛ n ɑ
არეული	ɑ r ɛ u l i
არეულობა	ɑ r ɛ u l ɔ b ɑ
არია	ɑ r ɪ ɑ
არიან	ɑ r ɪ ɑ n
არის	ɑ r i s
არისტოკრატი	ɑ r ɪ s tʼ ɔ kʼ r ɑ tʼ ɪ
არმია	ɑ r m ɪ ɑ
არმიამ	ɑ r m ɪ ɑ m
არმიას	ɑ r m ɪ ɑ s
არმიის	ɑ r m ɪ ɪ s
არომატი	ɑ r ɔ m ɑ tʼ i
არსად	ɑ r s ɑ d
არსება	ɑ r s ɛ b ɑ
არსებითად	ɑ r s ɛ b ɪ tʰ ɑ d
არსებითი	ɑ r s ɛ b i tʰ i
არსებობ	ɑ r s ɛ b ɔ b
არსებობა	ɑ r s ɛ b ɔ b ɑ
არსებული	ɑ r s ɛ b u l ɪ
არსენალი	ɑ r s ɛ n ɑ l ɪ
არტისტი	ɑ r tʼ ɪ s tʼ ɪ
არტისტული	ɑ r tʼ ɪ s tʼ u l ɪ
არქივი	ɑ r kʰ ɪ v ɪ
არჩევა	ɑ r t ʃ ɛ v ɑ
არჩევანი	ɑ r t ʃ ɛ v ɑ n ɪ
არჩევს	ɑ r t ʃ ɛ v s
არც	ɑ r t s
არცერთი	ɑ r t s ɛ r tʰ i
არწივი	ɑ r t sʼ i v i
არხი	ɑ r χ ɪ
ასაკი	ɑ s ɑ kʼ ɪ
ასაკოვანი	ɑ s ɑ kʼ ɔ v ɑ n ɪ
ასატანი	ɑ s ɑ tʼ ɑ n ɪ
ასახავს	ɑ s ɑ x ɑ v s
ასახელებს	ɑ s ɑ x ɛ l ɛ b s
ასეთი	ɑ s ɛ tʰ ɪ
ასლი	ɑ s l ɪ
ასო	ɑ s ɔ
ასოციაცია	ɑ s ɔ t s ɪ ɑ t s ɪ ɑ
ასტროლოგი	ɑ s tʼ r ɔ l ɔ ɡ ɪ
ასუსტებს	ɑ s u s tʼ ɛ b s
ასფალტი	ɑ s pʰ ɑ l tʼ ɪ
ატამი	ɑ tʼ ɑ m i
ატარებს	ɑ tʼ ɑ r ɛ b s
ატაშე	ɑ tʼ ɑ ʃ ɛ
ატენიანებს	ɑ tʼ ɛ n i ɑ n ɛ b s
ატმოსფერო	ɑ tʼ m ɔ s pʰ ɛ r ɔ
ატმოსფერული	ɑ tʼ m ɔ s pʰ ɛ r u l ɪ
ატომური	ɑ tʼ ɔ m u r ɪ
აუ	ɑ u
აუდიტორია	ɑ u d ɪ tʼ ɔ r ɪ ɑ
აუზის	ɑ u z ɪ s
აუქციონი	ɑ u kʰ t s ɪ ɔ n ɪ
აუჩქარებლად	ɑ u t ʃ kʰ ɑ r ɛ b l ɑ d
აუცილებელი	ɑ u t s ɪ l ɛ b ɛ l ɪ
აუცილებლად	ɑ u t s i l ɛ b l ɑ d
აუცილებლობა	ɑ u t s ɪ l ɛ b l ɔ b ɑ
აფეთქება	ɑ pʰ ɛ tʰ kʰ ɛ b ɑ
აფთიაქი	ɑ pʰ tʰ i ɑ kʰ i
აფიშა	ɑ pʰ ɪ ʃ ɑ
აფხაზეთი	ɑ pʰ x ɑ z ɛ tʰ i
აფხაზეთის	ɑ pʰ χ ɑ z ɛ tʰ ɪ s
აფხაზეთმა	ɑ pʰ χ ɑ z ɛ tʰ m ɑ
აფხაზი	ɑ pʰ x ɑ z i
აფხაზური	ɑ pʰ x ɑ z u r i
აქ	ɑ kʰ
აქეთ	ɑ kʰ ɛ tʰ
აქვს	ɑ kʰ v s
აქილევსი	ɑ kʰ ɪ l ɛ v s ɪ
აქტივისტი	ɑ kʰ tʼ ɪ v ɪ s tʼ ɪ
აქცია	ɑ kʰ t s i ɑ
აქციზი	ɑ kʰ t s ɪ z ɪ
აღარ	ɑ ʁ ɑ r
აღბეჭდილი	ɑ ʁ b ɛ t ʃʼ d ɪ l ɪ
აღგზნებული	ɑ ʁ ɡ z n ɛ b u l ɪ
აღზრდილი	ɑ ʁ z r d ɪ l ɪ
აღმოაჩინო	ɑ ɣ m ɔ ɑ t ʃ i n ɔ
აღმოსავლეთი	ɑ ɣ m ɔ s ɑ v l ɛ tʰ i
აღმოსავლური	ɑ ʁ m ɔ s ɑ v l u r ɪ
აღმოცენებული	ɑ ʁ m ɔ t s ɛ n ɛ b u l ɪ
აღნიშვნა	ɑ ʁ n ɪ ʃ v n ɑ
აღნიშნული	ɑ ɣ n i ʃ n u l i
აღსარება	ɑ ɣ s ɑ r ɛ b ɑ
აღტაცებული	ɑ ʁ tʼ ɑ t s ɛ b u l ɪ
აღქმადი	ɑ ʁ kʰ m ɑ d ɪ
აღჭურვილობა	ɑ ɣ t ʃʼ u r v i l ɔ b ɑ
აყალბებს	ɑ qʼ ɑ l b ɛ b s
აშენებს	ɑ ʃ ɛ n ɛ b s
აშინებს	ɑ ʃ i n ɛ b s
აშკარა	ɑ ʃ kʼ ɑ r ɑ
აშკარად	ɑ ʃ kʼ ɑ r ɑ d
აჩრდილი	ɑ t ʃ r d ɪ l ɪ
აჩუქებს	ɑ t ʃ u kʰ ɛ b s
აცხადებს	ɑ t s x ɑ d ɛ b s
აძლევს	ɑ d z l ɛ v s
აწარმოებს	ɑ t sʼ ɑ r m ɔ ɛ b s
ახალ	ɑ χ ɑ l
ახალგაზრდა	ɑ x ɑ l ɡ ɑ z r d ɑ
ახალგაზრდობა	ɑ x ɑ l ɡ ɑ z r d ɔ b ɑ
ახალგაზრდული	ɑ χ ɑ l ɡ ɑ z r d u l ɪ
ახალი	ɑ x ɑ l i
ახლა	ɑ x l ɑ
ახლად	ɑ χ l ɑ d
ახლანდელი	ɑ χ l ɑ n d ɛ l ɪ
ახლახან	ɑ χ l ɑ χ ɑ n
ახლებურად	ɑ χ l ɛ b u r ɑ d
ახლო	ɑ χ l ɔ
ახლობელი	ɑ χ l ɔ b ɛ l ɪ
ახლოს	ɑ χ l ɔ s
ახორციელებს	ɑ x ɔ r t s i ɛ l ɛ b s
ახსნილი	ɑ χ s n ɪ l ɪ
ახსოვს	ɑ x s ɔ v s
ბაბუა	b ɑ b u ɑ
ბადებს	b ɑ d ɛ b s
ბადრიჯანი	b ɑ d r i d ʒ ɑ n i
ბავშვები	b ɑ v ʃ v ɛ b i
ბავშვი	b ɑ v ʃ v i
ბავშვურად	b ɑ v ʃ v u r ɑ d
ბაზარი	b ɑ z ɑ r i
ბაზისი	b ɑ z ɪ s ɪ
ბაზრობა	b ɑ z r ɔ b ɑ
ბალანსი	b ɑ l ɑ n s ɪ
ბალახი	b ɑ l ɑ x i
ბალიში	b ɑ l ɪ ʃ ɪ
ბამბას	b ɑ m b ɑ s
ბამბის	b ɑ m b ɪ s
ბანალურად	b ɑ n ɑ l u r ɑ d
ბანკეტი	b ɑ n kʼ ɛ tʼ ɪ
ბანკი	b ɑ n kʼ ɪ
ბანკის	b ɑ n kʼ ɪ s
ბანკმა	b ɑ n kʼ m ɑ
ბანკს	b ɑ n kʼ s
ბანქო	b ɑ n kʰ ɔ
ბაჟი	b ɑ ʒ ɪ
ბარათი	b ɑ r ɑ tʰ i
ბარბარა	b ɑ r b ɑ r ɑ
ბართლომე	b ɑ r tʰ l ɔ m ɛ
ბარი	b ɑ r i
ბარიერი	b ɑ r ɪ ɛ r ɪ
ბარსელონა	b ɑ r s ɛ l ɔ n ɑ
ბატალიონი	b ɑ tʼ ɑ l ɪ ɔ n ɪ
ბატონი	b ɑ tʼ ɔ n i
ბაქტერიული	b ɑ kʰ tʼ ɛ r ɪ u l ɪ
ბაღი	b ɑ ɣ i
ბებია	b ɛ b i ɑ
ბეგი	b ɛ ɡ ɪ
ბედი	b ɛ d i
ბედნიერად	b ɛ d n ɪ ɛ r ɑ d
ბედნიერება	b ɛ d n ɪ ɛ r ɛ b ɑ
ბედნიერი	b ɛ d n ɪ ɛ r ɪ
ბევრი	b ɛ v r i
ბელგია	b ɛ l ɡ i ɑ
ბენზინი	b ɛ n z ɪ n ɪ
ბერი	b ɛ r i
ბერლინი	b ɛ r l i n i
ბერძენი	b ɛ r d z ɛ n i
ბეჭედი	b ɛ t ʃʼ ɛ d i
ბიბლია	b i b l i ɑ
ბიბლიოთეკა	b i b l i ɔ tʰ ɛ kʼ ɑ
ბიბლიოთეკარი	b ɪ b l ɪ ɔ tʰ ɛ kʼ ɑ r ɪ
ბილეთი	b i l ɛ tʰ i
ბილიკი	b i l i kʼ i
ბინა	b ɪ n ɑ
ბინადარი	b ɪ n ɑ d ɑ r ɪ
ბიოგრაფია	b ɪ ɔ ɡ r ɑ pʰ ɪ ɑ
ბიოლოგიური	b i ɔ l ɔ ɡ i u r i
ბირთვი	b i r tʰ v i
ბირთვული	b ɪ r tʰ v u l ɪ
ბირჟა	b i r ʒ ɑ
ბისკვიტი	b ɪ s kʼ v ɪ tʼ ɪ
ბიულეტენი	b ɪ u l ɛ tʼ ɛ n ɪ
ბიურო	b ɪ u r ɔ
ბიუჯეტი	b ɪ u d ʒ ɛ tʼ ɪ
ბიძა	b i d z ɑ
ბიძგი	b i d z ɡ i
ბიძინა	b ɪ d z ɪ n ɑ
ბიჭი	b i t ʃʼ i
ბლოგი	b l ɔ ɡ i
ბლოკადა	b l ɔ kʼ ɑ d ɑ
ბლოკი	b l ɔ kʼ ɪ
ბლუ	b l u
ბმული	b m u l i
ბმულის	b m u l ɪ s
ბმულს	b m u l s
ბნელი	b n ɛ l i
ბობოლა	b ɔ b ɔ l ɑ
ბოდიში	b ɔ d i ʃ i
ბოიკოტი	b ɔ ɪ kʼ ɔ tʼ ɪ
ბოლო	b ɔ l ɔ
ბოლოს	b ɔ l ɔ s
ბომბარდირები	b ɔ m b ɑ r d ɪ r ɛ b ɪ
ბომბარდირი	b ɔ m b ɑ r d ɪ r ɪ
ბომბი	b ɔ m b i
ბორბალი	b ɔ r b ɑ l i
ბოროტი	b ɔ r ɔ tʼ i
ბორტზე	b ɔ r tʼ z ɛ
ბორჯომი	b ɔ r d ʒ ɔ m i
ბოსტანი	b ɔ s tʼ ɑ n ɪ
ბოსტნეული	b ɔ s tʼ n ɛ u l ɪ
ბრაზი	b r ɑ z i
ბრაზილიური	b r ɑ z ɪ l ɪ u r ɪ
ბრალეული	b r ɑ l ɛ u l i
ბრიგადა	b r ɪ ɡ ɑ d ɑ
ბრინჯაო	b r i n d ʒ ɑ ɔ
ბრინჯი	b r i n d ʒ i
ბრიტანეთი	b r ɪ tʼ ɑ n ɛ tʰ ɪ
ბრიტანეთის	b r ɪ tʼ ɑ n ɛ tʰ ɪ s
ბრიტანეთს	b r ɪ tʼ ɑ n ɛ tʰ s
ბრიტანული	b r ɪ tʼ ɑ n u l ɪ
ბრმა	b r m ɑ
ბროკოლი	b r ɔ kʼ ɔ l ɪ
ბროლი	b r ɔ l i
ბრუნდება	b r u n d ɛ b ɑ
ბრუნვა	b r u n v ɑ
ბრძანდებით	b r d z ɑ n d ɛ b ɪ tʰ
ბრძანება	b r d z ɑ n ɛ b ɑ
ბრძენი	b r d z ɛ n i
ბრძნული	b r d z n u l ɪ
ბრძოლა	b r d z ɔ l ɑ
ბრძოლამ	b r d z ɔ l ɑ m
ბრძოლის	b r d z ɔ l ɪ s
ბრწყინვალე	b r t sʼ qʼ ɪ n v ɑ l ɛ
ბულგარეთი	b u l ɡ ɑ r ɛ tʰ i
ბულიონი	b u l ɪ ɔ n ɪ
ბუმი	b u m ɪ
ბუნებრივად	b u n ɛ b r ɪ v ɑ d
ბუნებრივი	b u n ɛ b r i v i
ბურჟუაზიული	b u r ʒ u ɑ z i u l i
ბურჯი	b u r d ʒ i
ბუქარესტი	b u kʰ ɑ r ɛ s tʼ i
გააგრძელებს	ɡ ɑ ɑ ɡ r d z ɛ l ɛ b s
გააკეთებს	ɡ ɑ ɑ kʼ ɛ tʰ ɛ b s
გაატარებს	ɡ ɑ ɑ tʼ ɑ r ɛ b s
გაატარეს	ɡ ɑ ɑ tʼ ɑ r ɛ s
გააფთრებული	ɡ ɑ ɑ pʰ tʰ r ɛ b u l ɪ
გააჩნია	ɡ ɑ ɑ t ʃ n i ɑ
გააცნობს	ɡ ɑ ɑ t s n ɔ b s
გაბაშვილი	ɡ ɑ b ɑ ʃ v i l i
გაბედულად	ɡ ɑ b ɛ d u l ɑ d
გაბედული	ɡ ɑ b ɛ d u l i
გაბნეული	ɡ ɑ b n ɛ u l i
გაბრაზებული	ɡ ɑ b r ɑ z ɛ b u l i
გაბრუებული	ɡ ɑ b r u ɛ b u l ɪ
გაბღენძილი	ɡ ɑ b ʁ ɛ n d z ɪ l ɪ
გაგებით	ɡ ɑ ɡ ɛ b ɪ tʰ
გაგრა	ɡ ɑ ɡ r ɑ
გადაიხადა	ɡ ɑ d ɑ ɪ χ ɑ d ɑ
გადაიხადოს	ɡ ɑ d ɑ ɪ χ ɑ d ɔ s
გადაიხდიან	ɡ ɑ d ɑ ɪ χ d ɪ ɑ n
გადაიხდის	ɡ ɑ d ɑ i x d i s
გადამდგარი	ɡ ɑ d ɑ m d ɡ ɑ r i
გადამდები	ɡ ɑ d ɑ m d ɛ b ɪ
გადამცემი	ɡ ɑ d ɑ m t s ɛ m ɪ
გადამწყვეტი	ɡ ɑ d ɑ m t sʼ qʼ v ɛ tʼ ɪ
გადარეული	ɡ ɑ d ɑ r ɛ u l i
გადასაწყვეტი	ɡ ɑ d ɑ s ɑ t sʼ qʼ v ɛ tʼ ɪ
გადასვლა	ɡ ɑ d ɑ s v l ɑ
გადატანილი	ɡ ɑ d ɑ tʼ ɑ n i l i
გადატვირთული	ɡ ɑ d ɑ tʼ v ɪ r tʰ u l ɪ
გადაწყვეტილება	ɡ ɑ d ɑ t sʼ qʼ v ɛ tʼ ɪ l ɛ b ɑ
გადაწყვიტა	ɡ ɑ d ɑ t sʼ qʼ v ɪ tʼ ɑ
გადაჭარბებულად	ɡ ɑ d ɑ t ʃʼ ɑ r b ɛ b u l ɑ d
გადაჭიმული	ɡ ɑ d ɑ t ʃʼ ɪ m u l ɪ
გადაჭრით	ɡ ɑ d ɑ t ʃʼ r ɪ tʰ
გადახდილი	ɡ ɑ d ɑ χ d ɪ l ɪ
გადახდის	ɡ ɑ d ɑ χ d ɪ s
გაერთიანებული	ɡ ɑ ɛ r tʰ i ɑ n ɛ b u l i
გავა	ɡ ɑ v ɑ
გავლენა	ɡ ɑ v l ɛ n ɑ
გავლენიანი	ɡ ɑ v l ɛ n ɪ ɑ n ɪ
გაზაფხული	ɡ ɑ z ɑ pʰ x u l i
გაზრდა	ɡ ɑ z r d ɑ
გაიგებს	ɡ ɑ ɪ ɡ ɛ b s
გაივლის	ɡ ɑ ɪ v l ɪ s
გაიზრდება	ɡ ɑ ɪ z r d ɛ b ɑ
გაისად	ɡ ɑ i s ɑ d
გაკეთებული	ɡ ɑ kʼ ɛ tʰ ɛ b u l i
გაკვეთილი	ɡ ɑ kʼ v ɛ tʰ i l i
გაკვირვებული	ɡ ɑ kʼ v ɪ r v ɛ b u l ɪ
გალერეა	ɡ ɑ l ɛ r ɛ ɑ
გამალებით	ɡ ɑ m ɑ l ɛ b ɪ tʰ
გამართული	ɡ ɑ m ɑ r tʰ u l i
გამარჯვება	ɡ ɑ m ɑ r d ʒ v ɛ b ɑ
გამეფებული	ɡ ɑ m ɛ pʰ ɛ b u l ɪ
გამო	ɡ ɑ m ɔ
გამოთქმული	ɡ ɑ m ɔ tʰ kʰ m u l ɪ
გამოითქმოდა	ɡ ɑ m ɔ ɪ tʰ kʰ m ɔ d ɑ
გამომწვევი	ɡ ɑ m ɔ m t sʼ v ɛ v ɪ
გამონაყარი	ɡ ɑ m ɔ n ɑ qʼ ɑ r ɪ
გამოსავალი	ɡ ɑ m ɔ s ɑ v ɑ l ɪ
გამოსაცდელი	ɡ ɑ m ɔ s ɑ t s d ɛ l i
გამოსახული	ɡ ɑ m ɔ s ɑ χ u l ɪ
გამოსვლას	ɡ ɑ m ɔ s v l ɑ s
გამოსვლით	ɡ ɑ m ɔ s v l ɪ tʰ
გამოსვლის	ɡ ɑ m ɔ s v l ɪ s
გამოუვიდა	ɡ ɑ m ɔ u v ɪ d ɑ
გამოუცდელი	ɡ ɑ m ɔ u t s d ɛ l i
გამოფენა	ɡ ɑ m ɔ pʰ ɛ n ɑ
გამოყენებითი	ɡ ɑ m ɔ qʼ ɛ n ɛ b ɪ tʰ ɪ
გამოყენებული	ɡ ɑ m ɔ qʼ ɛ n ɛ b u l i
გამოყოფილი	ɡ ɑ m ɔ qʼ ɔ pʰ ɪ l ɪ
გამოცდილება	ɡ ɑ m ɔ t s d i l ɛ b ɑ
გამოცდილი	ɡ ɑ m ɔ t s d ɪ l ɪ
გამოცემა	ɡ ɑ m ɔ t s ɛ m ɑ
გამოცემამ	ɡ ɑ m ɔ t s ɛ m ɑ m
გამოცემას	ɡ ɑ m ɔ t s ɛ m ɑ s
გამოცემის	ɡ ɑ m ɔ t s ɛ m ɪ s
გამოხატავს	ɡ ɑ m ɔ x ɑ tʼ ɑ v s
გამოჯავრებით	ɡ ɑ m ɔ d ʒ ɑ v r ɛ b ɪ tʰ
გამსახურდია	ɡ ɑ m s ɑ x u r d i ɑ
გამუდმებით	ɡ ɑ m u d m ɛ b ɪ tʰ
გამძლეობა	ɡ ɑ m d z l ɛ ɔ b ɑ
განა	ɡ ɑ n ɑ
განადგურება	ɡ ɑ n ɑ d ɡ u r ɛ b ɑ
განათლება	ɡ ɑ n ɑ tʰ l ɛ b ɑ
განაჩენი	ɡ ɑ n ɑ t ʃ ɛ n ɪ
განაცხადა	ɡ ɑ n ɑ t s χ ɑ d ɑ
განახლებადი	ɡ ɑ n ɑ χ l ɛ b ɑ d ɪ
განვითარებას	ɡ ɑ n v ɪ tʰ ɑ r ɛ b ɑ s
განვითარების	ɡ ɑ n v ɪ tʰ ɑ r ɛ b ɪ s
განზრახ	ɡ ɑ n z r ɑ χ
განიერი	ɡ ɑ n ɪ ɛ r ɪ
განიცდის	ɡ ɑ n i t s d i s
განკარგულება	ɡ ɑ n kʼ ɑ r ɡ u l ɛ b ɑ
განმარტება	ɡ ɑ n m ɑ r tʼ ɛ b ɑ
განმარტებითი	ɡ ɑ n m ɑ r tʼ ɛ b i tʰ i
განმეორებით	ɡ ɑ n m ɛ ɔ r ɛ b ɪ tʰ
განმეორებითი	ɡ ɑ n m ɛ ɔ r ɛ b ɪ tʰ ɪ
განრიგი	ɡ ɑ n r ɪ ɡ ɪ
განსაზღვრავს	ɡ ɑ n s ɑ z ɣ v r ɑ v s
განსაკუთრებით	ɡ ɑ n s ɑ kʼ u tʰ r ɛ b ɪ tʰ
განსაკუთრებულად	ɡ ɑ n s ɑ kʼ u tʰ r ɛ b u l ɑ d
განსაკუთრებული	ɡ ɑ n s ɑ kʼ u tʰ r ɛ b u l i
განსხვავება	ɡ ɑ n s x v ɑ v ɛ b ɑ
განსხვავებით	ɡ ɑ n s χ v ɑ v ɛ b ɪ tʰ
განსხვავებული	ɡ ɑ n s x v ɑ v ɛ b u l i
განურჩევლად	ɡ ɑ n u r t ʃ ɛ v l ɑ d
განყოფილება	ɡ ɑ n qʼ ɔ pʰ ɪ l ɛ b ɑ
განწყობა	ɡ ɑ n t sʼ qʼ ɔ b ɑ
გარანტი	ɡ ɑ r ɑ n tʼ ɪ
გარანტია	ɡ ɑ r ɑ n tʼ ɪ ɑ
გარდამავალი	ɡ ɑ r d ɑ m ɑ v ɑ l i
გარდაცვალებას	ɡ ɑ r d ɑ t s v ɑ l ɛ b ɑ s
გარდაცვალების	ɡ ɑ r d ɑ t s v ɑ l ɛ b ɪ s
გარდაცვლილი	ɡ ɑ r d ɑ t s v l i l i
გარდერობი	ɡ ɑ r d ɛ r ɔ b ɪ
გარე	ɡ ɑ r ɛ
გარეგანი	ɡ ɑ r ɛ ɡ ɑ n i
გარეგნობა	ɡ ɑ r ɛ ɡ n ɔ b ɑ
გარეგნულად	ɡ ɑ r ɛ ɡ n u l ɑ d
გარეგნული	ɡ ɑ r ɛ ɡ n u l i
გარედან	ɡ ɑ r ɛ d ɑ n
გარეთ	ɡ ɑ r ɛ tʰ
გარემო	ɡ ɑ r ɛ m ɔ
გარემოება	ɡ ɑ r ɛ m ɔ ɛ b ɑ
გარეშე	ɡ ɑ r ɛ ʃ ɛ
გარკვევით	ɡ ɑ r kʼ v ɛ v ɪ tʰ
გარკვეული	ɡ ɑ r kʼ v ɛ u l i
გარსი	ɡ ɑ r s ɪ
გასაგებად	ɡ ɑ s ɑ ɡ ɛ b ɑ d
გასაგები	ɡ ɑ s ɑ ɡ ɛ b ɪ
გასამრჯელო	ɡ ɑ s ɑ m r d ʒ ɛ l ɔ
გასაოცარი	ɡ ɑ s ɑ ɔ t s ɑ r ɪ
გასაღები	ɡ ɑ s ɑ ʁ ɛ b ɪ
გაუმარჯოს	ɡ ɑ u m ɑ r d ʒ ɔ s
გაუპატიურება	ɡ ɑ u pʼ ɑ tʼ ɪ u r ɛ b ɑ
გაურკვევლობა	ɡ ɑ u r kʼ v ɛ v l ɔ b ɑ
გაუსაძლისი	ɡ ɑ u s ɑ d z l ɪ s ɪ
გაფიცვა	ɡ ɑ pʰ i t s v ɑ
გაფუჭებული	ɡ ɑ pʰ u t ʃʼ ɛ b u l i
გაქვთ	ɡ ɑ kʰ v tʰ
გაყიდვა	ɡ ɑ qʼ i d v ɑ
გაშლილი	ɡ ɑ ʃ l i l i
გახსნა	ɡ ɑ χ s n ɑ
გეგმავს	ɡ ɛ ɡ m ɑ v s
გეი	ɡ ɛ i
გელა	ɡ ɛ l ɑ
გემზე	ɡ ɛ m z ɛ
გემი	ɡ ɛ m ɪ
გემო	ɡ ɛ m ɔ
გემოვნებით	ɡ ɛ m ɔ v n ɛ b i tʰ
გემრიელად	ɡ ɛ m r ɪ ɛ l ɑ d
გემრიელი	ɡ ɛ m r i ɛ l i
გენერალი	ɡ ɛ n ɛ r ɑ l ɪ
გეოგრაფიული	ɡ ɛ ɔ ɡ r ɑ pʰ i u l i
გეოლოგი	ɡ ɛ ɔ l ɔ ɡ ɪ
გერმანელი	ɡ ɛ r m ɑ n ɛ l ɪ
გერმანიამ	ɡ ɛ r m ɑ n ɪ ɑ m
გერმანიას	ɡ ɛ r m ɑ n ɪ ɑ s
გერმანული	ɡ ɛ r m ɑ n u l ɪ
გვამი	ɡ v ɑ m i
გვანცა	ɡ v ɑ n t s ɑ
გვარი	ɡ v ɑ r i
გვარის	ɡ v ɑ r ɪ s
გვარს	ɡ v ɑ r s
გვაქვს	ɡ v ɑ kʰ v s
გველი	ɡ v ɛ l i
გვერდზე	ɡ v ɛ r d z ɛ
გვერდი	ɡ v ɛ r d i
გვერდით	ɡ v ɛ r d ɪ tʰ
გვერდის	ɡ v ɛ r d ɪ s
გვერდს	ɡ v ɛ r d s
გვერდულად	ɡ v ɛ r d u l ɑ d
გვირაბი	ɡ v ɪ r ɑ b ɪ
გზა	ɡ z ɑ
გზად	ɡ z ɑ d
გზაზე	ɡ z ɑ z ɛ
გზას	ɡ z ɑ s
გზით	ɡ z ɪ tʰ
გზის	ɡ z ɪ s
გთხოვთ	ɡ tʰ x ɔ v tʰ
გია	ɡ i ɑ
გივი	ɡ i v i
გიზო	ɡ ɪ z ɔ
გილოცავთ	ɡ ɪ l ɔ t s ɑ v
გინება	ɡ i n ɛ b ɑ
გიორგი	ɡ i ɔ r ɡ i
გიორგის	ɡ ɪ ɔ r ɡ ɪ s
გიჟური	ɡ i ʒ u r i
გირაო	ɡ i r ɑ ɔ
გლეხი	ɡ l ɛ x i
გლობალური	ɡ l ɔ b ɑ l u r ɪ
გმადლობთ	ɡ m ɑ d l ɔ b tʰ
გმირი	ɡ m i r i
გმირულად	ɡ m ɪ r u l ɑ d
გოგა	ɡ ɔ ɡ ɑ
გოგოებმა	ɡ ɔ ɡ ɔ ɛ b m ɑ
გოგონა	ɡ ɔ ɡ ɔ n ɑ
გოგოს	ɡ ɔ ɡ ɔ s
გოლი	ɡ ɔ l ɪ
გონება	ɡ ɔ n ɛ b ɑ
გონებით	ɡ ɔ n ɛ b ɪ tʰ
გონებრივი	ɡ ɔ n ɛ b r ɪ v ɪ
გონიერება	ɡ ɔ n ɪ ɛ r ɛ b ɑ
გონივრული	ɡ ɔ n i v r u l i
გორი	ɡ ɔ r i
გოჩა	ɡ ɔ t ʃ ɑ
გრადუსი	ɡ r ɑ d u s i
გრამი	ɡ r ɑ m ɪ
გრანდიოზულად	ɡ r ɑ n d ɪ ɔ z u l ɑ d
გრანდიოზული	ɡ r ɑ n d ɪ ɔ z u l ɪ
გრაფიკულად	ɡ r ɑ pʰ ɪ kʼ u l ɑ d
გრაფიკული	ɡ r ɑ pʰ i kʼ u l i
გრაფიტი	ɡ r ɑ pʰ ɪ tʼ ɪ
გრეგი	ɡ r ɛ ɡ ɪ
გრეგორი	ɡ r ɛ ɡ ɔ r ɪ
გრიგალი	ɡ r i ɡ ɑ l i
გრიგოლ	ɡ r i ɡ ɔ l
გრიფი	ɡ r ɪ pʰ ɪ
გრძელვადიანი	ɡ r d z ɛ l v ɑ d ɪ ɑ n ɪ
გრძელი	ɡ r d z ɛ l i
გრძნობენ	ɡ r d z n ɔ b ɛ n
გრძნობს	ɡ r d z n ɔ b s
გსურთ	ɡ s u r tʰ
გულახდილი	ɡ u l ɑ x d i l i
გულგრილობა	ɡ u l ɡ r i l ɔ b ɑ
გული	ɡ u l i
გულმოდგინედ	ɡ u l m ɔ d ɡ ɪ n ɛ d
გულუბრყვილო	ɡ u l u b r qʼ v i l ɔ
გულუბრყვილოდ	ɡ u l u b r qʼ v i l ɔ d
გულუხვობა	ɡ u l u x v ɔ b ɑ
გულშემატკივარი	ɡ u l ʃ ɛ m ɑ tʼ kʼ ɪ v ɑ r ɪ
გულწრფელად	ɡ u l t sʼ r pʰ ɛ l ɑ d
გულწრფელი	ɡ u l t sʼ r pʰ ɛ l i
გულწრფელობა	ɡ u l t sʼ r pʰ ɛ l ɔ b ɑ
გურია	ɡ u r i ɑ
გურიის	ɡ u r ɪ ɪ s
გურული	ɡ u r u l ɪ
გუშინ	ɡ u ʃ ɪ n
გუშინწინ	ɡ u ʃ ɪ n t sʼ ɪ n
და	d ɑ
დაადგენს	d ɑ ɑ d ɡ ɛ n s
დაავადება	d ɑ ɑ v ɑ d ɛ b ɑ
დაავადებული	d ɑ ɑ v ɑ d ɛ b u l ɪ
დაახლოებით	d ɑ ɑ χ l ɔ ɛ b ɪ tʰ
დაბა	d ɑ b ɑ
დაბადების	d ɑ b ɑ d ɛ b ɪ s
დაბადებული	d ɑ b ɑ d ɛ b u l i
დაბალი	d ɑ b ɑ l i
დაბრუნდება	d ɑ b r u n d ɛ b ɑ
დადგენილი	d ɑ d ɡ ɛ n ɪ l ɪ
დადებითად	d ɑ d ɛ b ɪ tʰ ɑ d
დადის	d ɑ d i s
დავალება	d ɑ v ɑ l ɛ b ɑ
დავალიანება	d ɑ v ɑ l ɪ ɑ n ɛ b ɑ
დავით	d ɑ v i tʰ
დავითაშვილი	d ɑ v i tʰ ɑ ʃ v i l i
დავითი	d ɑ v ɪ tʰ ɪ
დავიწყე	d ɑ v i t sʼ qʼ ɛ
დავუბრუნდეთ	d ɑ v u b r u n d ɛ tʰ
დაზიანებული	d ɑ z ɪ ɑ n ɛ b u l ɪ
დაზღვევა	d ɑ z ɣ v ɛ v ɑ
დათარიღებული	d ɑ tʰ ɑ r i ɣ ɛ b u l i
დათო	d ɑ tʰ ɔ
დათრგუნული	d ɑ tʰ r ɡ u n u l ɪ
დაისვენებს	d ɑ i s v ɛ n ɛ b s
დაიწყო	d ɑ i t sʼ qʼ ɔ
დაკარგავს	d ɑ kʼ ɑ r ɡ ɑ v s
დაკარგული	d ɑ kʼ ɑ r ɡ u l i
დალევა	d ɑ l ɛ v ɑ
დალევს	d ɑ l ɛ v s
დამალული	d ɑ m ɑ l u l i
დამანგრეველი	d ɑ m ɑ n ɡ r ɛ v ɛ l ɪ
დამასკო	d ɑ m ɑ s kʼ ɔ
დამატება	d ɑ m ɑ tʼ ɛ b ɑ
დამატებით	d ɑ m ɑ tʼ ɛ b i tʰ
დამატებითი	d ɑ m ɑ tʼ ɛ b i tʰ i
დამაჯერებლად	d ɑ m ɑ d ʒ ɛ r ɛ b l ɑ d
დამდგარი	d ɑ m d ɡ ɑ r i
დამთრგუნველი	d ɑ m tʰ r ɡ u n v ɛ l ɪ
დამოკიდებული	d ɑ m ɔ kʼ i d ɛ b u l i
დამოუკიდებლად	d ɑ m ɔ u kʼ ɪ d ɛ b l ɑ d
დამრიგებელი	d ɑ m r i ɡ ɛ b ɛ l i
დამსწრე	d ɑ m s t sʼ r ɛ
დამტკიცება	d ɑ m tʼ kʼ ɪ t s ɛ b ɑ
დამუშავებული	d ɑ m u ʃ ɑ v ɛ b u l i
დამფუძნებელი	d ɑ m pʰ u d z n ɛ b ɛ l i
დამღუპველი	d ɑ m ɣ u pʼ v ɛ l i
დამცავი	d ɑ m t s ɑ v i
დამცველად	d ɑ m t s v ɛ l ɑ d
დამცველი	d ɑ m t s v ɛ l ɪ
დამწვრობა	d ɑ m t sʼ v r ɔ b ɑ
დანია	d ɑ n i ɑ
დანიშნული	d ɑ n i ʃ n u l i
დაჟინებით	d ɑ ʒ ɪ n ɛ b ɪ tʰ
დაჟინებული	d ɑ ʒ ɪ n ɛ b u l ɪ
დარაჯი	d ɑ r ɑ d ʒ i
დარბაზი	d ɑ r b ɑ z i
დარგი	d ɑ r ɡ ɪ
დარჩენილი	d ɑ r t ʃ ɛ n i l i
დასაბუთებული	d ɑ s ɑ b u tʰ ɛ b u l ɪ
დასავლეთი	d ɑ s ɑ v l ɛ tʰ i
დასავლეთიდან	d ɑ s ɑ v l ɛ tʰ ɪ d ɑ n
დასასრული	d ɑ s ɑ s r u l ɪ
დასაშვები	d ɑ s ɑ ʃ v ɛ b i
დასახელება	d ɑ s ɑ χ ɛ l ɛ b ɑ
დასახლებული	d ɑ s ɑ x l ɛ b u l i
დასველებული	d ɑ s v ɛ l ɛ b u l ɪ
დასკვნა	d ɑ s kʼ v n ɑ
დასკვნითი	d ɑ s kʼ v n ɪ tʰ ɪ
დასრულდება	d ɑ s r u l d ɛ b ɑ
დასრულებული	d ɑ s r u l ɛ b u l ɪ
დასტური	d ɑ s tʼ u r ɪ
დასჯა	d ɑ s d ʒ ɑ
დასჯის	d ɑ s d ʒ i s
დატვირთული	d ɑ tʼ v ɪ r tʰ u l ɪ
დაუვიწყარი	d ɑ u v ɪ t sʼ qʼ ɑ r ɪ
დაუსრულებელი	d ɑ u s r u l ɛ b ɛ l ɪ
დაუსჯელი	d ɑ u s d ʒ ɛ l i
დაუფარავად	d ɑ u pʰ ɑ r ɑ v ɑ d
დაუფიქრებელი	d ɑ u pʰ ɪ kʰ r ɛ b ɛ l ɪ
დაუღალავად	d ɑ u ʁ ɑ l ɑ v ɑ d
დაუძლეველი	d ɑ u d z l ɛ v ɛ l ɪ
დაუძლურებული	d ɑ u d z l u r ɛ b u l ɪ
დაუჯერებელი	d ɑ u d ʒ ɛ r ɛ b ɛ l ɪ
დაფასოებული	d ɑ pʰ ɑ s ɔ ɛ b u l ɪ
დაღლილი	d ɑ ɣ l i l i
დაღლილობა	d ɑ ɣ l i l ɔ b ɑ
დაშლა	d ɑ ʃ l ɑ
დაშორებით	d ɑ ʃ ɔ r ɛ b ɪ tʰ
დაშორებული	d ɑ ʃ ɔ r ɛ b u l ɪ
დაცდილი	d ɑ t s d ɪ l ɪ
დაცვას	d ɑ t s v ɑ s
დაცვის	d ɑ t s v ɪ s
დაცლილი	d ɑ t s l i l i
დაცულობა	d ɑ t s u l ɔ b ɑ
დაძაბული	d ɑ d z ɑ b u l i
დაძაბულობა	d ɑ d z ɑ b u l ɔ b ɑ
დაწერს	d ɑ t sʼ ɛ r s
დაწესებულება	d ɑ t sʼ ɛ s ɛ b u l ɛ b ɑ
დახვეწილად	d ɑ χ v ɛ t sʼ ɪ l ɑ d
დახვეწილი	d ɑ x v ɛ t sʼ i l i
დახმარება	d ɑ χ m ɑ r ɛ b ɑ
დახმარებით	d ɑ χ m ɑ r ɛ b ɪ tʰ
დახმარების	d ɑ χ m ɑ r ɛ b ɪ s
დახურული	d ɑ x u r u l i
დგომა	d ɡ ɔ m ɑ
დები	d ɛ b i
დებიუტანტი	d ɛ b ɪ u tʼ ɑ n tʼ ɪ
დებიუტი	d ɛ b ɪ u tʼ ɪ
დედა	d ɛ d ɑ
დედამ	d ɛ d ɑ m
დედამიწა	d ɛ d ɑ m i t sʼ ɑ
დედამიწას	d ɛ d ɑ m ɪ t sʼ ɑ s
დედამიწის	d ɛ d ɑ m ɪ t sʼ ɪ s
დედაქალაქი	d ɛ d ɑ kʰ ɑ l ɑ kʰ i
დედოფალი	d ɛ d ɔ pʰ ɑ l i
დევალვაცია	d ɛ v ɑ l v ɑ t s ɪ ɑ
დევიზი	d ɛ v ɪ z ɪ
დეიდა	d ɛ ɪ d ɑ
დეკლარაცია	d ɛ kʼ l ɑ r ɑ t s ɪ ɑ
დეკორატიული	d ɛ kʼ ɔ r ɑ tʼ ɪ u l ɪ
დელეგატი	d ɛ l ɛ ɡ ɑ tʼ ɪ
დელეგაცია	d ɛ l ɛ ɡ ɑ t s ɪ ɑ
დელტა	d ɛ l tʼ ɑ
დემოკრატი	d ɛ m ɔ kʼ r ɑ tʼ ɪ
დემოკრატიულად	d ɛ m ɔ kʼ r ɑ tʼ ɪ u l ɑ d
დემოკრატიული	d ɛ m ɔ kʼ r ɑ tʼ ɪ u l ɪ
დემონსტრაცია	d ɛ m ɔ n s tʼ r ɑ t s ɪ ɑ
დემონტაჟი	d ɛ m ɔ n tʼ ɑ ʒ ɪ
დემონური	d ɛ m ɔ n u r ɪ
დეპორტაცია	d ɛ pʼ ɔ r tʼ ɑ t s ɪ ɑ
დერბი	d ɛ r b ɪ
დერეფანი	d ɛ r ɛ pʰ ɑ n ɪ
დესპოტური	d ɛ s pʼ ɔ tʼ u r ɪ
დეტალურად	d ɛ tʼ ɑ l u r ɑ d
დეტალური	d ɛ tʼ ɑ l u r i
დეფექტი	d ɛ pʰ ɛ kʰ tʼ i
დიაბეტური	d ɪ ɑ b ɛ tʼ u r ɪ
დიადი	d i ɑ d i
დიალექტი	d i ɑ l ɛ kʰ tʼ i
დიალოგი	d ɪ ɑ l ɔ ɡ ɪ
დიამეტრულად	d ɪ ɑ m ɛ tʼ r u l ɑ d
დიანა	d ɪ ɑ n ɑ
დიასახლისი	d ɪ ɑ s ɑ χ l ɪ s ɪ
დიდებულება	d ɪ d ɛ b u l ɛ b ɑ
დიდებულები	d ɪ d ɛ b u l ɛ b ɪ
დიდებული	d ɪ d ɛ b u l ɪ
დიდსულოვნად	d ɪ d s u l ɔ v n ɑ d
დიდძალი	d i d d z ɑ l i
დიზაინი	d i z ɑ i n i
დილით	d ɪ l ɪ tʰ
დიმიტრი	d i m i tʼ r i
დინარი	d ɪ n ɑ r ɪ
დიპლომატი	d ɪ pʼ l ɔ m ɑ tʼ ɪ
დიპლომატიურად	d ɪ pʼ l ɔ m ɑ tʼ ɪ u r ɑ d
დიპლომატიური	d i pʼ l ɔ m ɑ tʼ i u r i
დირექტივა	d ɪ r ɛ kʰ tʼ ɪ v ɑ
დირექტორი	d i r ɛ kʰ tʼ ɔ r i
დირიჟორი	d ɪ r ɪ ʒ ɔ r ɪ
დისერტაცია	d ɪ s ɛ r tʼ ɑ t s ɪ ɑ
დისკუსია	d ɪ s kʼ u s ɪ ɑ
დისციპლინა	d ɪ s t s ɪ pʼ l ɪ n ɑ
დიქტატორი	d ɪ kʰ tʼ ɑ tʼ ɔ r ɪ
დიქტატორული	d ɪ kʰ tʼ ɑ tʼ ɔ r u l ɪ
დოზა	d ɔ z ɑ
დოკუმენტაცია	d ɔ kʼ u m ɛ n tʼ ɑ t s ɪ ɑ
დოკუმენტი	d ɔ kʼ u m ɛ n tʼ ɪ
დოკუმენტური	d ɔ kʼ u m ɛ n tʼ u r ɪ
დოლარი	d ɔ l ɑ r i
დონე	d ɔ n ɛ
დონემ	d ɔ n ɛ m
დონეს	d ɔ n ɛ s
დონით	d ɔ n ɪ tʰ
დონის	d ɔ n ɪ s
დონორი	d ɔ n ɔ r ɪ
დოღი	d ɔ ʁ ɪ
დრამა	d r ɑ m ɑ
დრამატული	d r ɑ m ɑ tʼ u l ɪ
დრო	d r ɔ
დროებითი	d r ɔ ɛ b i tʰ i
დროის	d r ɔ i s
დრომ	d r ɔ m
დრომოჭმული	d r ɔ m ɔ t ʃʼ m u l ɪ
დროს	d r ɔ s
დროულად	d r ɔ u l ɑ d
დროული	d r ɔ u l i
დროშა	d r ɔ ʃ ɑ
დუელი	d u ɛ l ɪ
დუეტი	d u ɛ tʼ ɪ
დუმილი	d u m i l i
დღე	d ɣ ɛ
დღეები	d ɣ ɛ ɛ b i
დღემ	d ʁ ɛ m
დღეს	d ɣ ɛ s
დღესასწაული	d ʁ ɛ s ɑ s t sʼ ɑ u l ɪ
დღის	d ʁ ɪ s
ებრაული	ɛ b r ɑ u l i
ეგ	ɛ ɡ
ეგზოტიკური	ɛ ɡ z ɔ tʼ ɪ kʼ u r ɪ
ეგრე	ɛ ɡ r ɛ
ეგრევე	ɛ ɡ r ɛ v ɛ
ევა	ɛ v ɑ
ევაკუაცია	ɛ v ɑ kʼ u ɑ t s ɪ ɑ
ევგენი	ɛ v ɡ ɛ n i
ევერესტი	ɛ v ɛ r ɛ s tʼ i
ევრაზიული	ɛ v r ɑ z ɪ u l ɪ
ევრო	ɛ v r ɔ
ევროპა	ɛ v r ɔ pʼ ɑ
ევროპამ	ɛ v r ɔ pʼ ɑ m
ევროპის	ɛ v r ɔ pʼ ɪ s
ევროპული	ɛ v r ɔ pʼ u l ɪ
ევფემისტური	ɛ v pʰ ɛ m ɪ s tʼ u r ɪ
ეთერი	ɛ tʰ ɛ r ɪ
ეთიკა	ɛ tʰ ɪ kʼ ɑ
ეთიკური	ɛ tʰ ɪ kʼ u r ɪ
ეთნიკური	ɛ tʰ n ɪ kʼ u r ɪ
ეკატერინე	ɛ kʼ ɑ tʼ ɛ r ɪ n ɛ
ეკლესია	ɛ kʼ l ɛ s i ɑ
ეკლესიამ	ɛ kʼ l ɛ s ɪ ɑ m
ეკლესიას	ɛ kʼ l ɛ s ɪ ɑ s
ეკლესიის	ɛ kʼ l ɛ s ɪ ɪ s
ეკოლოგი	ɛ kʼ ɔ l ɔ ɡ ɪ
ეკოლოგიურად	ɛ kʼ ɔ l ɔ ɡ ɪ u r ɑ d
ეკოლოგიური	ɛ kʼ ɔ l ɔ ɡ ɪ u r ɪ
ეკონომიკა	ɛ kʼ ɔ n ɔ m ɪ kʼ ɑ
ეკონომიკას	ɛ kʼ ɔ n ɔ m ɪ kʼ ɑ s
ეკონომიკური	ɛ kʼ ɔ n ɔ m i kʼ u r i
ეკრანი	ɛ kʼ r ɑ n ɪ
ელეგანტური	ɛ l ɛ ɡ ɑ n tʼ u r ɪ
ელემენტარული	ɛ l ɛ m ɛ n tʼ ɑ r u l ɪ
ელექტრონული	ɛ l ɛ kʰ tʼ r ɔ n u l ɪ
ელჩი	ɛ l t ʃ ɪ
ემბარგო	ɛ m b ɑ r ɡ ɔ
ემიგრაცია	ɛ m ɪ ɡ r ɑ t s ɪ ɑ
ემილი	ɛ m ɪ l ɪ
ემოციური	ɛ m ɔ t s ɪ u r ɪ
ენა	ɛ n ɑ
ენდემური	ɛ n d ɛ m u r ɪ
ენდობა	ɛ n d ɔ b ɑ
ენერგია	ɛ n ɛ r ɡ ɪ ɑ
ენერგიულად	ɛ n ɛ r ɡ ɪ u l ɑ d
ენერგიული	ɛ n ɛ r ɡ ɪ u l ɪ
ენთუზიაზმი	ɛ n tʰ u z ɪ ɑ z m ɪ
ენთუზიაზმით	ɛ n tʰ u z ɪ ɑ z m ɪ tʰ
ეპიდემია	ɛ pʼ ɪ d ɛ m ɪ ɑ
ეპიზოდი	ɛ pʼ ɪ z ɔ d ɪ
ეპისკოპოსი	ɛ pʼ i s kʼ ɔ pʼ ɔ s i
ეპოქა	ɛ pʼ ɔ kʰ ɑ
ეპოქალური	ɛ pʼ ɔ kʰ ɑ l u r ɪ
ერთად	ɛ r tʰ ɑ d
ერთადერთი	ɛ r tʰ ɑ d ɛ r tʰ i
ერთბაშად	ɛ r tʰ b ɑ ʃ ɑ d
ერთგვაროვანი	ɛ r tʰ ɡ v ɑ r ɔ v ɑ n ɪ
ერთგულად	ɛ r tʰ ɡ u l ɑ d
ერთგული	ɛ r tʰ ɡ u l i
ერთდროულად	ɛ r tʰ d r ɔ u l ɑ d
ერთერთი	ɛ r tʰ ɛ r tʰ i
ერთი	ɛ r tʰ i
ერთიანი	ɛ r tʰ i ɑ n i
ერთიანობა	ɛ r tʰ i ɑ n ɔ b ɑ
ერთობა	ɛ r tʰ ɔ b ɑ
ერთობლივად	ɛ r tʰ ɔ b l ɪ v ɑ d
ერთობლივი	ɛ r tʰ ɔ b l ɪ v ɪ
ერთობლიობა	ɛ r tʰ ɔ b l ɪ ɔ b ɑ
ერთსულოვანი	ɛ r tʰ s u l ɔ v ɑ n i
ერთხელ	ɛ r tʰ χ ɛ l
ერთხელაც	ɛ r tʰ χ ɛ l ɑ t s
ერმა	ɛ r m ɑ
ეროვნება	ɛ r ɔ v n ɛ b ɑ
ეროვნული	ɛ r ɔ v n u l ɪ
ერს	ɛ r s
ესე	ɛ s ɛ
ესეი	ɛ s ɛ i
ესენი	ɛ s ɛ n i
ესკალაცია	ɛ s kʼ ɑ l ɑ t s ɪ ɑ
ესკორტი	ɛ s kʼ ɔ r tʼ ɪ
ესპანეთმა	ɛ s pʼ ɑ n ɛ tʰ m ɑ
ესპანური	ɛ s pʼ ɑ n u r ɪ
ესტონეთი	ɛ s tʼ ɔ n ɛ tʰ i
ეტიუდი	ɛ tʼ ɪ u d ɪ
ეფემერული	ɛ pʰ ɛ m ɛ r u l ɪ
ეფექტი	ɛ pʰ ɛ kʰ tʼ i
ეფექტურად	ɛ pʰ ɛ kʰ tʼ u r ɑ d
ეფექტური	ɛ pʰ ɛ kʰ tʼ u r i
ექვსი	ɛ kʰ v s i
ექთანი	ɛ kʰ tʰ ɑ n i
ექიმის	ɛ kʰ ɪ m ɪ s
ექიმმა	ɛ kʰ ɪ m m ɑ
ექიმს	ɛ kʰ ɪ m s
ექო	ɛ kʰ ɔ
ექსკურსია	ɛ kʰ s kʼ u r s ɪ ɑ
ექსპერიმენტი	ɛ kʰ s pʼ ɛ r ɪ m ɛ n tʼ ɪ
ექსპონატი	ɛ kʰ s pʼ ɔ n ɑ tʼ ɪ
ექსპრესი	ɛ kʰ s pʼ r ɛ s ɪ
ეშინია	ɛ ʃ i n i ɑ
ეშმაკი	ɛ ʃ m ɑ kʼ i
ეჭვი	ɛ t ʃʼ v i
ეხლა	ɛ x l ɑ
ვადა	v ɑ d ɑ
ვაზნა	v ɑ z n ɑ
ვაიმე	v ɑ i m ɛ
ვაკანტური	v ɑ kʼ ɑ n tʼ u r ɪ
ვაკუუმი	v ɑ kʼ u u m ɪ
ვალდებულება	v ɑ l d ɛ b u l ɛ b ɑ
ვანო	v ɑ n ɔ
ვაპირებ	v ɑ pʼ ɪ r ɛ b
ვაჟი	v ɑ ʒ i
ვაჟკაცი	v ɑ ʒ kʼ ɑ t s i
ვაჟკაცობა	v ɑ ʒ kʼ ɑ t s ɔ b ɑ
ვარ	v ɑ r
ვარაუდი	v ɑ r ɑ u d ɪ
ვარაუდით	v ɑ r ɑ u d ɪ tʰ
ვარდნა	v ɑ r d n ɑ
ვართ	v ɑ r tʰ
ვარცხნილობა	v ɑ r t s χ n ɪ l ɔ b ɑ
ვატერლოო	v ɑ tʼ ɛ r l ɔ ɔ
ვაშაძე	v ɑ ʃ ɑ d z ɛ
ვაშინგტონი	v ɑ ʃ i n ɡ tʼ ɔ n i
ვაჭრობა	v ɑ t ʃʼ r ɔ b ɑ
ვახშამი	v ɑ χ ʃ ɑ m ɪ
ვგრძნობ	v ɡ r d z n ɔ b
ვედრო	v ɛ d r ɔ
ველი	v ɛ l i
ველოსიპედი	v ɛ l ɔ s i pʼ ɛ d i
ველური	v ɛ l u r i
ვენახი	v ɛ n ɑ x i
ვენერიული	v ɛ n ɛ r ɪ u l ɪ
ვენეცია	v ɛ n ɛ t s ɪ ɑ
ვერ	v ɛ r
ვერსია	v ɛ r s ɪ ɑ
ვერტიკალურად	v ɛ r tʼ ɪ kʼ ɑ l u r ɑ d
ვერცხლი	v ɛ r t s x l i
ვერცხლით	v ɛ r t s χ l ɪ tʰ
ვერცხლის	v ɛ r t s χ l ɪ s
ვერძი	v ɛ r d z i
ვეტერანი	v ɛ tʼ ɛ r ɑ n ɪ
ვეფხისტყაოსანი	v ɛ pʰ x i s tʼ qʼ ɑ ɔ s ɑ n i
ვექტორი	v ɛ kʰ tʼ ɔ r ɪ
ვეწევი	v ɛ t sʼ ɛ v i
ვთქვათ	v tʰ kʰ v ɑ tʰ
ვთქვი	v tʰ kʰ v i
ვიდეო	v ɪ d ɛ ɔ
ვიდრე	v i d r ɛ
ვიზუალური	v ɪ z u ɑ l u r ɪ
ვითარება	v i tʰ ɑ r ɛ b ɑ
ვითომ	v i tʰ ɔ m
ვილა	v ɪ l ɑ
ვინსენტი	v ɪ n s ɛ n tʼ ɪ
ვირტუალური	v ɪ r tʼ u ɑ l u r ɪ
ვირუსი	v ɪ r u s ɪ
ვის	v i s
ვისვენებ	v i s v ɛ n ɛ b
ვიქტორია	v ɪ kʰ tʼ ɔ r ɪ ɑ
ვიღაც	v i ɣ ɑ t s
ვიწრო	v i t sʼ r ɔ
ვლაპარაკობ	v l ɑ pʼ ɑ r ɑ kʼ ɔ b
ვმუშაობ	v m u ʃ ɑ ɔ b
ვნახე	v n ɑ x ɛ
ვოკალური	v ɔ kʼ ɑ l u r ɪ
ვრცელი	v r t s ɛ l i
ვწუხვარ	v t sʼ u x v ɑ r
ზაირი	z ɑ ɪ r ɪ
ზალა	z ɑ l ɑ
ზამთარი	z ɑ m tʰ ɑ r i
ზარი	z ɑ r i
ზაფხული	z ɑ pʰ x u l i
ზაფხულის	z ɑ pʰ χ u l ɪ s
ზაფხულს	z ɑ pʰ χ u l s
ზე	z ɛ
ზეგავლენა	z ɛ ɡ ɑ v l ɛ n ɑ
ზედ	z ɛ d
ზედმეტი	z ɛ d m ɛ tʼ i
ზევით	z ɛ v ɪ tʰ
ზეიმი	z ɛ ɪ m ɪ
ზემო	z ɛ m ɔ
ზემოდან	z ɛ m ɔ d ɑ n
ზემოთ	z ɛ m ɔ tʰ
ზემოქმედება	z ɛ m ɔ kʰ m ɛ d ɛ b ɑ
ზეპირად	z ɛ pʼ ɪ r ɑ d
ზეპირი	z ɛ pʼ ɪ r ɪ
ზერელე	z ɛ r ɛ l ɛ
ზეციური	z ɛ t s ɪ u r ɪ
ზვიგენი	z v ɪ ɡ ɛ n ɪ
ზიანი	z ɪ ɑ n ɪ
ზიარება	z i ɑ r ɛ b ɑ
ზოგადად	z ɔ ɡ ɑ d ɑ d
ზოგავს	z ɔ ɡ ɑ v s
ზოგიერთი	z ɔ ɡ i ɛ r tʰ i
ზოგჯერ	z ɔ ɡ d ʒ ɛ r
ზომა	z ɔ m ɑ
ზრდა	z r d ɑ
ზუმბა	z u m b ɑ
ზურაბიშვილი	z u r ɑ b i ʃ v i l i
ზურგზე	z u r ɡ z ɛ
ზურგი	z u r ɡ i
ზუსტად	z u s tʼ ɑ d
ზუსტი	z u s tʼ i
ზღაპარი	z ɣ ɑ pʼ ɑ r i
ზღვარი	z ʁ v ɑ r ɪ
ზღვის	z ʁ v ɪ s
თავად	tʰ ɑ v ɑ d
თავადი	tʰ ɑ v ɑ d i
თავაშვებული	tʰ ɑ v ɑ ʃ v ɛ b u l ɪ
თავგადასავალი	tʰ ɑ v ɡ ɑ d ɑ s ɑ v ɑ l i
თავდაპირველად	tʰ ɑ v d ɑ pʼ ɪ r v ɛ l ɑ d
თავდაპირველი	tʰ ɑ v d ɑ pʼ ɪ r v ɛ l ɪ
თავდასხმა	tʰ ɑ v d ɑ s x m ɑ
თავდაყირა	tʰ ɑ v d ɑ qʼ ɪ r ɑ
თავდაცვა	tʰ ɑ v d ɑ t s v ɑ
თავი	tʰ ɑ v i
თავისებურება	tʰ ɑ v ɪ s ɛ b u r ɛ b ɑ
თავისებური	tʰ ɑ v i s ɛ b u r i
თავისთვის	tʰ ɑ v ɪ s tʰ v ɪ s
თავისი	tʰ ɑ v i s i
თავისუფალი	tʰ ɑ v i s u pʰ ɑ l i
თავისუფლად	tʰ ɑ v ɪ s u pʰ l ɑ d
თავისუფლება	tʰ ɑ v i s u pʰ l ɛ b ɑ
თავკომბალა	tʰ ɑ v kʼ ɔ m b ɑ l ɑ
თავმდაბალი	tʰ ɑ v m d ɑ b ɑ l ɪ
თავმჯდომარე	tʰ ɑ v m d ʒ d ɔ m ɑ r ɛ
თავქარიანი	tʰ ɑ v kʰ ɑ r ɪ ɑ n ɪ
თავშეკავება	tʰ ɑ v ʃ ɛ kʼ ɑ v ɛ b ɑ
თავხედი	tʰ ɑ v x ɛ d i
თამადა	tʰ ɑ m ɑ d ɑ
თამამად	tʰ ɑ m ɑ m ɑ d
თამამი	tʰ ɑ m ɑ m i
თამარი	tʰ ɑ m ɑ r ɪ
თამაში	tʰ ɑ m ɑ ʃ i
თამაშობს	tʰ ɑ m ɑ ʃ ɔ b s
თანაბარი	tʰ ɑ n ɑ b ɑ r i
თანაბრად	tʰ ɑ n ɑ b r ɑ d
თანამდებობა	tʰ ɑ n ɑ m d ɛ b ɔ b ɑ
თანამედროვე	tʰ ɑ n ɑ m ɛ d r ɔ v ɛ
თანამემამულე	tʰ ɑ n ɑ m ɛ m ɑ m u l ɛ
თანამშრომელი	tʰ ɑ n ɑ m ʃ r ɔ m ɛ l i
თანასწორი	tʰ ɑ n ɑ s t sʼ ɔ r i
თანასწორობა	tʰ ɑ n ɑ s t sʼ ɔ r ɔ b ɑ
თანაშემწე	tʰ ɑ n ɑ ʃ ɛ m t sʼ ɛ
თანახმა	tʰ ɑ n ɑ x m ɑ
თანახმად	tʰ ɑ n ɑ χ m ɑ d
თანმიმდევრულად	tʰ ɑ n m ɪ m d ɛ v r u l ɑ d
თანმხლები	tʰ ɑ n m χ l ɛ b ɪ
თანხმობა	tʰ ɑ n χ m ɔ b ɑ
თასი	tʰ ɑ s i
თაღლითი	tʰ ɑ ɣ l i tʰ i
თბილად	tʰ b ɪ l ɑ d
თბილი	tʰ b i l i
თბილისი	tʰ b i l i s i
თბილისმა	tʰ b ɪ l ɪ s m ɑ
თეატრალური	tʰ ɛ ɑ tʼ r ɑ l u r ɪ
თეატრი	tʰ ɛ ɑ tʼ r i
თებერვალი	tʰ ɛ b ɛ r v ɑ l i
თევდორე	tʰ ɛ v d ɔ r ɛ
თევზი	tʰ ɛ v z i
თელავს	tʰ ɛ l ɑ v s
თემა	tʰ ɛ m ɑ
თეორია	tʰ ɛ ɔ r ɪ ɑ
თეორიული	tʰ ɛ ɔ r ɪ u l ɪ
თვალი	tʰ v ɑ l i
თვალწარმტაცი	tʰ v ɑ l t sʼ ɑ r m tʼ ɑ t s ɪ
თვე	tʰ v ɛ
თვითნება	tʰ v i tʰ n ɛ b ɑ
თვითნებურად	tʰ v ɪ tʰ n ɛ b u r ɑ d
თვითონ	tʰ v i tʰ ɔ n
თითი	tʰ i tʰ i
თითო	tʰ i tʰ ɔ
თითქმის	tʰ ɪ tʰ kʰ m ɪ s
თინა	tʰ i n ɑ
თინათინი	tʰ ɪ n ɑ tʰ ɪ n ɪ
თიხა	tʰ i x ɑ
თოვლი	tʰ ɔ v l i
თონე	tʰ ɔ n ɛ
თორე	tʰ ɔ r ɛ
თორემ	tʰ ɔ r ɛ m
თორი	tʰ ɔ r i
თორმეტი	tʰ ɔ r m ɛ tʼ i
თოფი	tʰ ɔ pʰ i
თოჯინა	tʰ ɔ d ʒ i n ɑ
თუ	tʰ u
თუმცა	tʰ u m t s ɑ
თურქეთი	tʰ u r kʰ ɛ tʰ i
თურქეთის	tʰ u r kʰ ɛ tʰ ɪ s
თურქეთმა	tʰ u r kʰ ɛ tʰ m ɑ
თურქული	t ʊ ɾ kʰ ʊ l ɪ
თუშეთი	tʰ u ʃ ɛ tʰ i
თქვა	tʰ kʰ v ɑ
თქვენთვის	tʰ kʰ v ɛ n tʰ v i s
თქმით	tʰ kʰ m ɪ tʰ
თხა	tʰ x ɑ
თხუთმეტი	tʰ x u tʰ m ɛ tʼ i
იაპონელი	ɪ ɑ pʼ ɔ n ɛ l ɪ
იაპონია	i ɑ pʼ ɔ n i ɑ
იაპონიის	ɪ ɑ pʼ ɔ n ɪ ɪ s
იაპონური	ɪ ɑ pʼ ɔ n u r ɪ
იარა	i ɑ r ɑ
იარაღი	i ɑ r ɑ ɣ i
იატაკი	i ɑ tʼ ɑ kʼ i
იაფად	ɪ ɑ pʰ ɑ d
იაფი	i ɑ pʰ i
იგებს	i ɡ ɛ b s
იდეა	ɪ d ɛ ɑ
იდეოლოგიური	ɪ d ɛ ɔ l ɔ ɡ ɪ u r ɪ
იები	i ɛ b i
ივანე	i v ɑ n ɛ
ივანიშვილი	i v ɑ n i ʃ v i l i
ივლისი	i v l i s i
ივნისი	i v n i s i
ივნისის	ɪ v n ɪ s ɪ s
ივნისს	ɪ v n ɪ s s
იზოლაცია	ɪ z ɔ l ɑ t s ɪ ɑ
ილია	i l i ɑ
იმაზე	ɪ m ɑ z ɛ
იმამი	ɪ m ɑ m ɪ
იმარჯვებს	i m ɑ r d ʒ v ɛ b s
იმდენად	ɪ m d ɛ n ɑ d
იმედი	i m ɛ d i
იმერეთის	ɪ m ɛ r ɛ tʰ ɪ s
იმით	ɪ m ɪ tʰ
იმიტაცია	ɪ m ɪ tʼ ɑ t s ɪ ɑ
იმიტომ	ɪ m ɪ tʼ ɔ m
იმპერატორი	ɪ m pʼ ɛ r ɑ tʼ ɔ r ɪ
იმპერიას	ɪ m pʼ ɛ r ɪ ɑ s
იმპერიის	ɪ m pʼ ɛ r ɪ ɪ s
იმპერიული	ɪ m pʼ ɛ r ɪ u l ɪ
იმპიჩმენტი	ɪ m pʼ ɪ t ʃ m ɛ n tʼ ɪ
იმპორტი	ɪ m pʼ ɔ r tʼ ɪ
იმპულსი	ɪ m pʼ u l s ɪ
ინგლისელი	ɪ n ɡ l ɪ s ɛ l ɪ
ინგლისი	i n ɡ l i s i
ინგლისის	ɪ n ɡ l ɪ s ɪ s
ინგლისმა	ɪ n ɡ l ɪ s m ɑ
ინდაური	ɪ n d ɑ u r ɪ
ინდექსი	ɪ n d ɛ kʰ s ɪ
ინდოეთი	i n d ɔ ɛ tʰ i
ინდოეთის	ɪ n d ɔ ɛ tʰ ɪ s
ინდოეთს	ɪ n d ɔ ɛ tʰ s
ინდოელი	ɪ n d ɔ ɛ l ɪ
ინდური	ɪ n d u r ɪ
ინერტული	i n ɛ r tʼ u l i
ინერცია	ɪ n ɛ r t s ɪ ɑ
ინჟინერი	ɪ n ʒ ɪ n ɛ r ɪ
ინსპექტორი	ɪ n s pʼ ɛ kʰ tʼ ɔ r ɪ
ინსტიტუტი	ɪ n s tʼ ɪ tʼ u tʼ ɪ
ინსტიტუტის	ɪ n s tʼ ɪ tʼ u tʼ ɪ s
ინსტიტუტმა	ɪ n s tʼ ɪ tʼ u tʼ m ɑ
ინსტიტუტს	ɪ n s tʼ ɪ tʼ u tʼ s
ინტეგრაცია	ɪ n tʼ ɛ ɡ r ɑ t s ɪ ɑ
ინტელექტი	ɪ n tʼ ɛ l ɛ kʰ tʼ ɪ
ინტელიგენცია	ɪ n tʼ ɛ l ɪ ɡ ɛ n t s ɪ ɑ
ინტენსიური	i n tʼ ɛ n s i u r i
ინტერვენცია	ɪ n tʼ ɛ r v ɛ n t s ɪ ɑ
ინტერიერი	ɪ n tʼ ɛ r ɪ ɛ r ɪ
ინტერნეტი	ɪ n tʼ ɛ r n ɛ tʼ ɪ
ინფლაცია	ɪ n pʰ l ɑ t s ɪ ɑ
იოანე	ɪ ɔ ɑ n ɛ
იოლი	ɪ ɔ l ɪ
იონა	ɪ ɔ n ɑ
იპოვა	i pʼ ɔ v ɑ
ირანი	i r ɑ n i
ირანული	i r ɑ n u l i
ირლანდია	i r l ɑ n d i ɑ
ირლანდიური	ɪ r l ɑ n d ɪ u r ɪ
ირონია	i r ɔ n i ɑ
ირონიული	i r ɔ n i u l i
ისე	i s ɛ
ისევ	ɪ s ɛ v
ისევე	ɪ s ɛ v ɛ
ისეთი	ɪ s ɛ tʰ ɪ
ისლამური	ɪ s l ɑ m u r ɪ
ისრაელი	i s r ɑ ɛ l i
ისტორია	i s tʼ ɔ r i ɑ
ისტორიამ	ɪ s tʼ ɔ r ɪ ɑ m
ისტორიას	ɪ s tʼ ɔ r ɪ ɑ s
ისტორიით	ɪ s tʼ ɔ r ɪ ɪ tʰ
ისტორიის	ɪ s tʼ ɔ r ɪ ɪ s
ისტორიულად	ɪ s tʼ ɔ r ɪ u l ɑ d
ისტორიული	i s tʼ ɔ r i u l i
იტალიამ	ɪ tʼ ɑ l ɪ ɑ m
იტალიას	ɪ tʼ ɑ l ɪ ɑ s
იტალიელი	ɪ tʼ ɑ l ɪ ɛ l ɪ
იტალიის	ɪ tʼ ɑ l ɪ ɪ s
იტალიური	ɪ tʼ ɑ l ɪ u r ɪ
იუდაიზმი	ɪ u d ɑ ɪ z m ɪ
იუმორისტული	ɪ u m ɔ r ɪ s tʼ u l ɪ
იუნესკოს	ɪ u n ɛ s kʼ ɔ s
იუპიტერი	i u pʼ i tʼ ɛ r i
იურიდიული	ɪ u r ɪ d ɪ u l ɪ
იურისტი	ɪ u r ɪ s tʼ ɪ
იქვე	ɪ kʰ v ɛ
იქიდან	ɪ kʰ ɪ d ɑ n
იქნებ	ɪ kʰ n ɛ b
იქნება	ɪ kʰ n ɛ b ɑ
იყიდება	i qʼ i d ɛ b ɑ
იყოს	i qʼ ɔ s
იშვიათად	i ʃ v i ɑ tʰ ɑ d
იშვიათი	i ʃ v i ɑ tʰ i
იშხანი	ɪ ʃ χ ɑ n ɪ
იცით	i t s i tʰ
იძულებითი	i d z u l ɛ b i tʰ i
იწყება	i t sʼ qʼ ɛ b ɑ
იხდი	ɪ χ d ɪ
იხდიდა	ɪ χ d ɪ d ɑ
იხდის	i x d i s
იხილავს	i x i l ɑ v s
კაბა	kʼ ɑ b ɑ
კაბინეტი	kʼ ɑ b ɪ n ɛ tʼ ɪ
კავკასიამ	kʼ ɑ v kʼ ɑ s ɪ ɑ m
კავკასიელი	kʼ ɑ v kʼ ɑ s i ɛ l i
კავკასიური	kʼ ɑ v kʼ ɑ s i u r i
კავშირი	kʼ ɑ v ʃ i r i
კავშირს	kʼ ɑ v ʃ ɪ r s
კაზინო	kʼ ɑ z i n ɔ
კათედრა	kʼ ɑ tʰ ɛ d r ɑ
კათოლიკე	kʼ ɑ tʰ ɔ l ɪ kʼ ɛ
კათოლიკოსი	kʼ ɑ tʰ ɔ l ɪ kʼ ɔ s ɪ
კათოლიკური	kʼ ɑ tʰ ɔ l ɪ kʼ u r ɪ
კაი	kʼ ɑ i
კაკალი	kʼ ɑ kʼ ɑ l i
კაკოფონია	kʼ ɑ kʼ ɔ pʰ ɔ n ɪ ɑ
კალაპოტი	kʼ ɑ l ɑ pʼ ɔ tʼ i
კალენდარი	kʼ ɑ l ɛ n d ɑ r i
კამათი	kʼ ɑ m ɑ tʰ i
კამერა	kʼ ɑ m ɛ r ɑ
კამპანია	kʼ ɑ m pʼ ɑ n ɪ ɑ
კანადა	kʼ ɑ n ɑ d ɑ
კანადელი	kʼ ɑ n ɑ d ɛ l ɪ
კანდიდატი	kʼ ɑ n d i d ɑ tʼ i
კანი	kʼ ɑ n ɪ
კანიონი	kʼ ɑ n ɪ ɔ n ɪ
კანონი	kʼ ɑ n ɔ n i
კანონიერად	kʼ ɑ n ɔ n ɪ ɛ r ɑ d
კანონმდებლობა	kʼ ɑ n ɔ n m d ɛ b l ɔ b ɑ
კანონპროექტი	kʼ ɑ n ɔ n pʼ r ɔ ɛ kʰ tʼ ɪ
კანცლერი	kʼ ɑ n t s l ɛ r i
კაპიტალი	kʼ ɑ pʼ i tʼ ɑ l i
კაპიტანი	kʼ ɑ pʼ ɪ tʼ ɑ n ɪ
კაპრალი	kʼ ɑ pʼ r ɑ l ɪ
კარადა	kʼ ɑ r ɑ d ɑ
კარავი	kʼ ɑ r ɑ v i
კარგა	kʼ ɑ r ɡ ɑ
კარგად	kʼ ɑ r ɡ ɑ d
კარგავს	kʼ ɑ r ɡ ɑ v s
კარგი	kʼ ɑ r ɡ i
კარიერა	kʼ ɑ r ɪ ɛ r ɑ
კარით	kʼ ɑ r ɪ tʰ
კარის	kʼ ɑ r ɪ s
კარს	kʼ ɑ r s
კატალოგი	kʼ ɑ tʼ ɑ l ɔ ɡ ɪ
კატასტროფა	kʼ ɑ tʼ ɑ s tʼ r ɔ pʰ ɑ
კატეგორია	kʼ ɑ tʼ ɛ ɡ ɔ r ɪ ɑ
კატეგორიულად	kʼ ɑ tʼ ɛ ɡ ɔ r ɪ u l ɑ d
კატეგორიული	kʼ ɑ tʼ ɛ ɡ ɔ r ɪ u l ɪ
კაფე	kʼ ɑ pʰ ɛ
კაცად	kʼ ɑ t s ɑ d
კაცი	kʼ ɑ t s i
კაცით	kʼ ɑ t s i tʰ
კაცობრიობა	kʼ ɑ t s ɔ b r i ɔ b ɑ
კაცს	kʼ ɑ t s s
კახეთის	kʼ ɑ χ ɛ tʰ ɪ s
კახი	kʼ ɑ x i
კბილი	kʼ b i l i
კეთება	kʼ ɛ tʰ ɛ b ɑ
კეთილდღეობა	kʼ ɛ tʰ i l d ɣ ɛ ɔ b ɑ
კეთილი	kʼ ɛ tʰ i l i
კეთილსინდისიერად	kʼ ɛ tʰ ɪ l s ɪ n d ɪ s ɪ ɛ r ɑ d
კენჭი	kʼ ɛ n t ʃʼ i
კეპი	kʼ ɛ pʼ ɪ
კერავს	kʼ ɛ r ɑ v s
კერამიკული	kʼ ɛ r ɑ m ɪ kʼ u l ɪ
კერპი	kʼ ɛ r pʼ i
კერძი	kʼ ɛ r d z i
კერძო	kʼ ɛ r d z ɔ
კერძოდ	kʼ ɛ r d z ɔ d
კეტავს	kʼ ɛ tʼ ɑ v s
კვალი	kʼ v ɑ l i
კვარტალური	kʼ v ɑ r tʼ ɑ l u r ɪ
კვდება	kʼ v d ɛ b ɑ
კვერცხი	kʼ v ɛ r t s x i
კვირა	kʼ v i r ɑ
კვიცი	kʼ v i t s i
კვლავ	kʼ v l ɑ v
კვორუმი	kʼ v ɔ r u m ɪ
კი	kʼ i
კიბო	kʼ i b ɔ
კიდევ	kʼ ɪ d ɛ v
კიდულად	kʼ ɪ d u l ɑ d
კიევი	kʼ ɪ ɛ v ɪ
კითხვა	kʼ i tʰ x v ɑ
კილო	kʼ ɪ l ɔ
კილომეტრი	kʼ ɪ l ɔ m ɛ tʼ r ɪ
კინაღამ	kʼ ɪ n ɑ ʁ ɑ m
კინო	kʼ ɪ n ɔ
კლასი	kʼ l ɑ s i
კლასიკოსი	kʼ l ɑ s ɪ kʼ ɔ s ɪ
კლასიკური	kʼ l ɑ s i kʼ u r i
კლასის	kʼ l ɑ s ɪ s
კლასიფიკაცია	kʼ l ɑ s ɪ pʰ ɪ kʼ ɑ t s ɪ ɑ
კლდე	kʼ l d ɛ
კლივლენდი	kʼ l ɪ v l ɛ n d ɪ
კლიმატი	kʼ l ɪ m ɑ tʼ ɪ
კლიმატური	kʼ l ɪ m ɑ tʼ u r ɪ
კლინიკა	kʼ l ɪ n ɪ kʼ ɑ
კლინიკური	kʼ l ɪ n ɪ kʼ u r ɪ
კლუბი	kʼ l u b ɪ
კმაყოფილი	kʼ m ɑ qʼ ɔ pʰ i l i
კნუტი	kʼ n u tʼ i
კოალიცია	kʼ ɔ ɑ l ɪ t s ɪ ɑ
კობიაშვილი	kʼ ɔ b i ɑ ʃ v i l i
კოდი	kʼ ɔ d ɪ
კოეფიციენტი	kʼ ɔ ɛ pʰ i t s i ɛ n tʼ i
კოვზი	kʼ ɔ v z i
კოლორიტი	kʼ ɔ l ɔ r ɪ tʼ ɪ
კოლუმბიელი	kʼ ɔ l u m b ɪ ɛ l ɪ
კომბოსტო	kʼ ɔ m b ɔ s tʼ ɔ
კომედია	kʼ ɔ m ɛ d ɪ ɑ
კომერციული	kʼ ɔ m ɛ r t s i u l i
კომიკოსი	kʼ ɔ m ɪ kʼ ɔ s ɪ
კომიკური	kʼ ɔ m ɪ kʼ u r ɪ
კომპანია	kʼ ɔ m pʼ ɑ n ɪ ɑ
კომპენსაცია	kʼ ɔ m pʼ ɛ n s ɑ t s ɪ ɑ
კომპიუტერული	kʼ ɔ m pʼ ɪ u tʼ ɛ r u l ɪ
კომპლექსი	kʼ ɔ m pʼ l ɛ kʰ s ɪ
კომპლექსური	kʼ ɔ m pʼ l ɛ kʰ s u r i
კომპლექტი	kʼ ɔ m pʼ l ɛ kʰ tʼ ɪ
კომპოზიტორი	kʼ ɔ m pʼ ɔ z ɪ tʼ ɔ r ɪ
კომპონენტი	kʼ ɔ m pʼ ɔ n ɛ n tʼ ɪ
კომპრომატი	kʼ ɔ m pʼ r ɔ m ɑ tʼ ɪ
კომუნალური	kʼ ɔ m u n ɑ l u r ɪ
კომში	kʼ ɔ m ʃ ɪ
კონგრესი	kʼ ɔ n ɡ r ɛ s ɪ
კონიაკი	kʼ ɔ n ɪ ɑ kʼ ɪ
კონკრეტულად	kʼ ɔ n kʼ r ɛ tʼ u l ɑ d
კონკრეტული	kʼ ɔ n kʼ r ɛ tʼ u l ɪ
კონკურენცია	kʼ ɔ n kʼ u r ɛ n t s ɪ ɑ
კონსორციუმი	kʼ ɔ n s ɔ r t s ɪ u m ɪ
კონსტიტუცია	kʼ ɔ n s tʼ ɪ tʼ u t s ɪ ɑ
კონსტრუქცია	kʼ ɔ n s tʼ r u kʰ t s ɪ ɑ
კონსულტანტი	kʼ ɔ n s u l tʼ ɑ n tʼ ɪ
კონსულტაცია	kʼ ɔ n s u l tʼ ɑ t s ɪ ɑ
კონტაქტი	kʼ ɔ n tʼ ɑ kʰ tʼ ɪ
კონტექსტი	kʼ ɔ n tʼ ɛ kʰ s tʼ ɪ
კონტრაბანდა	kʼ ɔ n tʼ r ɑ b ɑ n d ɑ
კონტროლი	kʼ ɔ n tʼ r ɔ l i
კონფერენცია	kʼ ɔ n pʰ ɛ r ɛ n t s ɪ ɑ
კონფლიქტი	kʼ ɔ n pʰ l ɪ kʰ tʼ ɪ
კონცენტრაცია	kʼ ɔ n t s ɛ n tʼ r ɑ t s ɪ ɑ
კონცეპტუალურად	kʼ ɔ n t s ɛ pʼ tʼ u ɑ l u r ɑ d
კონცერტი	kʼ ɔ n t s ɛ r tʼ ɪ
კოორდინატორი	kʼ ɔ ɔ r d ɪ n ɑ tʼ ɔ r ɪ
კოორდინაცია	kʼ ɔ ɔ r d i n ɑ t s i ɑ
კორეელი	kʼ ɔ r ɛ ɛ l ɪ
კორპუსი	kʼ ɔ r pʼ u s i
კორტეჟი	kʼ ɔ r tʼ ɛ ʒ ɪ
კოსმეტიკური	kʼ ɔ s m ɛ tʼ ɪ kʼ u r ɪ
კოსმოსური	kʼ ɔ s m ɔ s u r ɪ
კოქტეილი	kʼ ɔ kʰ tʼ ɛ ɪ l ɪ
კოშკი	kʼ ɔ ʃ kʼ i
კოხტა	kʼ ɔ χ tʼ ɑ
კოჰაბიტაცია	kʼ ɔ h ɑ b i tʼ ɑ t s i ɑ
კრავი	kʼ r ɑ v i
კრება	kʼ r ɛ b ɑ
კრებული	kʼ r ɛ b u l ɪ
კრემლი	kʼ r ɛ m l i
კრეფა	kʼ r ɛ pʰ ɑ
კრივი	kʼ r ɪ v ɪ
კრისტალი	kʼ r ɪ s tʼ ɑ l ɪ
კრიტიკა	kʼ r i tʼ i kʼ ɑ
კრიტიკულად	kʼ r ɪ tʼ ɪ kʼ u l ɑ d
კრიტიკული	kʼ r ɪ tʼ ɪ kʼ u l ɪ
კუ	kʼ u
კუთვნილება	kʼ u tʰ v n ɪ l ɛ b ɑ
კუთხე	kʼ u tʰ x ɛ
კულინარია	kʼ u l ɪ n ɑ r ɪ ɑ
კულტურით	kʼ u l tʼ u r ɪ tʰ
კულტურის	kʼ u l tʼ u r ɪ s
კულტურული	kʼ u l tʼ u r u l ɪ
კუნთი	kʼ u n tʰ ɪ
კუნძული	kʼ u n d z u l i
კურდღელი	kʼ u r d ɣ ɛ l i
კურორტი	kʼ u r ɔ r tʼ i
კუჭი	kʼ u t ʃʼ i
ლაგამი	l ɑ ɡ ɑ m i
ლაგუნა	l ɑ ɡ u n ɑ
ლავა	l ɑ v ɑ
ლათინური	l ɑ tʰ i n u r i
ლამაზად	l ɑ m ɑ z ɑ d
ლამაზი	l ɑ m ɑ z i
ლამაზმანი	l ɑ m ɑ z m ɑ n ɪ
ლამის	l ɑ m ɪ s
ლანცეტი	l ɑ n t s ɛ tʼ ɪ
ლაპარაკი	l ɑ pʼ ɑ r ɑ kʼ i
ლარი	l ɑ r i
ლარისა	l ɑ r i s ɑ
ლატვია	l ɑ tʼ v i ɑ
ლაშა	l ɑ ʃ ɑ
ლაჩარი	l ɑ t ʃ ɑ r i
ლეგენდარული	l ɛ ɡ ɛ n d ɑ r u l ɪ
ლეგიონერი	l ɛ ɡ ɪ ɔ n ɛ r ɪ
ლევანი	l ɛ v ɑ n i
ლეიტენანტი	l ɛ ɪ tʼ ɛ n ɑ n tʼ ɪ
ლეტალური	l ɛ tʼ ɑ l u r ɪ
ლექსი	l ɛ kʰ s i
ლექსიკონი	l ɛ kʰ s i kʼ ɔ n i
ლექტორი	l ɛ kʰ tʼ ɔ r ɪ
ლიბერალიზმი	l ɪ b ɛ r ɑ l ɪ z m ɪ
ლიგა	l i ɡ ɑ
ლიდერობა	l i d ɛ r ɔ b ɑ
ლილი	l ɪ l ɪ
ლიმონი	l i m ɔ n i
ლინი	l ɪ n ɪ
ლიტერატურა	l ɪ tʼ ɛ r ɑ tʼ u r ɑ
ლიტერატურად	l ɪ tʼ ɛ r ɑ tʼ u r ɑ d
ლიტერატურას	l ɪ tʼ ɛ r ɑ tʼ u r ɑ s
ლიტერატურით	l ɪ tʼ ɛ r ɑ tʼ u r ɪ tʰ
ლიტერატურის	l ɪ tʼ ɛ r ɑ tʼ u r ɪ s
ლიტერატურული	l ɪ tʼ ɛ r ɑ tʼ u r u l ɪ
ლიტვა	l i tʼ v ɑ
ლიტრი	l ɪ tʼ r ɪ
ლოგიკურად	l ɔ ɡ ɪ kʼ u r ɑ d
ლოგინში	l ɔ ɡ ɪ n ʃ ɪ
ლოდი	l ɔ d i
ლოიალურად	l ɔ ɪ ɑ l u r ɑ d
ლოიალური	l ɔ ɪ ɑ l u r ɪ
ლოკალიზაცია	l ɔ kʼ ɑ l ɪ z ɑ t s ɪ ɑ
ლონდონი	l ɔ n d ɔ n ɪ
ლორი	l ɔ r ɪ
ლტოლვილი	l tʼ ɔ l v i l i
ლუდი	l u d i
ლუიზა	l u ɪ z ɑ
ლუკა	l u kʼ ɑ
ლურჯი	l u r d ʒ i
მაგ	m ɑ ɡ
მაგალითად	m ɑ ɡ ɑ l i tʰ ɑ d
მაგალითი	m ɑ ɡ ɑ l i tʰ i
მაგარი	m ɑ ɡ ɑ r i
მაგიდა	m ɑ ɡ i d ɑ
მაგიერ	m ɑ ɡ ɪ ɛ r
მაგნიტი	m ɑ ɡ n i tʼ i
მაგრა	m ɑ ɡ r ɑ
მაგრად	m ɑ ɡ r ɑ d
მაგრამ	m ɑ ɡ r ɑ m
მადაგასკარი	m ɑ d ɑ ɡ ɑ s kʼ ɑ r ɪ
მადლი	m ɑ d l i
მადლიერებით	m ɑ d l ɪ ɛ r ɛ b ɪ tʰ
მადლიერი	m ɑ d l ɪ ɛ r ɪ
მადლობა	m ɑ d l ɔ b ɑ
მადონა	m ɑ d ɔ n ɑ
მავთული	m ɑ v tʰ u l i
მავნე	m ɑ v n ɛ
მათ	m ɑ tʰ
მათთვის	m ɑ tʰ tʰ v ɪ s
მაინც	m ɑ i n t s
მაისი	m ɑ i s i
მაისით	m ɑ ɪ s ɪ tʰ
მაისის	m ɑ ɪ s ɪ s
მალავს	m ɑ l ɑ v s
მალე	m ɑ l ɛ
მალულად	m ɑ l u l ɑ d
მამა	m ɑ m ɑ
მამაკაცი	m ɑ m ɑ kʼ ɑ t s i
მამაჩემი	m ɑ m ɑ t ʃ ɛ m ɪ
მამუკა	m ɑ m u kʼ ɑ
მანამდე	m ɑ n ɑ m d ɛ
მანანა	m ɑ n ɑ n ɑ
მანდ	m ɑ n d
მანდარინი	m ɑ n d ɑ r i n i
მანიპულაცია	m ɑ n ɪ pʼ u l ɑ t s ɪ ɑ
მანქანა	m ɑ n kʰ ɑ n ɑ
მანქანას	m ɑ n kʰ ɑ n ɑ s
მანქანები	m ɑ n kʰ ɑ n ɛ b ɪ
მანქანით	m ɑ n kʰ ɑ n ɪ tʰ
მანქანის	m ɑ n kʰ ɑ n ɪ s
მანძილი	m ɑ n d z i l i
მაპატიეთ	m ɑ pʼ ɑ tʼ i ɛ tʰ
მარაგი	m ɑ r ɑ ɡ ɪ
მარადიული	m ɑ r ɑ d ɪ u l ɪ
მარგალიტი	m ɑ r ɡ ɑ l i tʼ i
მარდი	m ɑ r d i
მართა	m ɑ r tʰ ɑ
მართლა	m ɑ r tʰ l ɑ
მართლმადიდებელი	m ɑ r tʰ l m ɑ d i d ɛ b ɛ l i
მარია	m ɑ r ɪ ɑ
მარილი	m ɑ r i l i
მარიონეტი	m ɑ r ɪ ɔ n ɛ tʼ ɪ
მარიხუანა	m ɑ r ɪ χ u ɑ n ɑ
მარტი	m ɑ r tʼ i
მარტივად	m ɑ r tʼ ɪ v ɑ d
მარტივი	m ɑ r tʼ i v i
მარტის	m ɑ r tʼ ɪ s
მარტო	m ɑ r tʼ ɔ
მარტოხელა	m ɑ r tʼ ɔ x ɛ l ɑ
მარტს	m ɑ r tʼ s
მარცხენა	m ɑ r t s x ɛ n ɑ
მარცხნივ	m ɑ r t s χ n ɪ v
მარხვა	m ɑ r x v ɑ
მარჯვენა	m ɑ r d ʒ v ɛ n ɑ
მას	m ɑ s
მასალა	m ɑ s ɑ l ɑ
მასაჟი	m ɑ s ɑ ʒ ɪ
მასიურად	m ɑ s ɪ u r ɑ d
მასიური	m ɑ s i u r i
მასპინძელი	m ɑ s pʼ ɪ n d z ɛ l ɪ
მასშტაბი	m ɑ s ʃ tʼ ɑ b ɪ
მასწავლებელი	m ɑ s t sʼ ɑ v l ɛ b ɛ l i
მატარებელი	m ɑ tʼ ɑ r ɛ b ɛ l i
მატყუარა	m ɑ tʼ qʼ u ɑ r ɑ
მაქვს	m ɑ kʰ v s
მაქსიმალურად	m ɑ kʰ s ɪ m ɑ l u r ɑ d
მაქსიმალური	m ɑ kʰ s ɪ m ɑ l u r ɪ
მაქსიმუმი	m ɑ kʰ s ɪ m u m ɪ
მაღაზია	m ɑ ɣ ɑ z i ɑ
მაღლა	m ɑ ɣ l ɑ
მაშინ	m ɑ ʃ ɪ n
მაშინვე	m ɑ ʃ ɪ n v ɛ
მაცხოვრებელი	m ɑ t s χ ɔ v r ɛ b ɛ l ɪ
მახინჯი	m ɑ x i n d ʒ i
მბრძანებლურად	m b r d z ɑ n ɛ b l u r ɑ d
მგალობლიშვილი	m ɡ ɑ l ɔ b l i ʃ v i l i
მგზავრი	m ɡ z ɑ v r i
მგზავრობა	m ɡ z ɑ v r ɔ b ɑ
მგონი	m ɡ ɔ n i
მგრძნობიარე	m ɡ r d z n ɔ b i ɑ r ɛ
მდგომარეობა	m d ɡ ɔ m ɑ r ɛ ɔ b ɑ
მდებარეობს	m d ɛ b ɑ r ɛ ɔ b s
მდიდრული	m d ɪ d r u l ɪ
მდივანი	m d i v ɑ n i
მეათე	m ɛ ɑ tʰ ɛ
მებაღე	m ɛ b ɑ ɣ ɛ
მეგობრობა	m ɛ ɡ ɔ b r ɔ b ɑ
მეგობრული	m ɛ ɡ ɔ b r u l ɪ
მედალი	m ɛ d ɑ l ɪ
მედიცინა	m ɛ d i t s i n ɑ
მეექვსე	m ɛ ɛ kʰ v s ɛ
მეზობელი	m ɛ z ɔ b ɛ l i
მეზღვაური	m ɛ z ʁ v ɑ u r ɪ
მეთერთმეტე	m ɛ tʰ ɛ r tʰ m ɛ tʼ ɛ
მეთიუ	m ɛ tʰ ɪ u
მეთოდი	m ɛ tʰ ɔ d i
მეთოდური	m ɛ tʰ ɔ d u r ɪ
მეკარე	m ɛ kʼ ɑ r ɛ
მელანი	m ɛ l ɑ n ɪ
მელანქოლიური	m ɛ l ɑ n kʰ ɔ l ɪ u r ɪ
მელია	m ɛ l i ɑ
მელოდია	m ɛ l ɔ d ɪ ɑ
მემამულე	m ɛ m ɑ m u l ɛ
მემარცხენე	m ɛ m ɑ r t s x ɛ n ɛ
მემკვიდრეობით	m ɛ m kʼ v ɪ d r ɛ ɔ b ɪ tʰ
მემკვიდრეობის	m ɛ m kʼ v ɪ d r ɛ ɔ b ɪ s
მემორანდუმი	m ɛ m ɔ r ɑ n d u m ɪ
მენცარი	m ɛ n t s ɑ r ɪ
მეოთხე	m ɛ ɔ tʰ x ɛ
მეორე	m ɛ ɔ r ɛ
მეორედ	m ɛ ɔ r ɛ d
მეპატრონე	m ɛ pʼ ɑ tʼ r ɔ n ɛ
მერე	m ɛ r ɛ
მერვე	m ɛ r v ɛ
მერი	m ɛ r ɪ
მერხი	m ɛ r χ ɪ
მესამედ	m ɛ s ɑ m ɛ d
მესიჯი	m ɛ s ɪ d ʒ ɪ
მეტად	m ɛ tʼ ɑ d
მეტალურგი	m ɛ tʼ ɑ l u r ɡ ɪ
მეტეხი	m ɛ tʼ ɛ χ ɪ
მეტი	m ɛ tʼ i
მეტისმეტად	m ɛ tʼ ɪ s m ɛ tʼ ɑ d
მეტოქე	m ɛ tʼ ɔ kʰ ɛ
მეტრო	m ɛ tʼ r ɔ
მეტყველება	m ɛ tʼ qʼ v ɛ l ɛ b ɑ
მეფედ	m ɛ pʰ ɛ d
მეფუტკრე	m ɛ pʰ u tʼ kʼ r ɛ
მექანიზმი	m ɛ kʰ ɑ n i z m i
მექანიკური	m ɛ kʰ ɑ n i kʼ u r i
მეცნიერება	m ɛ t s n i ɛ r ɛ b ɑ
მეცნიერები	m ɛ t s n ɪ ɛ r ɛ b ɪ
მეცნიერი	m ɛ t s n i ɛ r i
მეცნიერულად	m ɛ t s n ɪ ɛ r u l ɑ d
მეცხრე	m ɛ t s x r ɛ
მეჭეჭი	m ɛ t ʃʼ ɛ t ʃʼ i
მეხუთე	m ɛ x u tʰ ɛ
მზა	m z ɑ
მზეს	m z ɛ s
მზიანი	m z ɪ ɑ n ɪ
მზის	m z ɪ s
მზრუნველობა	m z r u n v ɛ l ɔ b ɑ
მთავარი	m tʰ ɑ v ɑ r i
მთავრობა	m tʰ ɑ v r ɔ b ɑ
მთავრობამ	m tʰ ɑ v r ɔ b ɑ m
მთავრობას	m tʰ ɑ v r ɔ b ɑ s
მთავრობის	m tʰ ɑ v r ɔ b ɪ s
მთამსვლელი	m tʰ ɑ m s v l ɛ l ɪ
მთელი	m tʰ ɛ l i
მთვარე	m tʰ v ɑ r ɛ
მთვარის	m tʰ v ɑ r ɪ s
მთის	m tʰ i s
მთლიანად	m tʰ l i ɑ n ɑ d
მთლიანი	m tʰ l i ɑ n i
მთლიანობა	m tʰ l i ɑ n ɔ b ɑ
მიგნება	m ɪ ɡ n ɛ b ɑ
მიდიოდა	m ɪ d ɪ ɔ d ɑ
მიდის	m i d i s
მიერ	m ɪ ɛ r
მივდივარ	m ɪ v d ɪ v ɑ r
მივდიოდი	m ɪ v d ɪ ɔ d ɪ
მიზანი	m i z ɑ n i
მიზეზი	m i z ɛ z i
მითითება	m ɪ tʰ ɪ tʰ ɛ b ɑ
მითითებამ	m ɪ tʰ ɪ tʰ ɛ b ɑ m
მითითებას	m ɪ tʰ ɪ tʰ ɛ b ɑ s
მითითებით	m ɪ tʰ ɪ tʰ ɛ b ɪ tʰ
მიიღებს	m ɪ ɪ ʁ ɛ b s
მილიონერი	m ɪ l ɪ ɔ n ɛ r ɪ
მიმართ	m ɪ m ɑ r tʰ
მიმართულება	m ɪ m ɑ r tʰ u l ɛ b ɑ
მიმდინარე	m ɪ m d ɪ n ɑ r ɛ
მიმზიდველობა	m i m z i d v ɛ l ɔ b ɑ
მიმი	m ɪ m ɪ
მინდა	m ɪ n d ɑ
მინდია	m ɪ n d ɪ ɑ
მინერალური	m ɪ n ɛ r ɑ l u r ɪ
მინიატურა	m ɪ n ɪ ɑ tʼ u r ɑ
მინიმალურად	m ɪ n ɪ m ɑ l u r ɑ d
მინიმალური	m ɪ n ɪ m ɑ l u r ɪ
მინისებრი	m ɪ n ɪ s ɛ b r ɪ
მინისტრი	m i n i s tʼ r i
მინიშნება	m ɪ n ɪ ʃ n ɛ b ɑ
მინსკი	m ɪ n s kʼ ɪ
მინუსი	m ɪ n u s ɪ
მირანდა	m ɪ r ɑ n d ɑ
მის	m ɪ s
მისაღებად	m ɪ s ɑ ʁ ɛ b ɑ d
მისი	m i s i
მისცემს	m i s t s ɛ m s
მიუნხენი	m ɪ u n χ ɛ n ɪ
მიღება	m ɪ ʁ ɛ b ɑ
მიღებული	m ɪ ʁ ɛ b u l ɪ
მიღმა	m ɪ ʁ m ɑ
მიღწევა	m ɪ ʁ t sʼ ɛ v ɑ
მიყვარხარ	m i qʼ v ɑ r x ɑ r
მიშა	m i ʃ ɑ
მიშამ	m ɪ ʃ ɑ m
მიშას	m ɪ ʃ ɑ s
მიძღვნა	m ɪ d z ʁ v n ɑ
მიწა	m i t sʼ ɑ
მიწისქვეშა	m ɪ t sʼ ɪ s kʰ v ɛ ʃ ɑ
მიწისძვრა	m i t sʼ i s d z v r ɑ
მიწურული	m ɪ t sʼ u r u l ɪ
მიხარია	m ɪ χ ɑ r ɪ ɑ
მიხედვით	m ɪ χ ɛ d v ɪ tʰ
მიხეილ	m i x ɛ i l
მიხეილი	m i x ɛ i l i
მკაფიო	m kʼ ɑ pʰ ɪ ɔ
მკაფიოდ	m kʼ ɑ pʰ ɪ ɔ d
მკაცრად	m kʼ ɑ t s r ɑ d
მკაცრი	m kʼ ɑ t s r i
მკერდი	m kʼ ɛ r d i
მკვეთრი	m kʼ v ɛ tʰ r i
მკვლევარი	m kʼ v l ɛ v ɑ r ɪ
მკითხველი	m kʼ ɪ tʰ χ v ɛ l ɪ
მკრთალი	m kʼ r tʰ ɑ l ɪ
მკურნალობა	m kʼ u r n ɑ l ɔ b ɑ
მმართველი	m m ɑ r tʰ v ɛ l i
მმართველობა	m m ɑ r tʰ v ɛ l ɔ b ɑ
მმართველობამ	m m ɑ r tʰ v ɛ l ɔ b ɑ m
მმართველობის	m m ɑ r tʰ v ɛ l ɔ b i s
მნიშვნელობა	m n ɪ ʃ v n ɛ l ɔ b ɑ
მნიშვნელოვანი	m n ɪ ʃ v n ɛ l ɔ v ɑ n ɪ
მნიშვნელოვნად	m n ɪ ʃ v n ɛ l ɔ v n ɑ d
მოაზროვნე	m ɔ ɑ z r ɔ v n ɛ
მობილიზაცია	m ɔ b ɪ l ɪ z ɑ t s ɪ ɑ
მოგება	m ɔ ɡ ɛ b ɑ
მოგვიანებით	m ɔ ɡ v ɪ ɑ n ɛ b ɪ tʰ
მოგზაურობა	m ɔ ɡ z ɑ u r ɔ b ɑ
მოგზაურობს	m ɔ ɡ z ɑ u r ɔ b s
მოდელი	m ɔ d ɛ l ɪ
მოდერნიზაცია	m ɔ d ɛ r n ɪ z ɑ t s ɪ ɑ
მოდი	m ɔ d ɪ
მოდიოდა	m ɔ d i ɔ d ɑ
მოდის	m ɔ d i s
მოდურად	m ɔ d u r ɑ d
მოდური	m ɔ d u r i
მოედანი	m ɔ ɛ d ɑ n i
მოვა	m ɔ v ɑ
მოვალეობა	m ɔ v ɑ l ɛ ɔ b ɑ
მოვიდა	m ɔ v i d ɑ
მოვლენა	m ɔ v l ɛ n ɑ
მოთმინება	m ɔ tʰ m i n ɛ b ɑ
მოთხოვნა	m ɔ tʰ χ ɔ v n ɑ
მოთხრობა	m ɔ tʰ x r ɔ b ɑ
მოკავშირე	m ɔ kʼ ɑ v ʃ i r ɛ
მოკვლა	m ɔ kʼ v l ɑ
მოკლავს	m ɔ kʼ l ɑ v s
მოკლე	m ɔ kʼ l ɛ
მოკლედ	m ɔ kʼ l ɛ d
მოკლევადიანი	m ɔ kʼ l ɛ v ɑ d i ɑ n i
მოკრივე	m ɔ kʼ r ɪ v ɛ
მოკრძალებულად	m ɔ kʼ r d z ɑ l ɛ b u l ɑ d
მოლარე	m ɔ l ɑ r ɛ
მოლდოვა	m ɔ l d ɔ v ɑ
მოლეკულა	m ɔ l ɛ kʼ u l ɑ
მოლოდინი	m ɔ l ɔ d i n i
მომავალი	m ɔ m ɑ v ɑ l ɪ
მომავალში	m ɔ m ɑ v ɑ l ʃ ɪ
მომდევნო	m ɔ m d ɛ v n ɔ
მომენტი	m ɔ m ɛ n tʼ ɪ
მომღერალი	m ɔ m ʁ ɛ r ɑ l ɪ
მომხიბლავი	m ɔ m x i b l ɑ v i
მომხმარებელი	m ɔ m χ m ɑ r ɛ b ɛ l ɪ
მონა	m ɔ n ɑ
მონარქიული	m ɔ n ɑ r kʰ ɪ u l ɪ
მონაცემები	m ɔ n ɑ t s ɛ m ɛ b i
მონიკა	m ɔ n ɪ kʼ ɑ
მონოგრაფია	m ɔ n ɔ ɡ r ɑ pʰ ɪ ɑ
მონტაჟი	m ɔ n tʼ ɑ ʒ i
მორალი	m ɔ r ɑ l ɪ
მორალურად	m ɔ r ɑ l u r ɑ d
მორატორიუმი	m ɔ r ɑ tʼ ɔ r ɪ u m ɪ
მორგი	m ɔ r ɡ ɪ
მორცხვი	m ɔ r t s x v i
მორწმუნე	m ɔ r t sʼ m u n ɛ
მოსავალი	m ɔ s ɑ v ɑ l ɪ
მოსამსახურე	m ɔ s ɑ m s ɑ x u r ɛ
მოსახლეობა	m ɔ s ɑ x l ɛ ɔ b ɑ
მოსახლეობამ	m ɔ s ɑ χ l ɛ ɔ b ɑ m
მოსახლეობას	m ɔ s ɑ χ l ɛ ɔ b ɑ s
მოსახლეობის	m ɔ s ɑ χ l ɛ ɔ b ɪ s
მოსკოვი	m ɔ s kʼ ɔ v ɪ
მოსკოვის	m ɔ s kʼ ɔ v ɪ s
მოსკოვმა	m ɔ s kʼ ɔ v m ɑ
მოსკოვს	m ɔ s kʼ ɔ v s
მოსწავლე	m ɔ s t sʼ ɑ v l ɛ
მოტივაცია	m ɔ tʼ ɪ v ɑ t s ɪ ɑ
მოტივი	m ɔ tʼ ɪ v ɪ
მოტოციკლი	m ɔ tʼ ɔ t s ɪ kʼ l ɪ
მოუთმენლად	m ɔ u tʰ m ɛ n l ɑ d
მოულოდნელად	m ɔ u l ɔ d n ɛ l ɑ d
მოულოდნელობა	m ɔ u l ɔ d n ɛ l ɔ b ɑ
მოქალაქე	m ɔ kʰ ɑ l ɑ kʰ ɛ
მოქალაქეობა	m ɔ kʰ ɑ l ɑ kʰ ɛ ɔ b ɑ
მოქანდაკე	m ɔ kʰ ɑ n d ɑ kʼ ɛ
მოქნილად	m ɔ kʰ n i l ɑ d
მოღვაწე	m ɔ ʁ v ɑ t sʼ ɛ
მოღვაწეობა	m ɔ ʁ v ɑ t sʼ ɛ ɔ b ɑ
მოშორებით	m ɔ ʃ ɔ r ɛ b ɪ tʰ
მოციქული	m ɔ t s i kʰ u l i
მოცურავე	m ɔ t s u r ɑ v ɛ
მოწინავე	m ɔ t sʼ i n ɑ v ɛ
მოწიწებით	m ɔ t sʼ ɪ t sʼ ɛ b ɪ tʰ
მოწმე	m ɔ t sʼ m ɛ
მოწმობა	m ɔ t sʼ m ɔ b ɑ
მოწოდება	m ɔ t sʼ ɔ d ɛ b ɑ
მოწყობილობა	m ɔ t sʼ qʼ ɔ b ɪ l ɔ b ɑ
მოხელე	m ɔ x ɛ l ɛ
მოხერხებული	m ɔ x ɛ r x ɛ b u l i
მოხსენება	m ɔ χ s ɛ n ɛ b ɑ
მოხუცი	m ɔ x u t s i
მრავალი	m r ɑ v ɑ l i
მრავალჯერადი	m r ɑ v ɑ l d ʒ ɛ r ɑ d ɪ
მრავლობითი	m r ɑ v l ɔ b i tʰ i
მრგვალი	m r ɡ v ɑ l i
მრეწველობა	m r ɛ t sʼ v ɛ l ɔ b ɑ
მრისხანედ	m r ɪ s χ ɑ n ɛ d
მსახიობი	m s ɑ χ ɪ ɔ b ɪ
მსგავსად	m s ɡ ɑ v s ɑ d
მსგავსი	m s ɡ ɑ v s ɪ
მსოფლიომ	m s ɔ pʰ l ɪ ɔ m
მსოფლიოს	m s ɔ pʰ l ɪ ɔ s
მსროლელი	m s r ɔ l ɛ l ɪ
მსუბუქად	m s u b u kʰ ɑ d
მსხვერპლი	m s χ v ɛ r pʼ l ɪ
მსხვილი	m s x v i l i
მსჯელობა	m s d ʒ ɛ l ɔ b ɑ
მტაცებლური	m tʼ ɑ t s ɛ b l u r ɪ
მტერი	m tʼ ɛ r i
მტკვარი	m tʼ kʼ v ɑ r i
მტკივნეული	m tʼ kʼ i v n ɛ u l i
მტკიცე	m tʼ kʼ i t s ɛ
მტკიცებულება	m tʼ kʼ ɪ t s ɛ b u l ɛ b ɑ
მტკიცედ	m tʼ kʼ i t s ɛ d
მტყუანი	m tʼ qʼ u ɑ n ɪ
მუდამ	m u d ɑ m
მუდმივად	m u d m ɪ v ɑ d
მუზეუმი	m u z ɛ u m ɪ
მუნიანი	m u n ɪ ɑ n ɪ
მუნიციპალიტეტი	m u n ɪ t s ɪ pʼ ɑ l ɪ tʼ ɛ tʼ ɪ
მუნიციპალიტეტის	m u n ɪ t s ɪ pʼ ɑ l ɪ tʼ ɛ tʼ ɪ s
მუნიციპალიტეტმა	m u n ɪ t s ɪ pʼ ɑ l ɪ tʼ ɛ tʼ m ɑ
მუნიციპალიტეტს	m u n ɪ t s ɪ pʼ ɑ l ɪ tʼ ɛ tʼ s
მუნიციპალური	m u n ɪ t s ɪ pʼ ɑ l u r ɪ
მუნჯი	m u n d ʒ i
მუსიკალურად	m u s ɪ kʼ ɑ l u r ɑ d
მუსიკალური	m u s ɪ kʼ ɑ l u r ɪ
მუსიკას	m u s ɪ kʼ ɑ s
მუსიკით	m u s ɪ kʼ ɪ tʰ
მუსიკის	m u s ɪ kʼ ɪ s
მუსიკოსი	m u s ɪ kʼ ɔ s ɪ
მუქარით	m u kʰ ɑ r ɪ tʰ
მუშა	m u ʃ ɑ
მუშაობა	m u ʃ ɑ ɔ b ɑ
მუხლი	m u x l i
მქონდა	m kʰ ɔ n d ɑ
მღვრიე	m ʁ v r ɪ ɛ
მყარად	m qʼ ɑ r ɑ d
მყარი	m qʼ ɑ r i
მყისიერი	m qʼ ɪ s ɪ ɛ r ɪ
მყოფი	m qʼ ɔ pʰ ɪ
მყუდრო	m qʼ u d r ɔ
მშენებლობა	m ʃ ɛ n ɛ b l ɔ b ɑ
მშვენიერი	m ʃ v ɛ n i ɛ r i
მშვენივრად	m ʃ v ɛ n ɪ v r ɑ d
მშვიდად	m ʃ v ɪ d ɑ d
მშვიდი	m ʃ v i d i
მშვიდობა	m ʃ v i d ɔ b ɑ
მშვიდობიანად	m ʃ v ɪ d ɔ b ɪ ɑ n ɑ d
მშვიდობიანი	m ʃ v ɪ d ɔ b ɪ ɑ n ɪ
მშვიდობით	m ʃ v i d ɔ b i tʰ
მშობელი	m ʃ ɔ b ɛ l i
მშობიარობა	m ʃ ɔ b ɪ ɑ r ɔ b ɑ
მშობლიური	m ʃ ɔ b l ɪ u r ɪ
მშრალად	m ʃ r ɑ l ɑ d
მშრალი	m ʃ r ɑ l i
მცდარი	m t s d ɑ r i
მცდელობა	m t s d ɛ l ɔ b ɑ
მცენარე	m t s ɛ n ɑ r ɛ
მცირე	m t s i r ɛ
მცოდნე	m t s ɔ d n ɛ
მძიმე	m d z i m ɛ
მძინარე	m d z ɪ n ɑ r ɛ
მძულვარება	m d z u l v ɑ r ɛ b ɑ
მძღოლი	m d z ʁ ɔ l ɪ
მწარე	m t sʼ ɑ r ɛ
მწვავე	m t sʼ v ɑ v ɛ
მწვავედ	m t sʼ v ɑ v ɛ d
მწვანე	m t sʼ v ɑ n ɛ
მწვანილი	m t sʼ v ɑ n ɪ l ɪ
მწვრთნელი	m t sʼ v r tʰ n ɛ l i
მწირი	m t sʼ i r i
მწყემსი	m t sʼ qʼ ɛ m s ɪ
მჭედლიშვილი	m t ʃʼ ɛ d l i ʃ v i l i
მჭიდრო	m t ʃʼ i d r ɔ
მჭიდროდ	m t ʃʼ ɪ d r ɔ d
მხარე	m x ɑ r ɛ
მხარემ	m χ ɑ r ɛ m
მხარეს	m χ ɑ r ɛ s
მხარი	m x ɑ r i
მხარით	m χ ɑ r ɪ tʰ
მხარის	m χ ɑ r ɪ s
მხატვარი	m χ ɑ tʼ v ɑ r ɪ
მხდალი	m x d ɑ l i
მხედველობა	m χ ɛ d v ɛ l ɔ b ɑ
მხიარული	m x i ɑ r u l i
მხნედ	m χ n ɛ d
მხოლოდ	m x ɔ l ɔ d
მხურვალედ	m χ u r v ɑ l ɛ d
მჯდომარე	m d ʒ d ɔ m ɑ r ɛ
ნაადრევი	n ɑ ɑ d r ɛ v i
ნაბიჭვარი	n ɑ b ɪ t ʃʼ v ɑ r ɪ
ნაბიჯი	n ɑ b i d ʒ i
ნაგებობა	n ɑ ɡ ɛ b ɔ b ɑ
ნავთობი	n ɑ v tʰ ɔ b ɪ
ნავი	n ɑ v ɪ
ნათელა	n ɑ tʰ ɛ l ɑ
ნათესავი	n ɑ tʰ ɛ s ɑ v ɪ
ნათია	n ɑ tʰ i ɑ
ნათლად	n ɑ tʰ l ɑ d
ნაირა	n ɑ ɪ r ɑ
ნაკადი	n ɑ kʼ ɑ d i
ნაკერი	n ɑ kʼ ɛ r i
ნაკლებად	n ɑ kʼ l ɛ b ɑ d
ნაკლები	n ɑ kʼ l ɛ b i
ნაკლებობა	n ɑ kʼ l ɛ b ɔ b ɑ
ნაკლი	n ɑ kʼ l i
ნაკრები	n ɑ kʼ r ɛ b ɪ
ნამდვილად	n ɑ m d v i l ɑ d
ნამდვილი	n ɑ m d v i l i
ნამდვილობა	n ɑ m d v i l ɔ b ɑ
ნანახი	n ɑ n ɑ χ ɪ
ნაპირზე	n ɑ pʼ ɪ r z ɛ
ნაპირისკენ	n ɑ pʼ ɪ r ɪ s kʼ ɛ n
ნაპრალი	n ɑ pʼ r ɑ l ɪ
ნარგიზი	n ɑ r ɡ i z i
ნარინჯისფერი	n ɑ r i n d ʒ i s pʰ ɛ r i
ნარკოტიკი	n ɑ r kʼ ɔ tʼ i kʼ i
ნარკოტიკული	n ɑ r kʼ ɔ tʼ ɪ kʼ u l ɪ
ნარჩენი	n ɑ r t ʃ ɛ n ɪ
ნატეხი	n ɑ tʼ ɛ x i
ნაღდად	n ɑ ʁ d ɑ d
ნაღდი	n ɑ ʁ d ɪ
ნაყინი	n ɑ qʼ i n i
ნაყოფი	n ɑ qʼ ɔ pʰ i
ნაყოფიერად	n ɑ qʼ ɔ pʰ ɪ ɛ r ɑ d
ნაყოფიერი	n ɑ qʼ ɔ pʰ i ɛ r i
ნაშიერი	n ɑ ʃ i ɛ r i
ნაჩქარევად	n ɑ t ʃ kʰ ɑ r ɛ v ɑ d
ნაჩქარევი	n ɑ t ʃ kʰ ɑ r ɛ v ɪ
ნაცვლად	n ɑ t s v l ɑ d
ნაციონალი	n ɑ t s i ɔ n ɑ l i
ნაცისტური	n ɑ t s ɪ s tʼ u r ɪ
ნაცნობი	n ɑ t s n ɔ b i
ნაცრისფერი	n ɑ t s r i s pʰ ɛ r i
ნაძვი	n ɑ d z v i
ნაძირალა	n ɑ d z ɪ r ɑ l ɑ
ნაწარმი	n ɑ t sʼ ɑ r m ɪ
ნაწილობრივ	n ɑ t sʼ ɪ l ɔ b r ɪ v
ნაწილობრივი	n ɑ t sʼ ɪ l ɔ b r ɪ v ɪ
ნაჭუჭი	n ɑ t ʃʼ u t ʃʼ ɪ
ნახავს	n ɑ x ɑ v s
ნახევარი	n ɑ x ɛ v ɑ r i
ნახევარკუნძული	n ɑ x ɛ v ɑ r kʼ u n d z u l i
ნახევრად	n ɑ x ɛ v r ɑ d
ნაჯახი	n ɑ d ʒ ɑ x i
ნგრევა	n ɡ r ɛ v ɑ
ნდობა	n d ɔ b ɑ
ნდობით	n d ɔ b i tʰ
ნება	n ɛ b ɑ
ნებისმიერი	n ɛ b i s m i ɛ r i
ნედლი	n ɛ d l i
ნეიტრალიტეტი	n ɛ i tʼ r ɑ l i tʼ ɛ tʼ i
ნეიტრალური	n ɛ ɪ tʼ r ɑ l u r ɪ
ნელი	n ɛ l i
ნერვიულად	n ɛ r v i u l ɑ d
ნერვიულობა	n ɛ r v i u l ɔ b ɑ
ნერვული	n ɛ r v u l i
ნიგვზიანი	n ɪ ɡ v z ɪ ɑ n ɪ
ნიგოზი	n i ɡ ɔ z i
ნივთიერება	n i v tʰ i ɛ r ɛ b ɑ
ნიკოლოზ	n i kʼ ɔ l ɔ z
ნიმუში	n ɪ m u ʃ ɪ
ნიორი	n ɪ ɔ r ɪ
ნიუანსი	n ɪ u ɑ n s ɪ
ნიშანი	n i ʃ ɑ n i
ნიშნავს	n ɪ ʃ n ɑ v s
ნიჭი	n i t ʃʼ i
ნიჭიერი	n i t ʃʼ i ɛ r i
ნოემბერი	n ɔ ɛ m b ɛ r i
ნოვატორი	n ɔ v ɑ tʼ ɔ r ɪ
ნომერი	n ɔ m ɛ r i
ნომინალური	n ɔ m ɪ n ɑ l u r ɪ
ნომინაცია	n ɔ m ɪ n ɑ t s ɪ ɑ
ნორვეგია	n ɔ r v ɛ ɡ i ɑ
ნორმალურად	n ɔ r m ɑ l u r ɑ d
ნორმალური	n ɔ r m ɑ l u r i
ნოსტალგია	n ɔ s tʼ ɑ l ɡ ɪ ɑ
ნოტიო	n ɔ tʼ ɪ ɔ
ნუგეში	n u ɡ ɛ ʃ i
ნუთუ	n u tʰ u
ნულოვანი	n u l ɔ v ɑ n ɪ
ნუღარ	n u ʁ ɑ r
ობიექტი	ɔ b ɪ ɛ kʰ tʼ ɪ
ობიექტური	ɔ b i ɛ kʰ tʼ u r i
ობიექტურობა	ɔ b i ɛ kʰ tʼ u r ɔ b ɑ
ოდესმე	ɔ d ɛ s m ɛ
ოდისეა	ɔ d ɪ s ɛ ɑ
ოდნავ	ɔ d n ɑ v
ოზურგეთი	ɔ z u r ɡ ɛ tʰ i
ოთახი	ɔ tʰ ɑ χ ɪ
ოთხი	ɔ tʰ x i
ოთხმხრივი	ɔ tʰ χ m χ r ɪ v ɪ
ოთხფეხი	ɔ tʰ χ pʰ ɛ χ ɪ
ოკუპირებული	ɔ kʼ u pʼ i r ɛ b u l i
ოლიმპიადა	ɔ l ɪ m pʼ ɪ ɑ d ɑ
ოლიმპიური	ɔ l ɪ m pʼ ɪ u r ɪ
ომბუდსმენი	ɔ m b u d s m ɛ n ɪ
ომით	ɔ m ɪ tʰ
ომის	ɔ m ɪ s
ომს	ɔ m s
ოპერა	ɔ pʼ ɛ r ɑ
ოპერატორი	ɔ pʼ ɛ r ɑ tʼ ɔ r i
ოპოზიცია	ɔ pʼ ɔ z ɪ t s ɪ ɑ
ოპონენტი	ɔ pʼ ɔ n ɛ n tʼ i
ორაზროვანი	ɔ r ɑ z r ɔ v ɑ n i
ორგანიზატორი	ɔ r ɡ ɑ n ɪ z ɑ tʼ ɔ r ɪ
ორგანიზმი	ɔ r ɡ ɑ n ɪ z m ɪ
ორგანო	ɔ r ɡ ɑ n ɔ
ორგანულად	ɔ r ɡ ɑ n u l ɑ d
ორგანული	ɔ r ɡ ɑ n u l i
ორთქლი	ɔ r tʰ kʰ l i
ორიანი	ɔ r ɪ ɑ n ɪ
ორიგინალი	ɔ r i ɡ i n ɑ l i
ორიენტაცია	ɔ r ɪ ɛ n tʼ ɑ t s ɪ ɑ
ორივე	ɔ r i v ɛ
ორკესტრი	ɔ r kʼ ɛ s tʼ r ɪ
ორმაგად	ɔ r m ɑ ɡ ɑ d
ორმო	ɔ r m ɔ
ორმხრივი	ɔ r m χ r ɪ v ɪ
ორპალატიანი	ɔ r pʼ ɑ l ɑ tʼ ɪ ɑ n ɪ
ოსეთი	ɔ s ɛ tʰ i
ოსი	ɔ s i
ოსტატობა	ɔ s tʼ ɑ tʼ ɔ b ɑ
ოფიცერი	ɔ pʰ ɪ t s ɛ r ɪ
ოფიციალური	ɔ pʰ i t s i ɑ l u r i
ოფლი	ɔ pʰ l i
ოქროს	ɔ kʰ r ɔ s
ოქტეტი	ɔ kʰ tʼ ɛ tʼ ɪ
ოღონდ	ɔ ɣ ɔ n d
ოცდახუთი	ɔ t s d ɑ x u tʰ i
ოცი	ɔ t s i
ოცნება	ɔ t s n ɛ b ɑ
ოჯახი	ɔ d ʒ ɑ x i
ოჯახური	ɔ d ʒ ɑ χ u r ɪ
ოჯახში	ɔ d ʒ ɑ χ ʃ ɪ
პაემანი	pʼ ɑ ɛ m ɑ n ɪ
პავლე	pʼ ɑ v l ɛ
პათოსი	pʼ ɑ tʰ ɔ s ɪ
პალატა	pʼ ɑ l ɑ tʼ ɑ
პალერმო	pʼ ɑ l ɛ r m ɔ
პალიტრა	pʼ ɑ l ɪ tʼ r ɑ
პალტო	pʼ ɑ l tʼ ɔ
პანორამული	pʼ ɑ n ɔ r ɑ m u l ɪ
პაპა	pʼ ɑ pʼ ɑ
პაპი	pʼ ɑ pʼ i
პარაზიტი	pʼ ɑ r ɑ z ɪ tʼ ɪ
პარალელური	pʼ ɑ r ɑ l ɛ l u r i
პარამეტრი	pʼ ɑ r ɑ m ɛ tʼ r ɪ
პარლამენტარი	pʼ ɑ r l ɑ m ɛ n tʼ ɑ r ɪ
პარლამენტი	pʼ ɑ r l ɑ m ɛ n tʼ ɪ
პარტია	pʼ ɑ r tʼ ɪ ɑ
პარტიად	pʼ ɑ r tʼ ɪ ɑ d
პარტიამ	pʼ ɑ r tʼ ɪ ɑ m
პარტიას	pʼ ɑ r tʼ ɪ ɑ s
პარტიზანული	pʼ ɑ r tʼ ɪ z ɑ n u l ɪ
პარტიის	pʼ ɑ r tʼ ɪ ɪ s
პარტნიორობა	pʼ ɑ r tʼ n i ɔ r ɔ b ɑ
პასიური	pʼ ɑ s i u r i
პასუხი	pʼ ɑ s u x i
პასუხისმგებელი	pʼ ɑ s u x i s m ɡ ɛ b ɛ l i
პასუხისმგებლობა	pʼ ɑ s u x i s m ɡ ɛ b l ɔ b ɑ
პასუხისმგებლობით	pʼ ɑ s u χ ɪ s m ɡ ɛ b l ɔ b ɪ tʰ
პასუხობს	pʼ ɑ s u x ɔ b s
პატარა	pʼ ɑ tʼ ɑ r ɑ
პატივი	pʼ ɑ tʼ i v i
პატივისცემა	pʼ ɑ tʼ ɪ v ɪ s t s ɛ m ɑ
პატივისცემით	pʼ ɑ tʼ ɪ v ɪ s t s ɛ m ɪ tʰ
პატივსაცემად	pʼ ɑ tʼ ɪ v s ɑ t s ɛ m ɑ d
პატივცემული	pʼ ɑ tʼ ɪ v t s ɛ m u l ɪ
პატიმრობა	pʼ ɑ tʼ ɪ m r ɔ b ɑ
პატიოსანი	pʼ ɑ tʼ i ɔ s ɑ n i
პატრიოტი	pʼ ɑ tʼ r ɪ ɔ tʼ ɪ
პატრიოტიზმი	pʼ ɑ tʼ r ɪ ɔ tʼ ɪ z m ɪ
პატრიცია	pʼ ɑ tʼ r ɪ t s ɪ ɑ
პატრონი	pʼ ɑ tʼ r ɔ n i
პატრული	pʼ ɑ tʼ r u l ɪ
პაციენტი	pʼ ɑ t s ɪ ɛ n tʼ ɪ
პედაგოგი	pʼ ɛ d ɑ ɡ ɔ ɡ ɪ
პედაგოგიური	pʼ ɛ d ɑ ɡ ɔ ɡ i u r i
პენი	pʼ ɛ n ɪ
პენსია	pʼ ɛ n s i ɑ
პენსიონერი	pʼ ɛ n s ɪ ɔ n ɛ r ɪ
პეპელა	pʼ ɛ pʼ ɛ l ɑ
პერანგი	pʼ ɛ r ɑ n ɡ i
პერიმეტრი	pʼ ɛ r ɪ m ɛ tʼ r ɪ
პერიოდით	pʼ ɛ r ɪ ɔ d ɪ tʰ
პერიოდის	pʼ ɛ r ɪ ɔ d ɪ s
პერიოდს	pʼ ɛ r ɪ ɔ d s
პერიოდული	pʼ ɛ r i ɔ d u l i
პერიფერიული	pʼ ɛ r ɪ pʰ ɛ r ɪ u l ɪ
პერსონა	pʼ ɛ r s ɔ n ɑ
პერსპექტივა	pʼ ɛ r s pʼ ɛ kʰ tʼ ɪ v ɑ
პეტიცია	pʼ ɛ tʼ ɪ t s ɪ ɑ
პიანისტი	pʼ ɪ ɑ n ɪ s tʼ ɪ
პიარი	pʼ ɪ ɑ r ɪ
პიკი	pʼ ɪ kʼ ɪ
პილოტი	pʼ ɪ l ɔ tʼ ɪ
პილოტური	pʼ ɪ l ɔ tʼ u r ɪ
პირად	pʼ ɪ r ɑ d
პირადად	pʼ i r ɑ d ɑ d
პირადი	pʼ i r ɑ d i
პირდაპირ	pʼ ɪ r d ɑ pʼ ɪ r
პირდაპირი	pʼ i r d ɑ pʼ i r i
პირველი	pʼ i r v ɛ l i
პირველობა	pʼ i r v ɛ l ɔ b ɑ
პირველყოფილი	pʼ ɪ r v ɛ l qʼ ɔ pʰ ɪ l ɪ
პირის	pʼ ɪ r ɪ s
პირისპირ	pʼ ɪ r ɪ s pʼ ɪ r
პირიქით	pʼ ɪ r ɪ kʰ ɪ tʰ
პირობა	pʼ i r ɔ b ɑ
პირობითად	pʼ ɪ r ɔ b ɪ tʰ ɑ d
პირობითი	pʼ i r ɔ b i tʰ i
პიროტექნიკა	pʼ ɪ r ɔ tʼ ɛ kʰ n ɪ kʼ ɑ
პირს	pʼ ɪ r s
პისტოლეტი	pʼ i s tʼ ɔ l ɛ tʼ i
პლანეტა	pʼ l ɑ n ɛ tʼ ɑ
პლატფორმა	pʼ l ɑ tʼ pʰ ɔ r m ɑ
პლაცდარმი	pʼ l ɑ t s d ɑ r m ɪ
პლენარული	pʼ l ɛ n ɑ r u l ɪ
პლუსი	pʼ l u s ɪ
პოეზია	pʼ ɔ ɛ z ɪ ɑ
პოეტი	pʼ ɔ ɛ tʼ ɪ
პოვნა	pʼ ɔ v n ɑ
პოზიტივი	pʼ ɔ z ɪ tʼ ɪ v ɪ
პოზიტივისტი	pʼ ɔ z ɪ tʼ ɪ v ɪ s tʼ ɪ
პოზიტიური	pʼ ɔ z i tʼ i u r i
პოზიცია	pʼ ɔ z ɪ t s ɪ ɑ
პოკერი	pʼ ɔ kʼ ɛ r ɪ
პოლ	pʼ ɔ l
პოლარიზაცია	pʼ ɔ l ɑ r ɪ z ɑ t s ɪ ɑ
პოლიტიკა	pʼ ɔ l ɪ tʼ ɪ kʼ ɑ
პოლიტიკურად	pʼ ɔ l ɪ tʼ ɪ kʼ u r ɑ d
პოლიტიკური	pʼ ɔ l i tʼ i kʼ u r i
პოლიფონიური	pʼ ɔ l ɪ pʰ ɔ n ɪ u r ɪ
პოლიციელი	pʼ ɔ l ɪ t s ɪ ɛ l ɪ
პოლონური	pʼ ɔ l ɔ n u r ɪ
პომადა	pʼ ɔ m ɑ d ɑ
პოპულარობა	pʼ ɔ pʼ u l ɑ r ɔ b ɑ
პორტატული	pʼ ɔ r tʼ ɑ tʼ u l ɪ
პორტუგალიას	pʼ ɔ r tʼ u ɡ ɑ l ɪ ɑ s
პორტფელი	pʼ ɔ r tʼ pʰ ɛ l ɪ
პოსტულატი	pʼ ɔ s tʼ u l ɑ tʼ ɪ
პოტენციურად	pʼ ɔ tʼ ɛ n t s ɪ u r ɑ d
პოტენციური	pʼ ɔ tʼ ɛ n t s i u r i
პრაქტიკოსი	pʼ r ɑ kʰ tʼ ɪ kʼ ɔ s ɪ
პრაქტიკულად	pʼ r ɑ kʰ tʼ ɪ kʼ u l ɑ d
პრაქტიკული	pʼ r ɑ kʰ tʼ i kʼ u l i
პრაღა	pʼ r ɑ ʁ ɑ
პრეზიდენტი	pʼ r ɛ z ɪ d ɛ n tʼ ɪ
პრემიერა	pʼ r ɛ m ɪ ɛ r ɑ
პრეროგატივა	pʼ r ɛ r ɔ ɡ ɑ tʼ ɪ v ɑ
პრესტიჟული	pʼ r ɛ s tʼ ɪ ʒ u l ɪ
პრეტენდენტი	pʼ r ɛ tʼ ɛ n d ɛ n tʼ ɪ
პრეტენზია	pʼ r ɛ tʼ ɛ n z ɪ ɑ
პრეტენზიული	pʼ r ɛ tʼ ɛ n z ɪ u l ɪ
პრიზი	pʼ r ɪ z ɪ
პრიორიტეტი	pʼ r ɪ ɔ r ɪ tʼ ɛ tʼ ɪ
პრობლემა	pʼ r ɔ b l ɛ m ɑ
პრობლემას	pʼ r ɔ b l ɛ m ɑ s
პროგნოზი	pʼ r ɔ ɡ n ɔ z ɪ
პროგრამა	pʼ r ɔ ɡ r ɑ m ɑ
პროდიუსერი	pʼ r ɔ d ɪ u s ɛ r ɪ
პროდუქტი	pʼ r ɔ d u kʰ tʼ i
პროდუქტიულად	pʼ r ɔ d u kʰ tʼ ɪ u l ɑ d
პროექტი	pʼ r ɔ ɛ kʰ tʼ ɪ
პროვინცია	pʼ r ɔ v i n t s i ɑ
პროვინციის	pʼ r ɔ v ɪ n t s ɪ ɪ s
პროვინციულად	pʼ r ɔ v ɪ n t s ɪ u l ɑ d
პროვოკაცია	pʼ r ɔ v ɔ kʼ ɑ t s i ɑ
პროპაგანდა	pʼ r ɔ pʼ ɑ ɡ ɑ n d ɑ
პროპორციული	pʼ r ɔ pʼ ɔ r t s i u l i
პროტაქტინიუმი	pʼ r ɔ tʼ ɑ kʰ tʼ i n i u m i
პროტესტი	pʼ r ɔ tʼ ɛ s tʼ ɪ
პროტოკოლი	pʼ r ɔ tʼ ɔ kʼ ɔ l ɪ
პროფესია	pʼ r ɔ pʰ ɛ s ɪ ɑ
პროფესიონალი	pʼ r ɔ pʰ ɛ s i ɔ n ɑ l i
პროფესიული	pʼ r ɔ pʰ ɛ s i u l i
პროფესორი	pʼ r ɔ pʰ ɛ s ɔ r ɪ
პროფილი	pʼ r ɔ pʰ ɪ l ɪ
პროცედურული	pʼ r ɔ t s ɛ d u r u l ɪ
პროცენტი	pʼ r ɔ t s ɛ n tʼ ɪ
პროცესი	pʼ r ɔ t s ɛ s ɪ
პროცესია	pʼ r ɔ t s ɛ s ɪ ɑ
პუბლიკა	pʼ u b l ɪ kʼ ɑ
პუბლიცისტი	pʼ u b l ɪ t s ɪ s tʼ ɪ
პუნქტი	pʼ u n kʰ tʼ i
პური	pʼ u r i
ჟანგბადი	ʒ ɑ n ɡ b ɑ d i
ჟვანია	ʒ v ɑ n i ɑ
ჟურნალი	ʒ u r n ɑ l ɪ
ჟურნალისტი	ʒ u r n ɑ l ɪ s tʼ ɪ
ჟურნალისტური	ʒ u r n ɑ l ɪ s tʼ u r ɪ
რა	r ɑ
რაგბი	r ɑ ɡ b ɪ
რადგან	r ɑ d ɡ ɑ n
რადგანაც	r ɑ d ɡ ɑ n ɑ t s
რადიკალური	r ɑ d ɪ kʼ ɑ l u r ɪ
რაზეც	r ɑ z ɛ t s
რაზმი	r ɑ z m ɪ
რაიმე	r ɑ i m ɛ
რაიონი	r ɑ ɪ ɔ n ɪ
რამ	r ɑ m
რამდენი	r ɑ m d ɛ n i
რამდენიმე	r ɑ m d ɛ n i m ɛ
რამე	r ɑ m ɛ
რამიშვილი	r ɑ m i ʃ v i l i
რამოდენიმე	r ɑ m ɔ d ɛ n i m ɛ
რანჩო	r ɑ n t ʃ ɔ
რასაკვირველია	r ɑ s ɑ kʼ v ɪ r v ɛ l ɪ ɑ
რატი	r ɑ tʼ i
რატიფიკაცია	r ɑ tʼ ɪ pʰ ɪ kʼ ɑ t s ɪ ɑ
რატომ	r ɑ tʼ ɔ m
რაღა	r ɑ ɣ ɑ
რაღაცა	r ɑ ɣ ɑ t s ɑ
რაში	r ɑ ʃ ɪ
რაციონალური	r ɑ t s i ɔ n ɑ l u r i
რბილად	r b ɪ l ɑ d
რბილი	r b i l i
რბოლა	r b ɔ l ɑ
რეაბილიტაცია	r ɛ ɑ b ɪ l ɪ tʼ ɑ t s ɪ ɑ
რეალიზაცია	r ɛ ɑ l i z ɑ t s i ɑ
რეალობა	r ɛ ɑ l ɔ b ɑ
რეალურად	r ɛ ɑ l u r ɑ d
რეაქცია	r ɛ ɑ kʰ t s i ɑ
რებეკა	r ɛ b ɛ kʼ ɑ
რეგენტი	r ɛ ɡ ɛ n tʼ ɪ
რეგიონალური	r ɛ ɡ i ɔ n ɑ l u r i
რეგიონი	r ɛ ɡ ɪ ɔ n ɪ
რეგიონის	r ɛ ɡ ɪ ɔ n ɪ s
რეგიონს	r ɛ ɡ ɪ ɔ n s
რეგრესი	r ɛ ɡ r ɛ s ɪ
რეგულარულად	r ɛ ɡ u l ɑ r u l ɑ d
რეესტრი	r ɛ ɛ s tʼ r ɪ
რევოლუცია	r ɛ v ɔ l u t s i ɑ
რევოლუციური	r ɛ v ɔ l u t s ɪ u r ɪ
რეზერვისტი	r ɛ z ɛ r v ɪ s tʼ ɪ
რეიტინგი	r ɛ i tʼ i n ɡ i
რეკლამა	r ɛ kʼ l ɑ m ɑ
რეკომენდაცია	r ɛ kʼ ɔ m ɛ n d ɑ t s ɪ ɑ
რელიგიური	r ɛ l ɪ ɡ ɪ u r ɪ
რემონტი	r ɛ m ɔ n tʼ ɪ
რენტგენი	r ɛ n tʼ ɡ ɛ n i
რეპეტიცია	r ɛ pʼ ɛ tʼ i t s i ɑ
რეპლიკა	r ɛ pʼ l i kʼ ɑ
რეპორტაჟი	r ɛ pʼ ɔ r tʼ ɑ ʒ ɪ
რეპორტიორი	r ɛ pʼ ɔ r tʼ ɪ ɔ r ɪ
რეპრესიული	r ɛ pʼ r ɛ s ɪ u l ɪ
რეპუტაცია	r ɛ pʼ u tʼ ɑ t s ɪ ɑ
რეჟიმი	r ɛ ʒ i m i
რეჟისორი	r ɛ ʒ ɪ s ɔ r ɪ
რესპონდენტი	r ɛ s pʼ ɔ n d ɛ n tʼ ɪ
რესპუბლიკა	r ɛ s pʼ u b l i kʼ ɑ
რესტავრაცია	r ɛ s tʼ ɑ v r ɑ t s ɪ ɑ
რესურსი	r ɛ s u r s ɪ
რეფერენდუმი	r ɛ pʰ ɛ r ɛ n d u m ɪ
რეფორმა	r ɛ pʰ ɔ r m ɑ
რეფორმატორი	r ɛ pʰ ɔ r m ɑ tʼ ɔ r ɪ
რექტორი	r ɛ kʰ tʼ ɔ r ɪ
რეცეპტი	r ɛ t s ɛ pʼ tʼ ɪ
რეცხვა	r ɛ t s x v ɑ
რვა	r v ɑ
რთველი	r tʰ v ɛ l ɪ
რთული	r tʰ u l i
რიგი	r i ɡ i
რითაც	r ɪ tʰ ɑ t s
რისთვის	r ɪ s tʰ v ɪ s
რისკი	r i s kʼ i
რისხვა	r i s x v ɑ
რიტუალი	r i tʼ u ɑ l i
რიცხვი	r i t s x v i
რკინა	r kʼ i n ɑ
რკინიგზა	r kʼ i n i ɡ z ɑ
რობერტ	r ɔ b ɛ r tʼ
რობოტი	r ɔ b ɔ tʼ ɪ
როგორ	r ɔ ɡ ɔ r
როგორმე	r ɔ ɡ ɔ r m ɛ
როგორღაც	r ɔ ɡ ɔ r ʁ ɑ t s
როდესმე	r ɔ d ɛ s m ɛ
როდის	r ɔ d ɪ s
როლი	r ɔ l i
რომანტიკა	r ɔ m ɑ n tʼ ɪ kʼ ɑ
რომელიც	r ɔ m ɛ l i t s
რომი	r ɔ m ɪ
რომის	r ɔ m ɪ s
რონდო	r ɔ n d ɔ
როცა	r ɔ t s ɑ
რუბლი	r u b l ɪ
რუდ	r u d
რუკა	r u kʼ ɑ
რუმინეთი	r u m i n ɛ tʰ i
რუმინული	r u m ɪ n u l ɪ
რუს	r u s
რუსეთი	r u s ɛ tʰ i
რუსეთის	r u s ɛ tʰ ɪ s
რუსეთმა	r u s ɛ tʰ m ɑ
რუსეთს	r u s ɛ tʰ s
რუსთაველი	r u s tʰ ɑ v ɛ l i
რუსთავი	r u s tʰ ɑ v i
რუსი	r u s i
რუსული	r u s u l ɪ
რუტინული	r u tʼ ɪ n u l ɪ
რჩევა	r t ʃ ɛ v ɑ
რჩეული	r t ʃ ɛ u l i
რძე	r d z ɛ
რწმენა	r t sʼ m ɛ n ɑ
რწმუნებულები	r t sʼ m u n ɛ b u l ɛ b ɪ
სა	s ɑ
სააგენტო	s ɑ ɑ ɡ ɛ n tʼ ɔ
საავადმყოფო	s ɑ ɑ v ɑ d m qʼ ɔ pʰ ɔ
საავიაციო	s ɑ ɑ v ɪ ɑ t s ɪ ɔ
საათი	s ɑ ɑ tʰ i
საათობრივად	s ɑ ɑ tʰ ɔ b r i v ɑ d
საანგარიშო	s ɑ ɑ n ɡ ɑ r i ʃ ɔ
სააპელაციო	s ɑ ɑ pʼ ɛ l ɑ t s ɪ ɔ
საარჩევნო	s ɑ ɑ r t ʃ ɛ v n ɔ
სააღდგომო	s ɑ ɑ ʁ d ɡ ɔ m ɔ
საბაბი	s ɑ b ɑ b i
საბაჟო	s ɑ b ɑ ʒ ɔ
საბედისწერო	s ɑ b ɛ d ɪ s t sʼ ɛ r ɔ
საბითუმო	s ɑ b ɪ tʰ u m ɔ
საბოლოო	s ɑ b ɔ l ɔ ɔ
საბოლოოდ	s ɑ b ɔ l ɔ ɔ d
საბრალო	s ɑ b r ɑ l ɔ
საბრძოლო	s ɑ b r d z ɔ l ɔ
საგანგებო	s ɑ ɡ ɑ n ɡ ɛ b ɔ
საგანი	s ɑ ɡ ɑ n ɪ
საგარეო	s ɑ ɡ ɑ r ɛ ɔ
საგრძნობლად	s ɑ ɡ r d z n ɔ b l ɑ d
სად	s ɑ d
სადავო	s ɑ d ɑ v ɔ
სადაზღვევო	s ɑ d ɑ z ɣ v ɛ v ɔ
სადისტური	s ɑ d ɪ s tʼ u r ɪ
სადმე	s ɑ d m ɛ
სადღაც	s ɑ d ʁ ɑ t s
საეკლესიო	s ɑ ɛ kʼ l ɛ s ɪ ɔ
საელჩო	s ɑ ɛ l t ʃ ɔ
საერთაშორისო	s ɑ ɛ r tʰ ɑ ʃ ɔ r i s ɔ
საერთო	s ɑ ɛ r tʰ ɔ
საერთოდ	s ɑ ɛ r tʰ ɔ d
საერო	s ɑ ɛ r ɔ
საეჭვო	s ɑ ɛ t ʃʼ v ɔ
საეჭვოდ	s ɑ ɛ t ʃʼ v ɔ d
სავალდებულო	s ɑ v ɑ l d ɛ b u l ɔ
სავალდებულოდ	s ɑ v ɑ l d ɛ b u l ɔ d
სავალუტო	s ɑ v ɑ l u tʼ ɔ
სავარაუდოდ	s ɑ v ɑ r ɑ u d ɔ d
სავარძელი	s ɑ v ɑ r d z ɛ l i
საზეიმო	s ɑ z ɛ ɪ m ɔ
საზოგადოება	s ɑ z ɔ ɡ ɑ d ɔ ɛ b ɑ
საზოგადოებამ	s ɑ z ɔ ɡ ɑ d ɔ ɛ b ɑ m
საზოგადოებას	s ɑ z ɔ ɡ ɑ d ɔ ɛ b ɑ s
საზოგადოების	s ɑ z ɔ ɡ ɑ d ɔ ɛ b ɪ s
საზღვაო	s ɑ z ɣ v ɑ ɔ
საზღვარგარეთ	s ɑ z ʁ v ɑ r ɡ ɑ r ɛ tʰ
სათადარიგო	s ɑ tʰ ɑ d ɑ r ɪ ɡ ɔ
სათაური	s ɑ tʰ ɑ u r ɪ
სათნო	s ɑ tʰ n ɔ
საიდან	s ɑ ɪ d ɑ n
საიდუმლოდ	s ɑ ɪ d u m l ɔ d
საით	s ɑ ɪ tʰ
საიმედო	s ɑ i m ɛ d ɔ
საიმედოობა	s ɑ ɪ m ɛ d ɔ ɔ b ɑ
საინტერესო	s ɑ i n tʼ ɛ r ɛ s ɔ
საინტერესოდ	s ɑ ɪ n tʼ ɛ r ɛ s ɔ d
საინფორმაციო	s ɑ ɪ n pʰ ɔ r m ɑ t s ɪ ɔ
საიტი	s ɑ i tʼ i
საკაიფო	s ɑ kʼ ɑ i pʰ ɔ
საკვები	s ɑ kʼ v ɛ b i
საკითხი	s ɑ kʼ i tʰ x i
საკმარისად	s ɑ kʼ m ɑ r i s ɑ d
საკმარისი	s ɑ kʼ m ɑ r i s i
საკონცერტო	s ɑ kʼ ɔ n t s ɛ r tʼ ɔ
საკუთარი	s ɑ kʼ u tʰ ɑ r i
სალათი	s ɑ l ɑ tʰ ɪ
სალარო	s ɑ l ɑ r ɔ
სამანდატო	s ɑ m ɑ n d ɑ tʼ ɔ
სამართალი	s ɑ m ɑ r tʰ ɑ l i
სამართალს	s ɑ m ɑ r tʰ ɑ l s
სამართლიანად	s ɑ m ɑ r tʰ l ɪ ɑ n ɑ d
სამართლიანი	s ɑ m ɑ r tʰ l ɪ ɑ n ɪ
სამართლის	s ɑ m ɑ r tʰ l ɪ s
სამარცხვინო	s ɑ m ɑ r t s x v i n ɔ
სამარცხვინოდ	s ɑ m ɑ r t s χ v ɪ n ɔ d
სამახსოვრო	s ɑ m ɑ χ s ɔ v r ɔ
სამედიცინო	s ɑ m ɛ d i t s i n ɔ
სამეფო	s ɑ m ɛ pʰ ɔ
სამეფოს	s ɑ m ɛ pʰ ɔ s
სამეცნიერო	s ɑ m ɛ t s n ɪ ɛ r ɔ
სამკურნალო	s ɑ m kʼ u r n ɑ l ɔ
სამმაგი	s ɑ m m ɑ ɡ i
სამოა	s ɑ m ɔ ɑ
სამოსი	s ɑ m ɔ s ɪ
სამოქალაქო	s ɑ m ɔ kʰ ɑ l ɑ kʰ ɔ
სამოყვარულო	s ɑ m ɔ qʼ v ɑ r u l ɔ
სამოციქულო	s ɑ m ɔ t s i kʰ u l ɔ
სამრეწველო	s ɑ m r ɛ t sʼ v ɛ l ɔ
სამუდამო	s ɑ m u d ɑ m ɔ
სამუდამოდ	s ɑ m u d ɑ m ɔ d
სამშენებლო	s ɑ m ʃ ɛ n ɛ b l ɔ
სამშობლო	s ɑ m ʃ ɔ b l ɔ
სამწუხარო	s ɑ m t sʼ u χ ɑ r ɔ
სამწუხაროდ	s ɑ m t sʼ u χ ɑ r ɔ d
სამხედრო	s ɑ m χ ɛ d r ɔ
სამხრეთით	s ɑ m χ r ɛ tʰ ɪ tʰ
სამჯერ	s ɑ m d ʒ ɛ r
სანამ	s ɑ n ɑ m
სანახაობა	s ɑ n ɑ χ ɑ ɔ b ɑ
სანდო	s ɑ n d ɔ
სანდოდ	s ɑ n d ɔ d
სანდრა	s ɑ n d r ɑ
სანიტარული	s ɑ n ɪ tʼ ɑ r u l ɪ
საოცარი	s ɑ ɔ t s ɑ r ɪ
საოცრად	s ɑ ɔ t s r ɑ d
საოცრება	s ɑ ɔ t s r ɛ b ɑ
საპასუხო	s ɑ pʼ ɑ s u x ɔ
საპატიო	s ɑ pʼ ɑ tʼ i ɔ
საპირისპირო	s ɑ pʼ ɪ r ɪ s pʼ ɪ r ɔ
საპირწონე	s ɑ pʼ ɪ r t sʼ ɔ n ɛ
სარეცხი	s ɑ r ɛ t s χ ɪ
სართული	s ɑ r tʰ u l ɪ
სარიშვილი	s ɑ r i ʃ v i l i
სარკე	s ɑ r kʼ ɛ
სარწმუნოება	s ɑ r t sʼ m u n ɔ ɛ b ɑ
სასადილო	s ɑ s ɑ d ɪ l ɔ
სასამართლო	s ɑ s ɑ m ɑ r tʰ l ɔ
სასარგებლოდ	s ɑ s ɑ r ɡ ɛ b l ɔ d
სასაუბრო	s ɑ s ɑ u b r ɔ
სასაფლაო	s ɑ s ɑ pʰ l ɑ ɔ
სასაცილო	s ɑ s ɑ t s ɪ l ɔ
სასაცილოდ	s ɑ s ɑ t s ɪ l ɔ d
სასახლე	s ɑ s ɑ x l ɛ
სასიამოვნო	s ɑ s i ɑ m ɔ v n ɔ
სასიკეთო	s ɑ s i kʼ ɛ tʰ ɔ
სასიკეთოდ	s ɑ s ɪ kʼ ɛ tʰ ɔ d
სასიკვდილო	s ɑ s ɪ kʼ v d ɪ l ɔ
სასიყვარულო	s ɑ s ɪ qʼ v ɑ r u l ɔ
სასტიკი	s ɑ s tʼ i kʼ i
სასურველი	s ɑ s u r v ɛ l ɪ
სასწავლო	s ɑ s t sʼ ɑ v l ɔ
სასწრაფო	s ɑ s t sʼ r ɑ pʰ ɔ
სასწრაფოდ	s ɑ s t sʼ r ɑ pʰ ɔ d
სასჯელი	s ɑ s d ʒ ɛ l ɪ
სატირული	s ɑ tʼ ɪ r u l ɪ
საუკეთესო	s ɑ u kʼ ɛ tʰ ɛ s ɔ
საუკუნით	s ɑ u kʼ u n ɪ tʰ
საუკუნის	s ɑ u kʼ u n ɪ s
საუკუნო	s ɑ u kʼ u n ɔ
საფასური	s ɑ pʰ ɑ s u r ɪ
საფეხბურთო	s ɑ pʰ ɛ x b u r tʰ ɔ
საფოსტო	s ɑ pʰ ɔ s tʼ ɔ
საფრანგეთის	s ɑ pʰ r ɑ n ɡ ɛ tʰ ɪ s
საფრანგეთმა	s ɑ pʰ r ɑ n ɡ ɛ tʰ m ɑ
საფრანგეთს	s ɑ pʰ r ɑ n ɡ ɛ tʰ s
საფრთხე	s ɑ pʰ r tʰ χ ɛ
საფულე	s ɑ pʰ u l ɛ
საფუძველი	s ɑ pʰ u d z v ɛ l i
საქართველო	s ɑ kʰ ɑ r tʰ v ɛ l ɔ
საქვეყნოდ	s ɑ kʰ v ɛ qʼ n ɔ d
საქმე	s ɑ kʰ m ɛ
საქმიანობს	s ɑ kʰ m i ɑ n ɔ b s
საქონელი	s ɑ kʰ ɔ n ɛ l i
საქორწილო	s ɑ kʰ ɔ r t sʼ ɪ l ɔ
საქორწინო	s ɑ kʰ ɔ r t sʼ ɪ n ɔ
საქსი	s ɑ kʰ s ɪ
საქციელი	s ɑ kʰ t s i ɛ l i
საღამო	s ɑ ɣ ɑ m ɔ
საღოლ	s ɑ ɣ ɔ l
საყვარელი	s ɑ qʼ v ɑ r ɛ l i
საყოველთაო	s ɑ qʼ ɔ v ɛ l tʰ ɑ ɔ
საყურადღებო	s ɑ qʼ u r ɑ d ʁ ɛ b ɔ
საშინელება	s ɑ ʃ ɪ n ɛ l ɛ b ɑ
საშინელი	s ɑ ʃ ɪ n ɛ l ɪ
საშინლად	s ɑ ʃ ɪ n l ɑ d
საშუალება	s ɑ ʃ u ɑ l ɛ b ɑ
საშუალოდ	s ɑ ʃ u ɑ l ɔ d
საჩუქარი	s ɑ t ʃ u kʰ ɑ r ɪ
საცვალი	s ɑ t s v ɑ l i
საცოდავად	s ɑ t s ɔ d ɑ v ɑ d
საწარმო	s ɑ t sʼ ɑ r m ɔ
საწინააღმდეგოდ	s ɑ t sʼ ɪ n ɑ ɑ ʁ m d ɛ ɡ ɔ d
საწოლი	s ɑ t sʼ ɔ l i
საწყისი	s ɑ t sʼ qʼ ɪ s ɪ
საწყობი	s ɑ t sʼ qʼ ɔ b ɪ
საჭადრაკო	s ɑ t ʃʼ ɑ d r ɑ kʼ ɔ
საჭირო	s ɑ t ʃʼ ɪ r ɔ
საჭმელი	s ɑ t ʃʼ m ɛ l ɪ
სახალხო	s ɑ x ɑ l x ɔ
სახე	s ɑ x ɛ
სახედ	s ɑ χ ɛ d
სახელად	s ɑ χ ɛ l ɑ d
სახელდობრ	s ɑ χ ɛ l d ɔ b r
სახელი	s ɑ x ɛ l i
სახელით	s ɑ χ ɛ l ɪ tʰ
სახელის	s ɑ χ ɛ l ɪ s
სახელმწიფო	s ɑ x ɛ l m t sʼ i pʰ ɔ
სახელმწიფოდ	s ɑ χ ɛ l m t sʼ ɪ pʰ ɔ d
სახელმწიფომ	s ɑ χ ɛ l m t sʼ ɪ pʰ ɔ m
სახელმწიფოს	s ɑ χ ɛ l m t sʼ ɪ pʰ ɔ s
სახელოსნო	s ɑ x ɛ l ɔ s n ɔ
სახელწოდება	s ɑ χ ɛ l t sʼ ɔ d ɛ b ɑ
სახელწოდებით	s ɑ χ ɛ l t sʼ ɔ d ɛ b ɪ tʰ
სახელწოდების	s ɑ χ ɛ l t sʼ ɔ d ɛ b ɪ s
სახემ	s ɑ χ ɛ m
სახეს	s ɑ χ ɛ s
სახის	s ɑ χ ɪ s
სახლი	s ɑ x l i
სახმელეთო	s ɑ χ m ɛ l ɛ tʰ ɔ
სახუმარო	s ɑ χ u m ɑ r ɔ
საჯარო	s ɑ d ʒ ɑ r ɔ
საჰაერო	s ɑ h ɑ ɛ r ɔ
სეგმენტი	s ɛ ɡ m ɛ n tʼ ɪ
სევდა	s ɛ v d ɑ
სეზონი	s ɛ z ɔ n ɪ
სეიფი	s ɛ ɪ pʰ ɪ
სემინარი	s ɛ m ɪ n ɑ r ɪ
სენატორი	s ɛ n ɑ tʼ ɔ r ɪ
სენიორა	s ɛ n ɪ ɔ r ɑ
სენსაციურად	s ɛ n s ɑ t s ɪ u r ɑ d
სეპარატისტი	s ɛ pʼ ɑ r ɑ tʼ ɪ s tʼ ɪ
სერბეთი	s ɛ r b ɛ tʰ i
სერგი	s ɛ r ɡ i
სერვისი	s ɛ r v ɪ s ɪ
სერიალი	s ɛ r ɪ ɑ l ɪ
სერიოზულად	s ɛ r ɪ ɔ z u l ɑ d
სერფინგი	s ɛ r pʰ ɪ n ɡ ɪ
სესია	s ɛ s ɪ ɑ
სესხი	s ɛ s χ ɪ
სექსუალური	s ɛ kʰ s u ɑ l u r i
სექტა	s ɛ kʰ tʼ ɑ
სექტემბერს	s ɛ kʰ tʼ ɛ m b ɛ r s
სექტორი	s ɛ kʰ tʼ ɔ r i
სექციას	s ɛ kʰ t s ɪ ɑ s
სეხნია	s ɛ χ n ɪ ɑ
სვამს	s v ɑ m s
სვანეთი	s v ɑ n ɛ tʰ i
სველი	s v ɛ l i
სთხოვს	s tʰ x ɔ v s
სია	s ɪ ɑ
სიამაყე	s i ɑ m ɑ qʼ ɛ
სიამოვნებით	s ɪ ɑ m ɔ v n ɛ b ɪ tʰ
სიახლე	s i ɑ x l ɛ
სიგანე	s ɪ ɡ ɑ n ɛ
სიგარა	s ɪ ɡ ɑ r ɑ
სიგნალი	s ɪ ɡ n ɑ l ɪ
სიგრძე	s i ɡ r d z ɛ
სივრცე	s ɪ v r t s ɛ
სიზმარი	s i z m ɑ r i
სითხე	s i tʰ x ɛ
სიკვდილი	s i kʼ v d i l i
სიკვდილის	s ɪ kʼ v d ɪ l ɪ s
სიკვდილს	s ɪ kʼ v d ɪ l s
სილამაზე	s i l ɑ m ɑ z ɛ
სიმაღლე	s i m ɑ ɣ l ɛ
სიმბოლო	s i m b ɔ l ɔ
სიმბოლურად	s ɪ m b ɔ l u r ɑ d
სიმბოლური	s ɪ m b ɔ l u r ɪ
სიმდაბლე	s i m d ɑ b l ɛ
სიმდიდრე	s i m d i d r ɛ
სიმინდი	s i m i n d i
სიმრავლე	s i m r ɑ v l ɛ
სიმღერა	s i m ɣ ɛ r ɑ
სიმღერით	s ɪ m ʁ ɛ r ɪ tʰ
სიმღერის	s ɪ m ʁ ɛ r ɪ s
სიმშვიდე	s i m ʃ v i d ɛ
სიმშრალე	s i m ʃ r ɑ l ɛ
სიმძიმე	s i m d z i m ɛ
სინაგოგა	s ɪ n ɑ ɡ ɔ ɡ ɑ
სინათლე	s i n ɑ tʰ l ɛ
სინამდვილეში	s i n ɑ m d v i l ɛ ʃ i
სინანული	s i n ɑ n u l i
სინატიფე	s i n ɑ tʼ i pʰ ɛ
სინდრომი	s ɪ n d r ɔ m ɪ
სირთულე	s i r tʰ u l ɛ
სირიული	s ɪ r ɪ u l ɪ
სირცხვილი	s i r t s x v i l i
სისასტიკე	s i s ɑ s tʼ i kʼ ɛ
სისტემა	s i s tʼ ɛ m ɑ
სისტემას	s ɪ s tʼ ɛ m ɑ s
სისტემატური	s ɪ s tʼ ɛ m ɑ tʼ u r ɪ
სისტემით	s ɪ s tʼ ɛ m ɪ tʰ
სისტემის	s ɪ s tʼ ɛ m ɪ s
სისულელე	s i s u l ɛ l ɛ
სისუსტე	s i s u s tʼ ɛ
სისქე	s ɪ s kʰ ɛ
სისწრაფე	s i s t sʼ r ɑ pʰ ɛ
სისხლი	s i s x l i
სისხლიანი	s i s x l i ɑ n i
სისხლსავსე	s ɪ s χ l s ɑ v s ɛ
სიტყვა	s i tʼ qʼ v ɑ
სიტყვიერი	s i tʼ qʼ v i ɛ r i
სიუჟეტი	s i u ʒ ɛ tʼ i
სიღარიბე	s i ɣ ɑ r i b ɛ
სიღრმე	s i ɣ r m ɛ
სიყალბე	s i qʼ ɑ l b ɛ
სიყვარული	s i qʼ v ɑ r u l i
სიჩუმე	s i t ʃ u m ɛ
სიჩქარე	s ɪ t ʃ kʰ ɑ r ɛ
სიცარიელე	s i t s ɑ r i ɛ l ɛ
სიცილით	s ɪ t s ɪ l ɪ tʰ
სიცოცხლე	s i t s ɔ t s x l ɛ
სიცრუე	s i t s r u ɛ
სიძულვილი	s i d z u l v i l i
სიჭარბე	s i t ʃʼ ɑ r b ɛ
სიხარული	s i x ɑ r u l i
სკამი	s kʼ ɑ m i
სკანდალი	s kʼ ɑ n d ɑ l ɪ
სკვერი	s kʼ v ɛ r ɪ
სკოლა	s kʼ ɔ l ɑ
სკოლამ	s kʼ ɔ l ɑ m
სკოლას	s kʼ ɔ l ɑ s
სკოლის	s kʼ ɔ l ɪ s
სკუმბრია	s kʼ u m b r ɪ ɑ
სმ	s m
სმა	s m ɑ
სოლიდარობა	s ɔ l ɪ d ɑ r ɔ b ɑ
სოლიდური	s ɔ l ɪ d u r ɪ
სოლისტი	s ɔ l ɪ s tʼ ɪ
სომეხი	s ɔ m ɛ x i
სომხეთი	s ɔ m x ɛ tʰ i
სომხეთის	s ɔ m χ ɛ tʰ ɪ s
სომხეთმა	s ɔ m χ ɛ tʰ m ɑ
სომხეთს	s ɔ m χ ɛ tʰ s
სომხური	s ɔ m x u r i
სონატა	s ɔ n ɑ tʼ ɑ
სოუსი	s ɔ u s ɪ
სოფელს	s ɔ pʰ ɛ l s
სოფლები	s ɔ pʰ l ɛ b ɪ
სოფლის	s ɔ pʰ l ɪ s
სოციალისტი	s ɔ t s ɪ ɑ l ɪ s tʼ ɪ
სოციალისტური	s ɔ t s i ɑ l i s tʼ u r i
სოციალური	s ɔ t s i ɑ l u r i
სოციოლოგიური	s ɔ t s i ɔ l ɔ ɡ i u r i
სოჭი	s ɔ t ʃʼ i
სოხუმი	s ɔ χ u m ɪ
სპეციალისტი	s pʼ ɛ t s ɪ ɑ l ɪ s tʼ ɪ
სპეციალობა	s pʼ ɛ t s ɪ ɑ l ɔ b ɑ
სპეციალურად	s pʼ ɛ t s ɪ ɑ l u r ɑ d
სპეციალური	s pʼ ɛ t s ɪ ɑ l u r ɪ
სპეციფიკური	s pʼ ɛ t s ɪ pʰ ɪ kʼ u r ɪ
სპორადულად	s pʼ ɔ r ɑ d u l ɑ d
სპორტსმენი	s pʼ ɔ r tʼ s m ɛ n ɪ
სპორტული	s pʼ ɔ r tʼ u l ɪ
სრულად	s r u l ɑ d
სრულდება	s r u l d ɛ b ɑ
სრული	s r u l i
სრულყოფილად	s r u l qʼ ɔ pʰ ɪ l ɑ d
სტაბილურად	s tʼ ɑ b ɪ l u r ɑ d
სტაბილურობა	s tʼ ɑ b ɪ l u r ɔ b ɑ
სტადიონი	s tʼ ɑ d ɪ ɔ n ɪ
სტალინი	s tʼ ɑ l ɪ n ɪ
სტამბოლი	s tʼ ɑ m b ɔ l ɪ
სტანდარტული	s tʼ ɑ n d ɑ r tʼ u l ɪ
სტარტი	s tʼ ɑ r tʼ ɪ
სტატია	s tʼ ɑ tʼ i ɑ
სტატიას	s tʼ ɑ tʼ ɪ ɑ s
სტატიები	s tʼ ɑ tʼ ɪ ɛ b ɪ
სტატიის	s tʼ ɑ tʼ ɪ ɪ s
სტატისტიკურად	s tʼ ɑ tʼ ɪ s tʼ ɪ kʼ u r ɑ d
სტატისტიკური	s tʼ ɑ tʼ ɪ s tʼ ɪ kʼ u r ɪ
სტატუსი	s tʼ ɑ tʼ u s ɪ
სტერილური	s tʼ ɛ r ɪ l u r ɪ
სტერლინგი	s tʼ ɛ r l ɪ n ɡ ɪ
სტიქიური	s tʼ i kʰ i u r i
სტკივა	s tʼ kʼ i v ɑ
სტრასბურგი	s tʼ r ɑ s b u r ɡ ɪ
სტრატეგიულად	s tʼ r ɑ tʼ ɛ ɡ ɪ u l ɑ d
სტრატეგიული	s tʼ r ɑ tʼ ɛ ɡ ɪ u l ɪ
სტრონციუმი	s tʼ r ɔ n t s i u m i
სტრუქტურა	s tʼ r u kʰ tʼ u r ɑ
სტუდია	s tʼ u d ɪ ɑ
სტუმრობა	s tʼ u m r ɔ b ɑ
სუ	s u
სუბტროპიკული	s u b tʼ r ɔ pʼ ɪ kʼ u l ɪ
სულ	s u l
სული	s u l i
სულიერად	s u l ɪ ɛ r ɑ d
სულიერი	s u l i ɛ r i
სუნი	s u n i
სუპერმარკეტი	s u pʼ ɛ r m ɑ r kʼ ɛ tʼ i
სურათი	s u r ɑ tʰ i
სურვილი	s u r v ɪ l ɪ
სურვილისამებრ	s u r v ɪ l ɪ s ɑ m ɛ b r
სურნელი	s u r n ɛ l ɪ
სურს	s u r s
სუსტად	s u s tʼ ɑ d
სუსტი	s u s tʼ i
სუფთა	s u pʰ tʰ ɑ
სუფრა	s u pʰ r ɑ
სფერო	s pʰ ɛ r ɔ
სფინქსი	s pʰ ɪ n kʰ s ɪ
სქემატური	s kʰ ɛ m ɑ tʼ u r ɪ
სცენა	s t s ɛ n ɑ
სცილდება	s t s i l d ɛ b ɑ
სწავლება	s t sʼ ɑ v l ɛ b ɑ
სწორად	s t sʼ ɔ r ɑ d
სწორედ	s t sʼ ɔ r ɛ d
სწრაფად	s t sʼ r ɑ pʰ ɑ d
სწრაფი	s t sʼ r ɑ pʰ i
სჭირდება	s t ʃʼ i r d ɛ b ɑ
სხდომა	s x d ɔ m ɑ
სხეული	s x ɛ u l i
სხვა	s x v ɑ
სხვაგვარად	s χ v ɑ ɡ v ɑ r ɑ d
სხვადასხვა	s x v ɑ d ɑ s x v ɑ
სხვათაშორის	s χ v ɑ tʰ ɑ ʃ ɔ r ɪ s
სხვანაირი	s x v ɑ n ɑ i r i
სხვები	s x v ɛ b i
სხვისი	s x v i s i
სჯის	s d ʒ i s
ტალღა	tʼ ɑ l ɣ ɑ
ტანვარჯიში	tʼ ɑ n v ɑ r d ʒ ɪ ʃ ɪ
ტანი	tʼ ɑ n i
ტანინი	tʼ ɑ n ɪ n ɪ
ტანსაცმელი	tʼ ɑ n s ɑ t s m ɛ l i
ტაქტიკა	tʼ ɑ kʰ tʼ ɪ kʼ ɑ
ტაქტიკური	tʼ ɑ kʰ tʼ ɪ kʼ u r ɪ
ტაში	tʼ ɑ ʃ ɪ
ტაძარი	tʼ ɑ d z ɑ r i
ტაძრის	tʼ ɑ d z r ɪ s
ტელევიზია	tʼ ɛ l ɛ v i z i ɑ
ტელეფონი	tʼ ɛ l ɛ pʰ ɔ n ɪ
ტენდენცია	tʼ ɛ n d ɛ n t s ɪ ɑ
ტენორი	tʼ ɛ n ɔ r ɪ
ტერი	tʼ ɛ r ɪ
ტერიტორიული	tʼ ɛ r i tʼ ɔ r i u l i
ტერმინი	tʼ ɛ r m ɪ n ɪ
ტერორი	tʼ ɛ r ɔ r ɪ
ტერორიზმი	tʼ ɛ r ɔ r ɪ z m ɪ
ტერორისტი	tʼ ɛ r ɔ r ɪ s tʼ ɪ
ტექნიკა	tʼ ɛ kʰ n ɪ kʼ ɑ
ტექნიკურად	tʼ ɛ kʰ n ɪ kʼ u r ɑ d
ტექნიკური	tʼ ɛ kʰ n i kʼ u r i
ტექნოლოგია	tʼ ɛ kʰ n ɔ l ɔ ɡ ɪ ɑ
ტექნოლოგიური	tʼ ɛ kʰ n ɔ l ɔ ɡ i u r i
ტექსტი	tʼ ɛ kʰ s tʼ ɪ
ტეხავს	tʼ ɛ χ ɑ v s
ტვინის	tʼ v i n i s
ტილო	tʼ ɪ l ɔ
ტიმი	tʼ ɪ m ɪ
ტიპური	tʼ i pʼ u r i
ტირილი	tʼ i r i l i
ტიტული	tʼ ɪ tʼ u l ɪ
ტიხარი	tʼ ɪ χ ɑ r ɪ
ტკბილი	tʼ kʼ b i l i
ტკივილი	tʼ kʼ i v i l i
ტკივილს	tʼ kʼ ɪ v ɪ l s
ტლანქი	tʼ l ɑ n kʰ i
ტო	tʼ ɔ
ტოკიო	tʼ ɔ kʼ i ɔ
ტოლფასი	tʼ ɔ l pʰ ɑ s ɪ
ტომი	tʼ ɔ m i
ტონა	tʼ ɔ n ɑ
ტონი	tʼ ɔ n ɪ
ტოპოგრაფი	tʼ ɔ pʼ ɔ ɡ r ɑ pʰ ɪ
ტორტი	tʼ ɔ r tʼ ɪ
ტოქსიკური	tʼ ɔ kʰ s ɪ kʼ u r ɪ
ტრაგედია	tʼ r ɑ ɡ ɛ d ɪ ɑ
ტრაგიკულად	tʼ r ɑ ɡ ɪ kʼ u l ɑ d
ტრაგიკული	tʼ r ɑ ɡ ɪ kʼ u l ɪ
ტრადიცია	tʼ r ɑ d ɪ t s ɪ ɑ
ტრადიციულად	tʼ r ɑ d ɪ t s ɪ u l ɑ d
ტრადიციული	tʼ r ɑ d ɪ t s ɪ u l ɪ
ტრაექტორია	tʼ r ɑ ɛ kʰ tʼ ɔ r ɪ ɑ
ტრავმა	tʼ r ɑ v m ɑ
ტრამვაი	tʼ r ɑ m v ɑ i
ტრანსკრიფცია	tʼ r ɑ n s kʼ r ɪ pʰ t s ɪ ɑ
ტრანსპორტი	tʼ r ɑ n s pʼ ɔ r tʼ ɪ
ტრაქტორი	tʼ r ɑ kʰ tʼ ɔ r ɪ
ტრიალებს	tʼ r ɪ ɑ l ɛ b s
ტრილოგია	tʼ r ɪ l ɔ ɡ ɪ ɑ
ტრიუმფი	tʼ r ɪ u m pʰ ɪ
ტუბერკულოზი	tʼ u b ɛ r kʼ u l ɔ z ɪ
ტურიზმი	tʼ u r ɪ z m ɪ
ტურისტი	tʼ u r ɪ s tʼ ɪ
ტურისტული	tʼ u r ɪ s tʼ u l ɪ
ტურნირი	tʼ u r n ɪ r ɪ
ტყე	tʼ qʼ ɛ
ტყემალი	tʼ qʼ ɛ m ɑ l i
ტყვეობა	tʼ qʼ v ɛ ɔ b ɑ
ტყვია	tʼ qʼ v i ɑ
ტყუილი	tʼ qʼ u i l i
უაზრო	u ɑ z r ɔ
უამრავი	u ɑ m r ɑ v ɪ
უანგაროდ	u ɑ n ɡ ɑ r ɔ d
უარესი	u ɑ r ɛ s i
უარყოფა	u ɑ r qʼ ɔ pʰ ɑ
უარყოფითად	u ɑ r qʼ ɔ pʰ ɪ tʰ ɑ d
უარყოფითი	u ɑ r qʼ ɔ pʰ ɪ tʰ ɪ
უახლოესი	u ɑ χ l ɔ ɛ s ɪ
უბედური	u b ɛ d u r i
უბრალო	u b r ɑ l ɔ
უბრალოდ	u b r ɑ l ɔ d
უბრობა	u b r ɔ b ɑ
უგულებელყოფა	u ɡ u l ɛ b ɛ l qʼ ɔ pʰ ɑ
უდავო	u d ɑ v ɔ
უდანაშაულო	u d ɑ n ɑ ʃ ɑ u l ɔ
უდარდელი	u d ɑ r d ɛ l ɪ
უდიდესი	u d ɪ d ɛ s ɪ
უდროო	u d r ɔ ɔ
უეჭველი	u ɛ t ʃʼ v ɛ l i
უზარმაზარი	u z ɑ r m ɑ z ɑ r ɪ
უზენაესი	u z ɛ n ɑ ɛ s i
უზენაესობა	u z ɛ n ɑ ɛ s ɔ b ɑ
უზნეობა	u z n ɛ ɔ b ɑ
უზომოდ	u z ɔ m ɔ d
უზრდელი	u z r d ɛ l ɪ
უზუსტო	u z u s tʼ ɔ
უთენია	u tʰ ɛ n ɪ ɑ
უთო	u tʰ ɔ
უიმედო	u i m ɛ d ɔ
უიმედობა	u ɪ m ɛ d ɔ b ɑ
უიღბლო	u i ɣ b l ɔ
უკანა	u kʼ ɑ n ɑ
უკანასკნელი	u kʼ ɑ n ɑ s kʼ n ɛ l i
უკანონო	u kʼ ɑ n ɔ n ɔ
უკანონოდ	u kʼ ɑ n ɔ n ɔ d
უკაცრავად	u kʼ ɑ t s r ɑ v ɑ d
უკეთესი	u kʼ ɛ tʰ ɛ s ɪ
უკიდურესად	u kʼ ɪ d u r ɛ s ɑ d
უკიდურესი	u kʼ i d u r ɛ s i
უკმარისობა	u kʼ m ɑ r ɪ s ɔ b ɑ
უკრავს	u kʼ r ɑ v s
უკრაინა	u kʼ r ɑ i n ɑ
უკუკავშირი	u kʼ u kʼ ɑ v ʃ ɪ r ɪ
უკუღმა	u kʼ u ʁ m ɑ
ულამაზესი	u l ɑ m ɑ z ɛ s ɪ
ულტიმატუმი	u l tʼ ɪ m ɑ tʼ u m ɪ
უმაღლესი	u m ɑ ɣ l ɛ s i
უმდიდრესი	u m d ɪ d r ɛ s ɪ
უმიზნო	u m i z n ɔ
უმნიშვნელო	u m n ɪ ʃ v n ɛ l ɔ
უმოქმედო	u m ɔ kʰ m ɛ d ɔ
უმოქმედობა	u m ɔ kʰ m ɛ d ɔ b ɑ
უმრავლესობა	u m r ɑ v l ɛ s ɔ b ɑ
უმტკივნეულოდ	u m tʼ kʼ i v n ɛ u l ɔ d
უმუშევრობა	u m u ʃ ɛ v r ɔ b ɑ
უმცირესი	u m t s ɪ r ɛ s ɪ
უმცირესობა	u m t s i r ɛ s ɔ b ɑ
უმცროსი	u m t s r ɔ s ɪ
უმძიმესი	u m d z ɪ m ɛ s ɪ
უმწიკვლოდ	u m t sʼ ɪ kʼ v l ɔ d
უნაკლო	u n ɑ kʼ l ɔ
უნარი	u n ɑ r i
უნდა	u n d ɑ
უნდობლად	u n d ɔ b l ɑ d
უნდობლობა	u n d ɔ b l ɔ b ɑ
უნებართვო	u n ɛ b ɑ r tʰ v ɔ
უნივერსალური	u n i v ɛ r s ɑ l u r i
უნიკალური	u n ɪ kʼ ɑ l u r ɪ
უნიკალურობა	u n ɪ kʼ ɑ l u r ɔ b ɑ
უპასუხო	u pʼ ɑ s u x ɔ
უპატრონო	u pʼ ɑ tʼ r ɔ n ɔ
უპირატესობა	u pʼ i r ɑ tʼ ɛ s ɔ b ɑ
უპირველესად	u pʼ ɪ r v ɛ l ɛ s ɑ d
უპირობო	u pʼ i r ɔ b ɔ
უპირობოდ	u pʼ ɪ r ɔ b ɔ d
უპრეცედენტო	u pʼ r ɛ t s ɛ n d ɛ n tʼ ɔ
ურემი	u r ɛ m i
ურთიერთობა	u r tʰ i ɛ r tʰ ɔ b ɑ
ურყევად	u r qʼ ɛ v ɑ d
ურყევი	u r qʼ ɛ v i
ურცხვად	u r t s χ v ɑ d
ურწმუნო	u r t sʼ m u n ɔ
უსაზღვროდ	u s ɑ z ʁ v r ɔ d
უსამართლოდ	u s ɑ m ɑ r tʰ l ɔ d
უსარგებლო	u s ɑ r ɡ ɛ b l ɔ
უსაფრთხო	u s ɑ pʰ r tʰ x ɔ
უსაფრთხოდ	u s ɑ pʰ r tʰ χ ɔ d
უსაფრთხოება	u s ɑ pʰ r tʰ χ ɔ ɛ b ɑ
უსახელო	u s ɑ χ ɛ l ɔ
უსიამოვნება	u s ɪ ɑ m ɔ v n ɛ b ɑ
უსიამოვნო	u s ɪ ɑ m ɔ v n ɔ
უსინათლო	u s ɪ n ɑ tʰ l ɔ
უსიტყვო	u s i tʼ qʼ v ɔ
უსიტყვოდ	u s ɪ tʼ qʼ v ɔ d
უსმენს	u s m ɛ n s
უსურვებს	u s u r v ɛ b s
უტვინო	u tʼ v ɪ n ɔ
უტყუარი	u tʼ qʼ u ɑ r ɪ
უუნარო	u u n ɑ r ɔ
უფალი	u pʰ ɑ l i
უფასო	u pʰ ɑ s ɔ
უფასოდ	u pʰ ɑ s ɔ d
უფლება	u pʰ l ɛ b ɑ
უფლებამოსილი	u pʰ l ɛ b ɑ m ɔ s ɪ l ɪ
უფრო	u pʰ r ɔ
უფროსი	u pʰ r ɔ s i
უღირსი	u ʁ ɪ r s ɪ
უყვარს	u qʼ v ɑ r s
უშედეგო	u ʃ ɛ d ɛ ɡ ɔ
უშედეგოდ	u ʃ ɛ d ɛ ɡ ɔ d
უშეცდომოდ	u ʃ ɛ t s d ɔ m ɔ d
უშვებს	u ʃ v ɛ b s
უშინაარსო	u ʃ ɪ n ɑ ɑ r s ɔ
უშუალო	u ʃ u ɑ l ɔ
უშუალოდ	u ʃ u ɑ l ɔ d
უჩვეულო	u t ʃ v ɛ u l ɔ
უჩვეულოდ	u t ʃ v ɛ u l ɔ d
უცვლელად	u t s v l ɛ l ɑ d
უცნაურად	u t s n ɑ u r ɑ d
უცნაური	u t s n ɑ u r ɪ
უცნაურობა	u t s n ɑ u r ɔ b ɑ
უცოდველი	u t s ɔ d v ɛ l ɪ
უცხოური	u t s χ ɔ u r ɪ
უძველესი	u d z v ɛ l ɛ s ɪ
უძილობა	u d z ɪ l ɔ b ɑ
უძრავი	u d z r ɑ v i
უწიგნური	u t sʼ ɪ ɡ n u r ɪ
უწყება	u t sʼ qʼ ɛ b ɑ
უწყებრივი	u t sʼ qʼ ɛ b r ɪ v ɪ
უწყვეტად	u t sʼ qʼ v ɛ tʼ ɑ d
უჭკუო	u t ʃʼ kʼ u ɔ
უხერხულად	u χ ɛ r χ u l ɑ d
უხერხული	u χ ɛ r χ u l ɪ
უხეშად	u x ɛ ʃ ɑ d
უხვად	u x v ɑ d
უხვი	u x v i
ფავორიტი	pʰ ɑ v ɔ r ɪ tʼ ɪ
ფავორიტიზმი	pʰ ɑ v ɔ r ɪ tʼ ɪ z m ɪ
ფალსიფიკაცია	pʰ ɑ l s ɪ pʰ ɪ kʼ ɑ t s ɪ ɑ
ფანქარი	pʰ ɑ n kʰ ɑ r i
ფანჯარა	pʰ ɑ n d ʒ ɑ r ɑ
ფარდა	pʰ ɑ r d ɑ
ფართო	pʰ ɑ r tʰ ɔ
ფართობი	pʰ ɑ r tʰ ɔ b i
ფართოდ	pʰ ɑ r tʰ ɔ d
ფარულად	pʰ ɑ r u l ɑ d
ფარული	pʰ ɑ r u l ɪ
ფარში	pʰ ɑ r ʃ ɪ
ფასეული	pʰ ɑ s ɛ u l ɪ
ფაფა	pʰ ɑ pʰ ɑ
ფაქტი	pʰ ɑ kʰ tʼ i
ფაქტიურად	pʰ ɑ kʰ tʼ i u r ɑ d
ფაქტობრივად	pʰ ɑ kʰ tʼ ɔ b r ɪ v ɑ d
ფაქტობრივი	pʰ ɑ kʰ tʼ ɔ b r i v i
ფაქტორი	pʰ ɑ kʰ tʼ ɔ r ɪ
ფაციფუცი	pʰ ɑ t s ɪ pʰ u t s ɪ
ფედერალური	pʰ ɛ d ɛ r ɑ l u r ɪ
ფედერაცია	pʰ ɛ d ɛ r ɑ t s ɪ ɑ
ფედერაციამ	pʰ ɛ d ɛ r ɑ t s ɪ ɑ m
ფედერაციას	pʰ ɛ d ɛ r ɑ t s ɪ ɑ s
ფეთქებადი	pʰ ɛ tʰ kʰ ɛ b ɑ d ɪ
ფემინისტი	pʰ ɛ m ɪ n ɪ s tʼ ɪ
ფენა	pʰ ɛ n ɑ
ფენომენი	pʰ ɛ n ɔ m ɛ n ɪ
ფერდობი	pʰ ɛ r d ɔ b ɪ
ფერმა	pʰ ɛ r m ɑ
ფერმერი	pʰ ɛ r m ɛ r ɪ
ფერფლი	pʰ ɛ r pʰ l i
ფერწერა	pʰ ɛ r t sʼ ɛ r ɑ
ფეხბურთი	pʰ ɛ x b u r tʰ i
ფეხი	pʰ ɛ x i
ფეხმძიმე	pʰ ɛ x m d z i m ɛ
ფეხსაცმელი	pʰ ɛ x s ɑ t s m ɛ l i
ფეხშიშველი	pʰ ɛ χ ʃ ɪ ʃ v ɛ l ɪ
ფიზიკურად	pʰ ɪ z ɪ kʼ u r ɑ d
ფიზიკური	pʰ i z i kʼ u r i
ფილა	pʰ ɪ l ɑ
ფილადელფია	pʰ ɪ l ɑ d ɛ l pʰ ɪ ɑ
ფილე	pʰ ɪ l ɛ
ფილოლოგი	pʰ ɪ l ɔ l ɔ ɡ ɪ
ფილოსოფია	pʰ ɪ l ɔ s ɔ pʰ ɪ ɑ
ფილტრი	pʰ ɪ l tʼ r ɪ
ფინალი	pʰ ɪ n ɑ l ɪ
ფინალისტი	pʰ ɪ n ɑ l ɪ s tʼ ɪ
ფინანსისტი	pʰ ɪ n ɑ n s ɪ s tʼ ɪ
ფინანსურად	pʰ ɪ n ɑ n s u r ɑ d
ფინანსური	pʰ i n ɑ n s u r i
ფინეთი	pʰ i n ɛ tʰ i
ფირმა	pʰ ɪ r m ɑ
ფიფქია	pʰ i pʰ kʰ i ɑ
ფიქრიანი	pʰ i kʰ r i ɑ n i
ფიცი	pʰ i t s i
ფლაგმანი	pʰ l ɑ ɡ m ɑ n ɪ
ფლობს	pʰ l ɔ b s
ფოკუსი	pʰ ɔ kʼ u s ɪ
ფოლი	pʰ ɔ l i
ფორმა	pʰ ɔ r m ɑ
ფორმალურად	pʰ ɔ r m ɑ l u r ɑ d
ფორმალური	pʰ ɔ r m ɑ l u r i
ფორმატი	pʰ ɔ r m ɑ tʼ ɪ
ფორმიანი	pʰ ɔ r m ɪ ɑ n ɪ
ფორმულა	pʰ ɔ r m u l ɑ
ფორმულირება	pʰ ɔ r m u l ɪ r ɛ b ɑ
ფოტო	pʰ ɔ tʼ ɔ
ფოტოგენური	pʰ ɔ tʼ ɔ ɡ ɛ n u r ɪ
ფოტოგრაფი	pʰ ɔ tʼ ɔ ɡ r ɑ pʰ ɪ
ფოტოგრაფიული	pʰ ɔ tʼ ɔ ɡ r ɑ pʰ ɪ u l ɪ
ფრაგმენტული	pʰ r ɑ ɡ m ɛ n tʼ u l ɪ
ფრაზა	pʰ r ɑ z ɑ
ფრანი	pʰ r ɑ n i
ფრაქცია	pʰ r ɑ kʰ t s ɪ ɑ
ფრეგატი	pʰ r ɛ ɡ ɑ tʼ ɪ
ფრესკა	pʰ r ɛ s kʼ ɑ
ფრთიანი	pʰ r tʰ i ɑ n i
ფრთხილი	pʰ r tʰ x i l i
ფრიად	pʰ r ɪ ɑ d
ფსიქიატრიული	pʰ s ɪ kʰ ɪ ɑ tʼ r ɪ u l ɪ
ფსიქოლოგია	pʰ s ɪ kʰ ɔ l ɔ ɡ ɪ ɑ
ფსიქოლოგიურად	pʰ s ɪ kʰ ɔ l ɔ ɡ ɪ u r ɑ d
ფსიქოლოგიური	pʰ s i kʰ ɔ l ɔ ɡ i u r i
ფულადი	pʰ u l ɑ d ɪ
ფუნთუშა	pʰ u n tʰ u ʃ ɑ
ფუნტი	pʰ u n tʼ ɪ
ფუნქცია	pʰ u n kʰ t s i ɑ
ფურცელი	pʰ u r t s ɛ l i
ფხვნილი	pʰ x v n i l i
ფხიზლად	pʰ χ ɪ z l ɑ d
ქათამი	kʰ ɑ tʰ ɑ m i
ქათმის	kʰ ɑ tʰ m i s
ქალაქი	kʰ ɑ l ɑ kʰ i
ქალაქის	kʰ ɑ l ɑ kʰ ɪ s
ქალაქმა	kʰ ɑ l ɑ kʰ m ɑ
ქალაქს	kʰ ɑ l ɑ kʰ s
ქალი	kʰ ɑ l i
ქალიშვილი	kʰ ɑ l i ʃ v i l i
ქაოსი	kʰ ɑ ɔ s i
ქარვასლა	kʰ ɑ r v ɑ s l ɑ
ქართული	kʰ ɑ r tʰ u l i
ქარი	kʰ ɑ r i
ქარიზმა	kʰ ɑ r ɪ z m ɑ
ქარიზმატული	kʰ ɑ r ɪ z m ɑ tʼ u l ɪ
ქარიშხალი	kʰ ɑ r ɪ ʃ χ ɑ l ɪ
ქარხანა	kʰ ɑ r χ ɑ n ɑ
ქაფური	kʰ ɑ pʰ u r ɪ
ქეთი	kʰ ɛ tʰ i
ქერა	kʰ ɛ r ɑ
ქერი	kʰ ɛ r ɪ
ქვედა	kʰ v ɛ d ɑ
ქვევრი	kʰ v ɛ v r i
ქვეითი	kʰ v ɛ i tʰ i
ქვემოთ	kʰ v ɛ m ɔ tʰ
ქვესადგური	kʰ v ɛ s ɑ d ɡ u r ɪ
ქვესკნელი	kʰ v ɛ s kʼ n ɛ l i
ქვეყანამ	kʰ v ɛ qʼ ɑ n ɑ m
ქვეყნად	kʰ v ɛ qʼ ɑ n ɑ d
ქვეყნის	kʰ v ɛ qʼ n i s
ქვეწარმავალი	kʰ v ɛ t sʼ ɑ r m ɑ v ɑ l i
ქვითარი	kʰ v i tʰ ɑ r i
ქვისლი	kʰ v ɪ s l ɪ
ქვრივიშვილი	kʰ v r i v i ʃ v i l i
ქიმიური	kʰ i m i u r i
ქირა	kʰ i r ɑ
ქმარი	kʰ m ɑ r i
ქმედება	kʰ m ɛ d ɛ b ɑ
ქმნილება	kʰ m n ɪ l ɛ b ɑ
ქომაგი	kʰ ɔ m ɑ ɡ i
ქონება	kʰ ɔ n ɛ b ɑ
ქორწილი	kʰ ɔ r t sʼ ɪ l ɪ
ქორწინება	kʰ ɔ r t sʼ i n ɛ b ɑ
ქრთამი	kʰ r tʰ ɑ m ɪ
ქრისტე	kʰ r i s tʼ ɛ
ქრისტიანი	kʰ r ɪ s tʼ ɪ ɑ n ɪ
ქრისტიანობა	kʰ r i s tʼ i ɑ n ɔ b ɑ
ქრონოლოგია	kʰ r ɔ n ɔ l ɔ ɡ ɪ ɑ
ქუთაისი	kʰ u tʰ ɑ i s i
ქულა	kʰ u l ɑ
ქურდი	kʰ u r d i
ქურდული	kʰ u r d u l ɪ
ქუჩა	kʰ u t ʃ ɑ
ღადაობა	ɣ ɑ d ɑ ɔ b ɑ
ღამე	ɣ ɑ m ɛ
ღარიბი	ɣ ɑ r i b i
ღვარცოფი	ʁ v ɑ r t s ɔ pʰ ɪ
ღვთაებრივი	ʁ v tʰ ɑ ɛ b r ɪ v ɪ
ღვთისმშობელმა	ɣ v tʰ i s m ʃ ɔ b ɛ l m ɑ
ღვთისმშობლის	ʁ v tʰ ɪ s m ʃ ɔ b l ɪ s
ღვიძლი	ɣ v i d z l i
ღია	ɣ i ɑ
ღიად	ʁ ɪ ɑ d
ღიმილი	ɣ i m i l i
ღირებულება	ɣ i r ɛ b u l ɛ b ɑ
ღირს	ɣ i r s
ღირსება	ʁ ɪ r s ɛ b ɑ
ღირსეულად	ʁ ɪ r s ɛ u l ɑ d
ღირსეული	ɣ i r s ɛ u l i
ღმერთი	ɣ m ɛ r tʰ i
ღონე	ɣ ɔ n ɛ
ღრმა	ɣ r m ɑ
ღრმად	ʁ r m ɑ d
ღუმელი	ɣ u m ɛ l i
ყადაღა	qʼ ɑ d ɑ ʁ ɑ
ყავა	qʼ ɑ v ɑ
ყავისფერი	qʼ ɑ v ɪ s pʰ ɛ r ɪ
ყაზაიშვილი	qʼ ɑ z ɑ i ʃ v i l i
ყაზახეთის	qʼ ɑ z ɑ x ɛ tʰ i s
ყალბი	qʼ ɑ l b i
ყაჩაღი	qʼ ɑ t ʃ ɑ ɣ i
ყაჩაღობა	qʼ ɑ t ʃ ɑ ɣ ɔ b ɑ
ყელი	qʼ ɛ l i
ყველა	qʼ v ɛ l ɑ
ყველაზე	qʼ v ɛ l ɑ z ɛ
ყველაფერი	qʼ v ɛ l ɑ pʰ ɛ r i
ყველი	qʼ v ɛ l i
ყვითელი	qʼ v i tʰ ɛ l i
ყვირილი	qʼ v i r i l i
ყიდის	qʼ i d i s
ყიდულობს	qʼ i d u l ɔ b s
ყირგიზეთი	qʼ i r ɡ i z ɛ tʰ i
ყლაპავს	qʼ l ɑ pʼ ɑ v s
ყნოსვითი	qʼ n ɔ s v ɪ tʰ ɪ
ყოველდღიურად	qʼ ɔ v ɛ l d ʁ ɪ u r ɑ d
ყოველდღიური	qʼ ɔ v ɛ l d ʁ ɪ u r ɪ
ყოველთვის	qʼ ɔ v ɛ l tʰ v i s
ყოველი	qʼ ɔ v ɛ l i
ყოველწლიურად	qʼ ɔ v ɛ l t sʼ l ɪ u r ɑ d
ყოველწლიური	qʼ ɔ v ɛ l t sʼ l ɪ u r ɪ
ყოვლისშემძლე	qʼ ɔ v l ɪ s ʃ ɛ m d z l ɛ
ყოფილი	qʼ ɔ pʰ ɪ l ɪ
ყოფნა	qʼ ɔ pʰ n ɑ
ყოჩაღ	qʼ ɔ t ʃ ɑ ɣ
ყრუ	qʼ r u
ყუთი	qʼ u tʰ i
ყურადღება	qʼ u r ɑ d ɣ ɛ b ɑ
ყურადღებიანი	qʼ u r ɑ d ʁ ɛ b ɪ ɑ n ɪ
ყურადღებით	qʼ u r ɑ d ʁ ɛ b ɪ tʰ
ყური	qʼ u r i
ყურძენი	qʼ u r d z ɛ n i
შავი	ʃ ɑ v i
შაიბა	ʃ ɑ ɪ b ɑ
შალვა	ʃ ɑ l v ɑ
შანსი	ʃ ɑ n s i
შარავანდედი	ʃ ɑ r ɑ v ɑ n d ɛ d ɪ
შარიანი	ʃ ɑ r ɪ ɑ n ɪ
შარლოტა	ʃ ɑ r l ɔ tʼ ɑ
შარშან	ʃ ɑ r ʃ ɑ n
შარშანდელი	ʃ ɑ r ʃ ɑ n d ɛ l i
შაქარი	ʃ ɑ kʰ ɑ r i
შე	ʃ ɛ
შეგიძლიათ	ʃ ɛ ɡ ɪ d z l ɪ ɑ tʰ
შეგნებულად	ʃ ɛ ɡ n ɛ b u l ɑ d
შედარებით	ʃ ɛ d ɑ r ɛ b ɪ tʰ
შედარებითი	ʃ ɛ d ɑ r ɛ b ɪ tʰ ɪ
შედგენილი	ʃ ɛ d ɡ ɛ n ɪ l ɪ
შედეგად	ʃ ɛ d ɛ ɡ ɑ d
შედეგი	ʃ ɛ d ɛ ɡ i
შედევრი	ʃ ɛ d ɛ v r i
შეერთებული	ʃ ɛ ɛ r tʰ ɛ b u l i
შეზღუდული	ʃ ɛ z ʁ u d u l ɪ
შეთანხმებული	ʃ ɛ tʰ ɑ n χ m ɛ b u l ɪ
შეკვრა	ʃ ɛ kʼ v r ɑ
შეკრება	ʃ ɛ kʼ r ɛ b ɑ
შემადგენელი	ʃ ɛ m ɑ d ɡ ɛ n ɛ l ɪ
შემავალი	ʃ ɛ m ɑ v ɑ l ɪ
შემაჯამებელი	ʃ ɛ m ɑ d ʒ ɑ m ɛ b ɛ l ɪ
შემდგომ	ʃ ɛ m d ɡ ɔ m
შემდგომი	ʃ ɛ m d ɡ ɔ m ɪ
შემდეგ	ʃ ɛ m d ɛ ɡ
შემდეგი	ʃ ɛ m d ɛ ɡ ɪ
შემზარავი	ʃ ɛ m z ɑ r ɑ v i
შემთხვევა	ʃ ɛ m tʰ x v ɛ v ɑ
შემთხვევით	ʃ ɛ m tʰ χ v ɛ v ɪ tʰ
შემთხვევითი	ʃ ɛ m tʰ x v ɛ v i tʰ i
შემკვრელი	ʃ ɛ m kʼ v r ɛ l ɪ
შემოდის	ʃ ɛ m ɔ d i s
შემოვლითი	ʃ ɛ m ɔ v l ɪ tʰ ɪ
შემოსავალი	ʃ ɛ m ɔ s ɑ v ɑ l i
შემოტანა	ʃ ɛ m ɔ tʼ ɑ n ɑ
შემსრულებელი	ʃ ɛ m s r u l ɛ b ɛ l ɪ
შემცვლელი	ʃ ɛ m t s v l ɛ l i
შემწეობა	ʃ ɛ m t sʼ ɛ ɔ b ɑ
შემწვარი	ʃ ɛ m t sʼ v ɑ r ɪ
შენი	ʃ ɛ n i
შენიშნავს	ʃ ɛ n i ʃ n ɑ v s
შენობა	ʃ ɛ n ɔ b ɑ
შეპყრობილი	ʃ ɛ pʼ qʼ r ɔ b ɪ l ɪ
შერჩევითი	ʃ ɛ r t ʃ ɛ v ɪ tʰ ɪ
შესაბამისად	ʃ ɛ s ɑ b ɑ m ɪ s ɑ d
შესაბამისი	ʃ ɛ s ɑ b ɑ m i s i
შესავალი	ʃ ɛ s ɑ v ɑ l ɪ
შესამჩნევი	ʃ ɛ s ɑ m t ʃ n ɛ v i
შესანიშნავად	ʃ ɛ s ɑ n ɪ ʃ n ɑ v ɑ d
შესანიშნავი	ʃ ɛ s ɑ n ɪ ʃ n ɑ v ɪ
შესაფერისი	ʃ ɛ s ɑ pʰ ɛ r ɪ s ɪ
შესაშური	ʃ ɛ s ɑ ʃ u r ɪ
შესაძლებლობა	ʃ ɛ s ɑ d z l ɛ b l ɔ b ɑ
შესაძლო	ʃ ɛ s ɑ d z l ɔ
შესაძლოა	ʃ ɛ s ɑ d z l ɔ ɑ
შესვლა	ʃ ɛ s v l ɑ
შეტყობინება	ʃ ɛ tʼ qʼ ɔ b ɪ n ɛ b ɑ
შეუზღუდავი	ʃ ɛ u z ɣ u d ɑ v i
შეურაცხყოფა	ʃ ɛ u r ɑ t s x qʼ ɔ pʰ ɑ
შეუსაბამოდ	ʃ ɛ u s ɑ b ɑ m ɔ d
შეუსრულებელი	ʃ ɛ u s r u l ɛ b ɛ l ɪ
შეუფერებელი	ʃ ɛ u pʰ ɛ r ɛ b ɛ l ɪ
შეუცვლელი	ʃ ɛ u t s v l ɛ l ɪ
შეუძლებელი	ʃ ɛ u d z l ɛ b ɛ l ɪ
შეფასება	ʃ ɛ pʰ ɑ s ɛ b ɑ
შეფასებითი	ʃ ɛ pʰ ɑ s ɛ b ɪ tʰ ɪ
შექმნა	ʃ ɛ kʰ m n ɑ
შექმნილი	ʃ ɛ kʰ m n ɪ l ɪ
შეშა	ʃ ɛ ʃ ɑ
შეშინებული	ʃ ɛ ʃ i n ɛ b u l i
შეშლილი	ʃ ɛ ʃ l i l i
შეშფოთებული	ʃ ɛ ʃ pʰ ɔ tʰ ɛ b u l ɪ
შეჩვეული	ʃ ɛ t ʃ v ɛ u l ɪ
შეცდომა	ʃ ɛ t s d ɔ m ɑ
შეცდომით	ʃ ɛ t s d ɔ m ɪ tʰ
შეძლო	ʃ ɛ d z l ɔ
შეწყალების	ʃ ɛ t sʼ qʼ ɑ l ɛ b ɪ s
შეხება	ʃ ɛ x ɛ b ɑ
შეხვედრა	ʃ ɛ x v ɛ d r ɑ
შეჯიბრი	ʃ ɛ d ʒ ɪ b r ɪ
შვებულება	ʃ v ɛ b u l ɛ b ɑ
შველი	ʃ v ɛ l ɪ
შვიდი	ʃ v i d i
შვიდჯერ	ʃ v ɪ d d ʒ ɛ r
შვილობილი	ʃ v ɪ l ɔ b ɪ l ɪ
შთაბეჭდილება	ʃ tʰ ɑ b ɛ t ʃʼ d i l ɛ b ɑ
შთამომავალი	ʃ tʰ ɑ m ɔ m ɑ v ɑ l ɪ
შიგნით	ʃ i ɡ n i tʰ
შიდა	ʃ i d ɑ
შიმშილი	ʃ i m ʃ i l i
შინ	ʃ i n
შინაარსი	ʃ ɪ n ɑ ɑ r s ɪ
შინაგანი	ʃ ɪ n ɑ ɡ ɑ n ɪ
შინაური	ʃ i n ɑ u r i
შიშველი	ʃ i ʃ v ɛ l i
შიში	ʃ i ʃ i
შიშით	ʃ ɪ ʃ ɪ tʰ
შლის	ʃ l i s
შმაგი	ʃ m ɑ ɡ i
შოკი	ʃ ɔ kʼ ɪ
შორეული	ʃ ɔ r ɛ u l i
შორის	ʃ ɔ r ɪ s
შორს	ʃ ɔ r s
შპს	ʃ pʼ s
შრომა	ʃ r ɔ m ɑ
შრომისმოყვარე	ʃ r ɔ m i s m ɔ qʼ v ɑ r ɛ
შტაბი	ʃ tʼ ɑ b ɪ
შტამპი	ʃ tʼ ɑ m pʼ ɪ
შუა	ʃ u ɑ
შუაგულში	ʃ u ɑ ɡ u l ʃ ɪ
შუალედური	ʃ u ɑ l ɛ d u r ɪ
შუამავალი	ʃ u ɑ m ɑ v ɑ l i
შუამდგომლობა	ʃ u ɑ m d ɡ ɔ m l ɔ b ɑ
შუაში	ʃ u ɑ ʃ i
შუქნიშანი	ʃ u kʰ n i ʃ ɑ n i
შუქურა	ʃ u kʰ u r ɑ
შუშა	ʃ u ʃ ɑ
ჩადრი	t ʃ ɑ d r ɪ
ჩაკეტილი	t ʃ ɑ kʼ ɛ tʼ ɪ l ɪ
ჩამოკიდებული	t ʃ ɑ m ɔ kʼ ɪ d ɛ b u l ɪ
ჩამოსვლა	t ʃ ɑ m ɔ s v l ɑ
ჩანაწერი	t ʃ ɑ n ɑ t sʼ ɛ r ɪ
ჩანს	t ʃ ɑ n s
ჩართე	t ʃ ɑ r tʰ ɛ
ჩართული	t ʃ ɑ r tʰ u l i
ჩარჩო	t ʃ ɑ r t ʃ ɔ
ჩახერგვა	t ʃ ɑ χ ɛ r ɡ v ɑ
ჩემი	t ʃ ɛ m i
ჩემპიონატი	t ʃ ɛ m pʼ ɪ ɔ n ɑ tʼ ɪ
ჩეხეთი	t ʃ ɛ x ɛ tʰ i
ჩეხური	t ʃ ɛ χ u r ɪ
ჩვენი	t ʃ v ɛ n i
ჩვეულად	t ʃ v ɛ u l ɑ d
ჩვეულებრივ	t ʃ v ɛ u l ɛ b r ɪ v
ჩვეულებრივად	t ʃ v ɛ u l ɛ b r ɪ v ɑ d
ჩვეულებრივი	t ʃ v ɛ u l ɛ b r i v i
ჩვეული	t ʃ v ɛ u l ɪ
ჩილეს	t ʃ ɪ l ɛ s
ჩინეთი	t ʃ i n ɛ tʰ i
ჩინეთმა	t ʃ ɪ n ɛ tʰ m ɑ
ჩინეთს	t ʃ ɪ n ɛ tʰ s
ჩინოვნიკი	t ʃ ɪ n ɔ v n ɪ kʼ ɪ
ჩინური	t ʃ i n u r i
ჩირქი	t ʃ i r kʰ i
ჩუმად	t ʃ u m ɑ d
ჩხუბი	t ʃ x u b i
ცალკე	t s ɑ l kʼ ɛ
ცალმხრივად	t s ɑ l m χ r ɪ v ɑ d
ცალმხრივი	t s ɑ l m χ r ɪ v ɪ
ცარიელად	t s ɑ r ɪ ɛ l ɑ d
ცარიელი	t s ɑ r i ɛ l i
ცელქი	t s ɛ l kʰ i
ცემა	t s ɛ m ɑ
ცემენტი	t s ɛ m ɛ n tʼ ɪ
ცენზორი	t s ɛ n z ɔ r ɪ
ცენტრალური	t s ɛ n tʼ r ɑ l u r ɪ
ცერემონია	t s ɛ r ɛ m ɔ n ɪ ɑ
ცერემონიალი	t s ɛ r ɛ m ɔ n ɪ ɑ l ɪ
ცეცხლი	t s ɛ t s x l i
ცეცხლოვანი	t s ɛ t s χ l ɔ v ɑ n ɪ
ცეცხლს	t s ɛ t s x l s
ცეცხლში	t s ɛ t s χ l ʃ ɪ
ცვალებადი	t s v ɑ l ɛ b ɑ d i
ცვალებადობა	t s v ɑ l ɛ b ɑ d ɔ b ɑ
ცვლა	t s v l ɑ
ცვლილება	t s v l i l ɛ b ɑ
ცივი	t s i v i
ცინიზმი	t s ɪ n ɪ z m ɪ
ცინიკური	t s ɪ n ɪ kʼ u r ɪ
ცისფერი	t s i s pʰ ɛ r i
ციტრუსი	t s ɪ tʼ r u s ɪ
ციური	t s i u r i
ციფრი	t s i pʰ r i
ციფრული	t s ɪ pʰ r u l ɪ
ციცქნა	t s ɪ t s kʰ n ɑ
ციხე	t s i x ɛ
ცნობა	t s n ɔ b ɑ
ცნობილი	t s n ɔ b ɪ l ɪ
ცოდვა	t s ɔ d v ɑ
ცოდნა	t s ɔ d n ɑ
ცოლი	t s ɔ l i
ცოლისძმა	t s ɔ l ɪ s d z m ɑ
ცოტა	t s ɔ tʼ ɑ
ცოტათი	t s ɔ tʼ ɑ tʰ ɪ
ცოტაოდენი	t s ɔ tʼ ɑ ɔ d ɛ n ɪ
ცოტას	t s ɔ tʼ ɑ
ცოტნე	t s ɔ tʼ n ɛ
ცოფი	t s ɔ pʰ i
ცოცხალი	t s ɔ t s x ɑ l i
ცრუ	t s r u
ცუდად	t s u d ɑ d
ცურვა	t s u r v ɑ
ცხადი	t s x ɑ d i
ცხარე	t s x ɑ r ɛ
ცხელი	t s x ɛ l i
ცხენზე	t s χ ɛ n z ɛ
ცხოვრება	t s x ɔ v r ɛ b ɑ
ცხოვრებით	t s χ ɔ v r ɛ b ɪ tʰ
ცხოვრობს	t s x ɔ v r ɔ b s
ცხრა	t s x r ɑ
ძაბავს	d z ɑ b ɑ v s
ძალა	d z ɑ l ɑ
ძალადობა	d z ɑ l ɑ d ɔ b ɑ
ძალაუნებურად	d z ɑ l ɑ u n ɛ b u r ɑ d
ძალაუფლება	d z ɑ l ɑ u pʰ l ɛ b ɑ
ძალიან	d z ɑ l i ɑ n
ძალით	d z ɑ l ɪ tʰ
ძალისხმევა	d z ɑ l ɪ s χ m ɛ v ɑ
ძაღლი	d z ɑ ɣ l i
ძაღლყურძენა	d z ɑ ʁ l qʼ u r d z ɛ n ɑ
ძე	d z ɛ
ძებნა	d z ɛ b n ɑ
ძველი	d z v ɛ l i
ძვირად	d z v ɪ r ɑ d
ძვირი	d z v ɪ r ɪ
ძვირფასი	d z v ɪ r pʰ ɑ s ɪ
ძიება	d z i ɛ b ɑ
ძილის	d z ɪ l ɪ s
ძირეულად	d z ɪ r ɛ u l ɑ d
ძირი	d z i r i
ძირითადი	d z i r i tʰ ɑ d i
ძირს	d z ɪ r s
ძირძველი	d z ɪ r d z v ɛ l ɪ
ძიძიგური	d z i d z i ɡ u r i
ძლიერ	d z l ɪ ɛ r
ძლიერად	d z l i ɛ r ɑ d
ძლიერი	d z l i ɛ r i
ძლივს	d z l ɪ v s
ძმა	d z m ɑ
ძმარი	d z m ɑ r i
ძმობა	d z m ɔ b ɑ
ძნელად	d z n ɛ l ɑ d
ძნელი	d z n ɛ l i
ძრავი	d z r ɑ v i
წააგებს	t sʼ ɑ ɑ ɡ ɛ b s
წააგო	t sʼ ɑ ɑ ɡ ɔ
წაგება	t sʼ ɑ ɡ ɛ b ɑ
წადი	t sʼ ɑ d i
წავალ	t sʼ ɑ v ɑ l
წავიდეს	t sʼ ɑ v ɪ d ɛ s
წაკითხვა	t sʼ ɑ kʼ ɪ tʰ χ v ɑ
წალიკად	t sʼ ɑ l ɪ kʼ ɑ d
წამალი	t sʼ ɑ m ɑ l i
წარდგენა	t sʼ ɑ r d ɡ ɛ n ɑ
წარმატება	t sʼ ɑ r m ɑ tʼ ɛ b ɑ
წარმატებული	t sʼ ɑ r m ɑ tʼ ɛ b u l ɪ
წარმოდგენა	t sʼ ɑ r m ɔ d ɡ ɛ n ɑ
წარმოება	t sʼ ɑ r m ɔ ɛ b ɑ
წარმოებული	t sʼ ɑ r m ɔ ɛ b u l ɪ
წარმოუდგენელი	t sʼ ɑ r m ɔ u d ɡ ɛ n ɛ l i
წარმოუდგენლად	t sʼ ɑ r m ɔ u d ɡ ɛ n l ɑ d
წარმოშობით	t sʼ ɑ r m ɔ ʃ ɔ b ɪ tʰ
წარსულში	t sʼ ɑ r s u l ʃ ɪ
წარუმატებელი	t sʼ ɑ r u m ɑ tʼ ɛ b ɛ l ɪ
წარუმატებლად	t sʼ ɑ r u m ɑ tʼ ɛ b l ɑ d
წარჩინებული	t sʼ ɑ r t ʃ i n ɛ b u l i
წაშლა	t sʼ ɑ ʃ l ɑ
წებოვანი	t sʼ ɛ b ɔ v ɑ n ɪ
წებოვნება	t sʼ ɛ b ɔ v n ɛ b ɑ
წევრი	t sʼ ɛ v r i
წელი	t sʼ ɛ l i
წელიწადი	t sʼ ɛ l i t sʼ ɑ d i
წერა	t sʼ ɛ r ɑ
წერილი	t sʼ ɛ r i l i
წერს	t sʼ ɛ r s
წერტილი	t sʼ ɛ r tʼ i l i
წესი	t sʼ ɛ s i
წესიერი	t sʼ ɛ s i ɛ r i
წესრიგი	t sʼ ɛ s r i ɡ i
წვა	t sʼ v ɑ
წვავს	t sʼ v ɑ v s
წვეთი	t sʼ v ɛ tʰ ɪ
წვერი	t sʼ v ɛ r i
წვიმა	t sʼ v i m ɑ
წვლილი	t sʼ v l ɪ l ɪ
წვრთნა	t sʼ v r tʰ n ɑ
წვრილად	t sʼ v r ɪ l ɑ d
წვრილი	t sʼ v r i l i
წვრილფეხა	t sʼ v r ɪ l pʰ ɛ χ ɑ
წიგნი	t sʼ i ɡ n i
წითელი	t sʼ i tʰ ɛ l i
წილი	t sʼ i l i
წინ	t sʼ i n
წინა	t sʼ i n ɑ
წინააღმდეგობა	t sʼ i n ɑ ɑ ɣ m d ɛ ɡ ɔ b ɑ
წინადადება	t sʼ i n ɑ d ɑ d ɛ b ɑ
წინათ	t sʼ ɪ n ɑ tʰ
წინამორბედი	t sʼ ɪ n ɑ m ɔ r b ɛ d ɪ
წინაპარი	t sʼ ɪ n ɑ pʼ ɑ r ɪ
წინდა	t sʼ i n d ɑ
წინდაუხედავი	t sʼ ɪ n d ɑ u χ ɛ d ɑ v ɪ
წინდახედული	t sʼ ɪ n d ɑ χ ɛ d u l ɪ
წინსვლა	t sʼ i n s v l ɑ
წიწაკა	t sʼ i t sʼ ɑ kʼ ɑ
წიწიბურა	t sʼ ɪ t sʼ ɪ b u r ɑ
წლისთავი	t sʼ l i s tʰ ɑ v i
წმიდა	t sʼ m i d ɑ
წრე	t sʼ r ɛ
წუთი	t sʼ u tʰ i
წუხილი	t sʼ u x i l i
წყავი	t sʼ qʼ ɑ v i
წყალი	t sʼ qʼ ɑ l i
წყალს	t sʼ qʼ ɑ l s
წყარო	t sʼ qʼ ɑ r ɔ
წყაროთი	t sʼ qʼ ɑ r ɔ tʰ ɪ
წყარომ	t sʼ qʼ ɑ r ɔ m
წყვილი	t sʼ qʼ v i l i
წყლიანი	t sʼ qʼ l i ɑ n i
წყლის	t sʼ qʼ l ɪ s
ჭამა	t ʃʼ ɑ m ɑ
ჭამს	t ʃʼ ɑ m s
ჭარხალი	t ʃʼ ɑ r χ ɑ l ɪ
ჭეშმარიტად	t ʃʼ ɛ ʃ m ɑ r i tʼ ɑ d
ჭეშმარიტება	t ʃʼ ɛ ʃ m ɑ r i tʼ ɛ b ɑ
ჭეშმარიტი	t ʃʼ ɛ ʃ m ɑ r i tʼ i
ჭიანჭველას	t ʃʼ ɪ ɑ n t ʃʼ v ɛ l ɑ s
ჭიდაობა	t ʃʼ i d ɑ ɔ b ɑ
ჭიპი	t ʃʼ i pʼ i
ჭირი	t ʃʼ i r i
ჭიქა	t ʃʼ i kʰ ɑ
ჭკუა	t ʃʼ kʼ u ɑ
ჭორი	t ʃʼ ɔ r i
ჭრელი	t ʃʼ r ɛ l ɪ
ხაზგასმით	χ ɑ z ɡ ɑ s m ɪ tʰ
ხაზი	χ ɑ z ɪ
ხალასი	x ɑ l ɑ s i
ხალი	x ɑ l i
ხალიფა	χ ɑ l ɪ pʰ ɑ
ხალხად	χ ɑ l χ ɑ d
ხალხი	x ɑ l x i
ხალხით	χ ɑ l χ ɪ tʰ
ხალხის	χ ɑ l χ ɪ s
ხალხმა	χ ɑ l χ m ɑ
ხალხს	χ ɑ l χ s
ხან	χ ɑ n
ხანა	χ ɑ n ɑ
ხანგრძლივი	x ɑ n ɡ r d z l i v i
ხანდახან	x ɑ n d ɑ x ɑ n
ხანი	x ɑ n i
ხანმოკლე	χ ɑ n m ɔ kʼ l ɛ
ხანძარი	χ ɑ n d z ɑ r ɪ
ხარ	χ ɑ r
ხარვეზი	x ɑ r v ɛ z i
ხართ	χ ɑ r tʰ
ხარკი	χ ɑ r kʼ ɪ
ხარხარი	x ɑ r x ɑ r i
ხარჯავს	x ɑ r d ʒ ɑ v s
ხარჯი	χ ɑ r d ʒ ɪ
ხასიათი	χ ɑ s ɪ ɑ tʰ ɪ
ხატი	χ ɑ tʼ ɪ
ხატია	x ɑ tʼ i ɑ
ხაფანგი	x ɑ pʰ ɑ n ɡ i
ხაჭაპური	x ɑ t ʃʼ ɑ pʼ u r i
ხაჭო	x ɑ t ʃʼ ɔ
ხახვი	x ɑ x v i
ხდება	x d ɛ b ɑ
ხეები	x ɛ ɛ b i
ხეების	x ɛ ɛ b i s
ხეებს	x ɛ ɛ b s
ხელახლა	χ ɛ l ɑ χ l ɑ
ხელბურთი	x ɛ l b u r tʰ i
ხელის	χ ɛ l ɪ s
ხელისუფალი	χ ɛ l ɪ s u pʰ ɑ l ɪ
ხელისუფლება	χ ɛ l ɪ s u pʰ l ɛ b ɑ
ხელისუფლებამ	χ ɛ l ɪ s u pʰ l ɛ b ɑ m
ხელკეტი	χ ɛ l kʼ ɛ tʼ ɪ
ხელმომწერი	χ ɛ l m ɔ m t sʼ ɛ r ɪ
ხელმოწერა	χ ɛ l m ɔ t sʼ ɛ r ɑ
ხელმძღვანელი	χ ɛ l m d z ʁ v ɑ n ɛ l ɪ
ხელნაწერი	χ ɛ l n ɑ t sʼ ɛ r ɪ
ხელოვნება	χ ɛ l ɔ v n ɛ b ɑ
ხელოვნებას	χ ɛ l ɔ v n ɛ b ɑ s
ხელოვნების	χ ɛ l ɔ v n ɛ b ɪ s
ხელოვნურად	x ɛ l ɔ v n u r ɑ d
ხელოვნური	χ ɛ l ɔ v n u r ɪ
ხელოსანი	χ ɛ l ɔ s ɑ n ɪ
ხელსაყრელი	x ɛ l s ɑ qʼ r ɛ l i
ხელშეკრულება	χ ɛ l ʃ ɛ kʼ r u l ɛ b ɑ
ხელშესახები	χ ɛ l ʃ ɛ s ɑ χ ɛ b ɪ
ხელშეწყობა	χ ɛ l ʃ ɛ t sʼ qʼ ɔ b ɑ
ხერხი	x ɛ r x i
ხვალ	x v ɑ l
ხველა	χ v ɛ l ɑ
ხიბლი	x i b l i
ხიდი	x i d i
ხილვა	χ ɪ l v ɑ
ხილი	x i l i
ხის	x i s
ხისტი	χ ɪ s tʼ ɪ
ხიფათი	x i pʰ ɑ tʰ i
ხმა	x m ɑ
ხმამაღალი	χ m ɑ m ɑ ʁ ɑ l ɪ
ხმას	χ m ɑ s
ხმაური	x m ɑ u r i
ხმაურიანი	x m ɑ u r i ɑ n i
ხმაურით	χ m ɑ u r ɪ tʰ
ხმით	χ m ɪ tʰ
ხმის	x m i s
ხმოვანი	χ m ɔ v ɑ n ɪ
ხოლო	χ ɔ l ɔ
ხომ	x ɔ m
ხომალდი	χ ɔ m ɑ l d ɪ
ხორცი	x ɔ r t s i
ხორცშესხმული	χ ɔ r t s ʃ ɛ s χ m u l ɪ
ხრიკი	χ r ɪ kʼ ɪ
ხსნადი	χ s n ɑ d ɪ
ხუთი	x u tʰ i
ხუმარა	χ u m ɑ r ɑ
ხშირად	χ ʃ ɪ r ɑ d
ხშირი	x ʃ i r i
ჯაბა	d ʒ ɑ b ɑ
ჯანი	d ʒ ɑ n ɪ
ჯანმრთელი	d ʒ ɑ n m r tʰ ɛ l ɪ
ჯანმრთელობა	d ʒ ɑ n m r tʰ ɛ l ɔ b ɑ
ჯანსაღი	d ʒ ɑ n s ɑ ɣ i
ჯარი	d ʒ ɑ r i
ჯარიმა	d ʒ ɑ r ɪ m ɑ
ჯაშუში	d ʒ ɑ ʃ u ʃ i
ჯაჭვი	d ʒ ɑ t ʃʼ v i
ჯგუფი	d ʒ ɡ u pʰ ɪ
ჯგუფური	d ʒ ɡ u pʰ u r i
ჯდომა	d ʒ d ɔ m ɑ
ჯეიმსი	d ʒ ɛ ɪ m s ɪ
ჯიბე	d ʒ ɪ b ɛ
ჯილდო	d ʒ i l d ɔ
ჯიმი	d ʒ ɪ m ɪ
ჯინი	d ʒ ɪ n ɪ
ჯიუტად	d ʒ ɪ u tʼ ɑ d
ჯონ	d ʒ ɔ n
ჯონი	d ʒ ɔ n ɪ
ჯორჯ	d ʒ ɔ r d ʒ
ჯოჯოხეთური	d ʒ ɔ d ʒ ɔ χ ɛ tʰ u r ɪ
ჯულიეტა	d ʒ u l ɪ ɛ tʼ ɑ
ჰაერი	h ɑ ɛ r i
ჰამაკი	h ɑ m ɑ kʼ i
ჰარმონიულად	h ɑ r m ɔ n ɪ u l ɑ d
ჰექტარი	h ɛ kʰ tʼ ɑ r ɪ
ჰიბრიდი	h ɪ b r ɪ d ɪ
ჰიბრიდული	h ɪ b r ɪ d u l ɪ
ჰიგიენური	h ɪ ɡ ɪ ɛ n u r ɪ
ჰილარი	h ɪ l ɑ r ɪ
ჰიმნი	h i m n i
ჰო	h ɔ
ჰობი	h ɔ b ɪ
ჰოლანდიური	h ɔ l ɑ n d ɪ u r ɪ
ჰომოსექსუალობა	h ɔ m ɔ s ɛ kʰ s u ɑ l ɔ b ɑ
ჰორიზონტალურად	h ɔ r ɪ z ɔ n tʼ ɑ l u r ɑ d
ჰორიზონტი	h ɔ r ɪ z ɔ n tʼ ɪ
ჰოროსკოპი	h ɔ r ɔ s kʼ ɔ pʼ ɪ
ჰუმანიტარული	h u m ɑ n ɪ tʼ ɑ r u l ɪ
ჰუმანური	h u m ɑ n u r ɪ
ჰქვია	h kʰ v i ɑ
ჰქონდა	h kʰ ɔ n d ɑ
ჰყავს	h qʼ ɑ v s
