abandona	a b a n d o n a
abandonai	a b a n d o n a j
abandonam	a b a n d o n a m
abandonară	a b a n d o n a r ə
abandonarăm	a b a n d o n a r ə m
abandonarăți	a b a n d o n a r ə t sʲ
abandonase	a b a n d o n a s e
abandonasem	a b a n d o n a s e m
abandonaseră	a b a n d o n a s e r ə
abandonaserăm	a b a n d o n a s e r ə m
abandonaserăți	a b a n d o n a s e r ə t sʲ
abandonaseși	a b a n d o n a s e ʃʲ
abandonat	a b a n d o n a t
abandonau	a b a n d o n a w
abandonași	a b a n d o n a ʃʲ
abandonați	a b a n d o n a t sʲ
abandonează	a b a n d o n e̯ a z ə
abandonez	a b a n d o n e z
abandoneze	a b a n d o n e z e
abandonezi	a b a n d o n e zʲ
abandonând	a b a n d o n ɨ n d
abandonă	a b a n d o n ə
abandonăm	a b a n d o n ə m
abat	a b a t
abatem	a b a t e m
abdicai	a b d i k a j
abdicam	a b d i k a m
abdicase	a b d i k a s e
abdice	a b d i t͡ʃ e
abdici	a b d i t͡ʃʲ
abia	a b j a
abil	a b i l
abile	a b i l e
abili	a b i lʲ
abilitai	a b i l i t a j
abilă	a b i l ə
absolutizai	a b s o l u t i z a j
absolutizase	a b s o l u t i z a s e
absorb	a b s o r b
absorbeam	a b s o r b e̯ a m
absorbi	a b s o r b i
absorbim	a b s o r b i m
abundai	a b u n d a j
abundam	a b u n d a m
abundase	a b u n d a s e
aburi	a b u r i
aburit	a b u r i t
acasă	a k a s ə
acatsu	a k a t͡sʷ
accelera	a k t ʃ e l e r a
accelerai	a k t͡ʃ e l e r a j
acceleram	a k t͡ʃ e l e r a m
accelerară	a k t͡ʃ e l e r a r ə
accelerarăm	a k t͡ʃ e l e r a r ə m
accelerarăți	a k t͡ʃ e l e r a r ə t sʲ
accelerase	a k t͡ʃ e l e r a s e
accelerasem	a k t͡ʃ e l e r a s e m
acceleraserăm	a k t͡ʃ e l e r a s e r ə m
acceleraserăți	a k t͡ʃ e l e r a s e r ə t sʲ
acceleraseși	a k t͡ʃ e l e r a s e ʃʲ
accelerat	a k t͡ʃ e l e r a t
accelerau	a k t͡ʃ e l e r a w
accelerași	a k t͡ʃ e l e r a ʃʲ
accelerați	a k t͡ʃ e l e r a t͡sʲ
accelerație	a k t͡ʃ e l e r a t͡s i e
accelerează	a k t͡ʃ e l e r e̯ a z ə
accelerez	a k t͡ʃ e l e r e z
accelereze	a k t͡ʃ e l e r e z e
accelerezi	a k t͡ʃ e l e r e zʲ
accelerând	a k t͡ʃ e l e r ɨ n d
acceleră	a k t͡ʃ e l e r ə
accelerăm	a k t͡ʃ e l e r ə m
acceptai	a k t͡ʃ e p t a j
acceptam	a k t͡ʃ e p t a m
accepte	a k t͡ʃ e p t e
aceiași	a t͡ʃ e j a ʃʲ
același	a t͡ʃ e l a ʃʲ
aceleiași	a t͡ʃ e l e j a ʃʲ
aceluiași	a t͡ʃ e l u j a ʃʲ
acesta	a t͡ʃ e s t a
acestea	a t ʃ e s t e̯ a
acestei	a t͡ʃ e s t e j
acesteia	a t͡ʃ e s t e j a
acestuia	a t͡ʃ e s t u j a
achiu	a k i w
acide	a t͡ʃ i d e
acioaie	a t ʃ i w a j e
acronim	a k r o n i m
activai	a k t i v a j
activam	a k t i v a m
activase	a k t i v a s e
active	a k t i v e
activez	a k t i v e z
acuma	a k u m a
acumulai	a k u m u l a j
acumulam	a k u m u l a m
acumulase	a k u m u l a s e
acumulat	a k u m u l a t
adaptabilitate	a d a p t a b i l i t a t e
adiase	a d i a s e
adie	a d i e
adiem	a d i e m
adjectiv	a d ʒ e k t i v
adjective	a d ʒ e k t i v e
adnotat	a d n o t a t
adopte	a d o p t e
ador	a d o r
adorai	a d o r a j
adoram	a d o r a m
adorase	a d o r a s e
adorat	a d o r a t
adu	a d u
aduce	a d u t ʃ e
aducător	a d u k ə t o r
aerai	a e r a j
aeram	a e r a m
aerase	a e r a s e
aerodrom	a e r o d r o m
aeroport	a e ɾ o p o ɾ t
afinitate	a f i n i t a t e
afix	a f i k s
afli	a f l i
africa	a f r i k a
afum	a f u m
afume	a f u m e
afundai	a f u n d a j
afundam	a f u n d a m
afunde	a f u n d e
agent	a d ʒ e n t
agentă	a d͡ʒ e n t ə
agit	a d͡ʒ i t
agitai	a d͡ʒ i t a j
agitam	a d͡ʒ i t a m
agite	a d͡ʒ i t e
agăța	a ɡ ə t͡s a
aici	a i t͡ʃʲ
ajuna	a ʒ u n a
ajuns	a ʒ u n s
ajut	a ʒ u t
ajuta	a ʒ u t a
alarmam	a l a r m a m
alarmez	a l a r m e z
albanez	a l b a n e z
albaneze	a l b a n e z e
albanezi	a l b a n e zʲ
albaneză	a l b a n e z ə
albastru	a l b a s t ɾ u
albea	a l b e̯ a
albulescu	a l b u l e s k u
alcool	a l k o o l
alcoolic	a l k o o l i k
alcoolica	a l k o o l i k a
alcoolice	a l k o o l i t͡ʃ e
alcoolici	a l k o o l i t͡ʃʲ
alcoolică	a l k o o l i k ə
alfabete	a l f a b e t e
alfabetele	a l f a b e t e l e
alfabetelor	a l f a b e t e l o r
alfabetului	a l f a b e t u l u j
algerian	a l d͡ʒ e r i a n
aligator	a l i ɡ a t o r
alin	a l i n
alinam	a l i n a m
aline	a l i n e
alinăm	a l i n ə m
alterai	a l t e r a j
alterase	a l t e r a s e
alterat	a l t e r a t
alterez	a l t e r e z
amaneta	a m a n e t a
amarilisului	a m a r i l i s u l u j
amariliși	a m a r i l i ʃʲ
amarilișii	a m a r i l i ʃ iː
amarilișilor	a m a r i l i ʃ i l o r
america	a m e r i k a
americance	a m e ɾ i k a n t͡ʃ e
amintesc	a m i n t e s k
amintește	a m i n t e ʃ t e
aminti	a m i n t i
amintire	a m i n t i r e
amorțit	a m o r t s i t
amsterdam	a m s t e r d a m
amuze	a m u z e
amuzi	a m u zʲ
an	a n
anal	a n a l
analiza	a n a l i z a
analizai	a n a l i z a j
analizară	a n a l i z a r ə
analizarăm	a n a l i z a r ə m
analizase	a n a l i z a s e
analizaserăm	a n a l i z a s e r ə m
analizaseși	a n a l i z a s e ʃʲ
analizat	a n a l i z a t
analizau	a n a l i z a w
analizași	a n a l i z a ʃʲ
analizează	a n a l i z e̯ a z ə
analizez	a n a l i z e z
analizezi	a n a l i z e zʲ
analiză	a n a l i z ə
analogie	a n a l o d͡ʒ i e
anarhist	a n a r h i s t
anarhistă	a n a r h i s t ə
anatema	a n a t e m a
anateme	a n a t e m e
anatemei	a n a t e m e j
anatemele	a n a t e m e l e
anatemelor	a n a t e m e l o r
anatemă	a n a t e m ə
anatomie	a n a t o m i e
ancorai	a n k o r a j
ancoram	a n k o r a m
ancorase	a n k o r a s e
andorra	a n d o r a
anexai	a n e k s a j
anexam	a n e k s a m
anexase	a n e k s a s e
ani	a nʲ
anihila	a n i h i l a
anim	a n i m
animai	a n i m a j
animali	a n i m a lʲ
animase	a n i m a s e
animi	a n i mʲ
anonim	a n o n i m
anonima	a n o n i m a
anonime	a n o n i m e
anonimi	a n o n i mʲ
anonimă	a n o n i m ə
anormalitate	a n o r m a l i t a t e
antagonic	a n t a ɡ o n i k
antarctica	a n t a r k t i k a
antonescu	a n t o n e s k u
antonim	a n t o n i m
anulai	a n u l a j
anulam	a n u l a m
anulase	a n u l a s e
anusuri	a n u s u rʲ
anțărț	a n t s ə r t s
apa	a p a
ape	a p e
apei	a p e j
apele	a p e l e
apelor	a p e l o r
apetisant	a p e t i s a n t
aplaudam	a p l a u d a m
aplaude	a p l a u d e
aplicai	a p l i k a j
aplicam	a p l i k a m
aplicase	a p l i k a s e
aplicat	a p l i k a t
apocalips	a p o k a l i p s
apocalipsele	a p o k a l i p s e l e
apocalipselor	a p o k a l i p s e l o r
apocalipsului	a p o k a l i p s u l u j
apocaliptic	a p o k a l i p t i k
apocaliptica	a p o k a l i p t i k a
apocaliptice	a p o k a l i p t i t͡ʃ e
apocalipticei	a p o k a l i p t i t͡ʃ e j
apocalipticele	a p o k a l i p t i t͡ʃ e l e
apocalipticelor	a p o k a l i p t i t͡ʃ e l o r
apocaliptici	a p o k a l i p t i t͡ʃʲ
apocalipticii	a p o k a l i p t i t͡ʃ iː
apocalipticilor	a p o k a l i p t i t͡ʃ i l o r
apocalipticului	a p o k a l i p t i k u l u j
apocaliptică	a p o k a l i p t i k ə
apologiza	a p o l o d͡ʒ i z a
apologizai	a p o l o d͡ʒ i z a j
apologizam	a p o l o d͡ʒ i z a m
aproape	a p r o̯ a p e
aprob	a p r o b
aprobase	a p r o b a s e
apropiase	a p r o p i a s e
apropie	a p r o p j e
apă	a p ə
arai	a r a j
aram	a r a m
arase	a r a s e
arate	a r a t e
arau	a r a w
arbore	a r b o r e
arbust	a r b u s t
ardea	a r d e̯ a
ardeam	a r d e̯ a m
ardem	a r d e m
argumentai	a r ɡ u m e n t a j
argumentase	a r ɡ u m e n t a s e
argumentat	a r ɡ u m e n t a t
argumentez	a r ɡ u m e n t e z
ari	a rʲ
armai	a r m a j
armam	a r m a m
armase	a r m a s e
arme	a r m e
armenia	a r m e n i a
armez	a r m e z
armonizase	a r m o n i z a s e
armăsar	a r m ə s a r
armăsari	a r m ə s a rʲ
armăsarii	a r m ə s a r iː
armăsarilor	a r m ə s a r i l o r
armăsarului	a r m ə s a r u l u j
articulai	a r t i k u l a j
articulam	a r t i k u l a m
articulase	a r t i k u l a s e
articulat	a r t i k u l a t
articulez	a r t i k u l e z
artificializam	a r t i f i t͡ʃ i a l i z a m
arăta	a r ə t a
arșinic	a r ʃ i n i k
arșița	a r ʃ i t s a
arșiță	a r ʃ i t s ə
ascuns	a s k u n s
asexual	a s e k s u a l
asexualitate	a s e k s u a l i t a t e
asia	a s i a
asimilase	a s i m i l a s e
aspir	a s p i r
aspirat	a s p i r a t
aspire	a s p i r e
aspiri	a s p i rʲ
asta	a s t a
astruc	a s t r u k
astruca	a s t r u k a
astupe	a s t u p e
asturian	a s t u r i a n
asupra	a s u p r a
asurzea	a s u r z j a
asurzeai	a s u r z j a j
asurzeam	a s u r z j a m
asurzească	a s u r z j a s k ə
asurzeau	a s u r z j a w
asurzeați	a s u r z j a t sʲ
asurzesc	a s u r z e s k
asurzește	a s u r z e ʃ t e
asurzești	a s u r z e ʃ tʲ
asurzi	a s u r z i
asurzii	a s u r z iː
asurzim	a s u r z i m
asurzind	a s u r z i n d
asurziră	a s u r z i r ə
asurzirăm	a s u r z i r ə m
asurzirăți	a s u r z i r ə t sʲ
asurzise	a s u r z i s e
asurzisem	a s u r z i s e m
asurziseră	a s u r z i s e r ə
asurziserăm	a s u r z i s e r ə m
asurziserăți	a s u r z i s e r ə t sʲ
asurziseși	a s u r z i s e ʃʲ
asurzit	a s u r z i t
asurzitei	a s u r z i t e j
asurzitului	a s u r z i t u l u j
asurzită	a s u r z i t ə
asurziși	a s u r z i ʃʲ
asurziți	a s u r z i t͡sʲ
asurziții	a s u r z i t͡s iː
asurziților	a s u r z i t͡s i l o r
atac	a t a k
ataca	a t a k a
atacai	a t a k a j
atacam	a t a k a m
atacase	a t a k a s e
atacat	a t a k a t
ataraxia	a t a r a k s i a
ataraxic	a t a r a k s i k
ataraxie	a t a r a k s i e
ating	a t i ŋ ɡ
atingem	a t i n d͡ʒ e m
atingi	a t i n d͡ʒʲ
atmosferă	a t m o s f e r ə
atroce	a t r o t͡ʃ e
atrocitate	a t r o t͡ʃ i t a t e
atrocitatea	a t r o t͡ʃ i t a t e̯ a
atrocități	a t r o t͡ʃ i t ə t͡sʲ
atrocității	a t r o t ʃ i t ə t s iː
atrocitățile	a t r o t͡ʃ i t ə t͡s i l e
atrocităților	a t r o t͡ʃ i t ə t͡s i l o r
audacie	a u d a t͡ʃ i e
augmentat	a u ɡ m e n t a t
augmentez	a u ɡ m e n t e z
aurea	a u r e̯ a
auream	a u r e̯ a m
autoritate	a u t o r i t a t e
avansa	a v a n s a
avansat	a v a n s a t
avansă	a v a n s ə
avantaje	a v a n t a ʒ e
aveam	a v e̯ a m
aventuram	a v e n t u r a m
aventurase	a v e n t u r a s e
aventurez	a v e n t u r e z
aveți	a v e t sʲ
avid	a v i d
avivase	a v i v a s e
avivez	a v i v e z
avortai	a v o r t a j
avortat	a v o r t a t
avortez	a v o r t e z
avui	a v u j
azer	a z e r
azerbaidjan	a z e r b a j d͡ʒ a n
azere	a z e r e
azeri	a z e rʲ
așa	a ʃ a
așadar	a ʃ a d a r
aștepta	a ʃ t e p t a
așteptat	a ʃ t e p t a t
ați	a t͡sʲ
ață	a t͡s ə
baba	b a b a
babe	b a b e
babă	b a b ə
bag	b a ɡ
bagi	b a d͡ʒʲ
baia	b a j a
baie	b a j e
balcanic	b a l k a n i k
balcoane	b a l k o̯ a n e
baligă	b a l i ɡ ə
baltic	b a l t i k
baltă	b a l t ə
banița	b a nʲ t͡s a
barai	b a r a j
baram	b a r a m
barat	b a r a t
bardou	b a r d o w
basma	b a s m a
batem	b a t e m
bată	b a t ə
bazam	b a z a m
bea	b e̯ a
beai	b e̯ a j
beam	b e̯ a m
beat	b e̯ a t
beata	b e̯ a t a
beau	b e̯ a w
bei	b e j
belea	b e l e̯ a
belim	b e l i m
bem	b e m
beniamin	b e n j a m i n
beri	b e rʲ
bestial	b e s t i a l
bestialitate	b e s t i a l i t a t e
bețiv	b e t͡s i v
bibescu	b i b e s k u
bifurcai	b i f u r k a j
bifurcam	b i f u r k a m
bifurce	b i f u r t͡ʃ e
bifurci	b i f u r t͡ʃʲ
bineînțeles	b i n e ɨ n t s e l e s
biofizician	b i o f i z i t͡ʃ j a n
biofizică	b i o f i z i k ə
blană	b l a n ə
bloca	b l o k a
blocase	b l o k a s e
boală	b w a l ə
boașe	b o̯ a ʃ e
boașele	b o̯ a ʃ e l e
boașelor	b o̯ a ʃ e l o ɾ
boemia	b o e m i a
bogat	b o ɡ a t
bogdan	b o ɡ d a n
boi	b o j
bolnăvicios	b o l n ə v i t͡ʃ j o s
bora	b o r a
boram	b o r a m
borî	b o r ɨ
botez	b o t e z
boteza	b o t e z a
boș	b o ʃ
boșului	b o ʃ u l u j
brazilia	b r a z i l i a
brazilian	b r a z i l i a n
brodai	b r o d a j
brodat	b r o d a t
brodez	b r o d e z
bruia	b r u j a
bruie	b r u j e
brunei	b r u n e j
brâncă	b r ɨ n k ə
buc	b u k
buca	b u k a
buci	b u t ʃʲ
bucile	b u t ʃ i l ɛ
bucă	b u k ə
bulbuca	b u l b u k a
bulgar	b u l ɡ a r
bulgară	b u l ɡ a r ə
bulgăresc	b u l ɡ ə r e s k
bulgărește	b u l ɡ ə r e ʃ t e
buna	b u n a
bune	b u n e
bunic	b u n i k
bună	b u n ə
buram	b u r a m
burat	b u r a t
burete	b u r e t e
burtă	b u r t ə
busolă	b u s o l ə
buzunar	b u z u n a r
băiat	b ə j a t
băieței	b ə j e t͡s e j
băiețeii	b ə j e t s e j i
băiețeilor	b ə j e t s e j l o r
băiețelului	b ə j e t͡s e l u l u j
bănescu	b ɘ n e s k u
bănui	b ə n u i
bărbatului	b ə r b a t u l u j
bărbații	b ə r b a t͡s iː
bărbaților	b ə r b a t͡s i l o r
bărbătesc	b ə r b ə t e s k
cace	k a t͡ʃ e
cadavre	k a d a v r e
cadavrele	k a d a v r e l e
cadavrelor	k a d a v r e l o r
cadavru	k a d a v r u
cadavrului	k a d a v r u l u j
cadă	k a d ə
calce	k a l t͡ʃ e
calci	k a l t͡ʃʲ
caldarâm	k a l d a r ɨ m
calitate	c a l i t a t e
calmai	k a l m a j
calmez	k a l m e z
cambodgia	k a m b o d͡ʒ i a
canada	k a n a d a
canale	k a n a l e
cană	k a n ə
caos	k a o s
capabilitate	c a p a b i l i t a t e
capacitate	k a p a t ʃ i t a t e
capete	k a p e t e
capitula	k a p i t u l a
capitulai	k a p i t u l a j
capitulam	k a p i t u l a m
capitulase	k a p i t u l a s e
capitulat	k a p i t u l a t
capitulez	k a p i t u l e z
capsase	k a p s a s e
capsulam	k a p s u l a m
capsulase	k a p s u l a s e
capăt	k a p ə t
car	k a r
caracter	k a r a k t e r
caraghios	k a r a ɡ j o s
cari	k a rʲ
cartilaj	k a r t i l a ʒ
cartof	k a r t o f
cartofi	k a r t o fʲ
cartă	k a r t ə
castrai	k a s t r a j
castram	k a s t r a m
castrase	k a s t r a s e
castrat	k a s t r a t
castrez	k a s t r e z
castron	k a s t ɾ o n
casă	k a s ə
catalani	k a t a l a nʲ
catalană	k a t a l a n ə
catalonia	k a t a l o n i a
caute	k a u t e
ce	t͡ʃ e
ceai	t ʃ a j
ceartă	t͡ʃ e̯ a r t ə
ceaușescu	t͡ʃ e̯ a u ʃ e s k u
ceh	t͡ʃ e x
cehă	t͡ʃ e h ə
cel	t ʃ e l
celebrai	t͡ʃ e l e b r a j
celebram	t͡ʃ e l e b r a m
celebrase	t͡ʃ e l e b r a s e
celebrat	t͡ʃ e l e b r a t
central	t͡ʃ e n t r a l
centrale	t͡ʃ e n t ɾ a l e
centrală	t͡ʃ e n t ɾ a l ə
cenzurai	t͡ʃ e n z u r a j
cenzuram	t͡ʃ e n z u r a m
cenzurară	t͡ʃ e n z u r a r ə
cenzurarăm	t͡ʃ e n z u r a r ə m
cenzurarăți	t͡ʃ e n z u r a r ə t sʲ
cenzurase	t͡ʃ e n z u r a s e
cenzurasem	t͡ʃ e n z u r a s e m
cenzuraseră	t͡ʃ e n z u r a s e r ə
cenzuraserăm	t͡ʃ e n z u r a s e r ə m
cenzuraseși	t͡ʃ e n z u r a s e ʃʲ
cenzurau	t͡ʃ e n z u r a w
cenzurași	t͡ʃ e n z u r a ʃʲ
cenzurați	t͡ʃ e n z u r a t͡sʲ
cenzurează	t͡ʃ e n z u r e̯ a z ə
cenzureze	t͡ʃ e n z u r e z e
cenzurezi	t͡ʃ e n z u r e zʲ
cenzurând	t͡ʃ e n z u r ɨ n d
cenzură	t͡ʃ e n z u r ə
cenzurăm	t͡ʃ e n z u r ə m
cerbar	t͡ʃ e r b a r
cerbice	t ʃ e r b i t ʃ e
cerc	t͡ʃ e r k
cercai	t͡ʃ e r k a j
cercam	t͡ʃ e r k a m
cercase	t͡ʃ e r k a s e
cercat	t͡ʃ e r k a t
cerce	t͡ʃ e r t͡ʃ e
cerci	t͡ʃ e r t͡ʃʲ
cercuri	t͡ʃ e r k u rʲ
cerere	t͡ʃ e r e r e
cerneală	t ʃ e r n e̯ a l ə
cernem	t͡ʃ e r n e m
cerni	t͡ʃ e r nʲ
cernui	t͡ʃ e r n u j
certam	t͡ʃ e r t a m
certat	t͡ʃ e r t a t
certe	t͡ʃ e r t e
ceteram	t͡ʃ e t e r a m
cetere	t͡ʃ e t e r e
ceteri	t͡ʃ e t e rʲ
cetățean	t͡ʃ e t ə t͡s e̯ a n
cetățeancă	t͡ʃ e t ə t͡s e̯ a n k ə
cetățence	t͡ʃ e t ə t͡s e n t͡ʃ e
cetățene	t͡ʃ e t ə t͡s e n e
cetățeni	t͡ʃ e t ə t͡s e nʲ
ceva	t͡ʃ e v a
chei	k e j
cheie	k e j e
cheme	k e m e
chin	c i n
chior	k j o r
chișinău	k i ʃ i n ə u̯
cicatrice	t͡ʃ i k a t r i t͡ʃ e
cilibia	t ʃ i l i b i a
cina	t͡ʃ i n a
cinase	t͡ʃ i n a s e
cină	t͡ʃ i n ə
ciocolată	t͡ʃ j o k o l a t ə
cioculescu	t ʃ o k u l e s k u
circulai	t͡ʃ i r k u l a j
circulam	t͡ʃ i r k u l a m
circulase	t͡ʃ i r k u l a s e
circulat	t͡ʃ i r k u l a t
circule	t͡ʃ i r k u l e
circuli	t͡ʃ i r k u lʲ
circumcide	t͡ʃ i r k u m t͡ʃ i d e
circumcis	t ʃ i r k u m t ʃ i s
circumcise	t͡ʃ i r k u m t͡ʃ i s e
citea	t ʃ i t j a
citeai	t ʃ i t j a j
citeam	t ʃ i t j a m
citească	t ʃ i t j a s k ə
citeau	t ʃ i t j a w
citeați	t ʃ i t j a t sʲ
citesc	t ʃ i t e s k
citește	t ʃ i t e ʃ t e
citești	t ʃ i t e ʃ tʲ
citi	t ʃ i t i
citii	t ʃ i t iː
citim	t ʃ i t i m
citind	t ʃ i t i n d
citiră	t ʃ i t i r ə
citirăm	t ʃ i t i r ə m
citirăți	t ʃ i t i r ə t sʲ
citise	t ʃ i t i s e
citisem	t ʃ i t i s e m
citiseră	t ʃ i t i s e r ə
citiserăm	t ʃ i t i s e r ə m
citiserăți	t ʃ i t i s e r ə t sʲ
citiseși	t ʃ i t i s e ʃʲ
citit	t ʃ i t i t
citita	t͡ʃ i t i t a
citite	t͡ʃ i t i t e
cititei	t͡ʃ i t i t e j
cititele	t͡ʃ i t i t e l e
cititelor	t͡ʃ i t i t e l o r
cititului	t͡ʃ i t i t u l u j
citită	t͡ʃ i t i t ə
citiși	t͡ʃ i t i ʃʲ
citiți	t͡ʃ i t i t͡sʲ
citiții	t͡ʃ i t i t͡s iː
citiților	t͡ʃ i t i t͡s i l o r
ciudat	t͡ʃ u d a t
clar	k l a r
clara	k l a r a
clare	k l a r e
clarificai	k l a r i f i k a j
clarificam	k l a r i f i k a m
clarificase	k l a r i f i k a s e
clarificat	k l a r i f i k a t
clipea	k l i p e̯ a
cloroformizase	k l o r o f o r m i z a s e
clădeam	k l ə d j a m
clădească	k l ə d j a s k ə
clădeați	k l ə d j a t sʲ
clădind	k l ə d i n d
clădire	k l ə d i r e
clădiră	k l ə d i r ə
clădisem	k l ə d i s e m
clădiserăm	k l ə d i s e r ə m
clădiserăți	k l ə d i s e r ə t sʲ
clădiseși	k l ə d i s e ʃʲ
clădit	k l ə d i t
clădite	k l ə d i t e
clăditele	k l ə d i t e l e
clăditelor	k l ə d i t e l o r
clăditului	k l ə d i t u l u j
clădită	k l ə d i t ə
clădiți	k l ə d i t͡sʲ
clădiții	k l ə d i t͡s iː
clădiților	k l ə d i t͡s i l o r
coadă	kʷ a d ə
coagulam	k o a ɡ u l a m
coagulase	k o a ɡ u l a s e
coagulez	k o a ɡ u l e z
coaie	kʷ a j e
coapse	k o̯ a p s e
coapsă	kʷ a p s ə
coardă	k o̯ a r d ə
coastă	k w a s t ə
coasă	k o̯ a s ə
cocea	k o t͡ʃ e̯ a
coci	k o t͡ʃʲ
cocori	k o k o rʲ
cocoș	k o k o ʃ
coi	k o j
coiot	k o j o t
colan	k o l a n
coleg	k o l e ɡ
combat	k o m b a t
combatem	k o m b a t e m
comise	k o m i s e
comit	k o m i t
comitem	k o m i t e m
complex	k o m p l e k s
complexe	k o m p l e k s e
complexitate	k o m p l e k s i t a t e
comport	k o m p o r t
comporta	k o m p o r t a
compuse	k o m p u s e
comun	k o m u n
comunitate	k o m u n i t a t e
concep	k o n t͡ʃ e p
conformitate	c o n f o r m i t a t e
coniac	k o n j a k
conjuncție	k o n ʒ u n k t͡s i e
consoană	k o n s w a n ə
constantinescu	k o n s t a n t i n e s k u
constituționalitate	c o n s t i t u t͡s i o n a l i t a t e
contribuție	k o n t r i b u t͡s i e
controla	k o n t r o l a
controlai	k o n t r o l a j
controlam	k o n t r o l a m
controlară	k o n t r o l a r ə
controlarăm	k o n t r o l a r ə m
controlarăți	k o n t r o l a r ə t sʲ
controlase	k o n t r o l a s e
controlasem	k o n t r o l a s e m
controlaseră	k o n t r o l a s e r ə
controlaserăm	k o n t r o l a s e r ə m
controlaserăți	k o n t r o l a s e r ə t sʲ
controlaseși	k o n t r o l a s e ʃʲ
controlat	k o n t r o l a t
controlau	k o n t r o l a w
controlași	k o n t r o l a ʃʲ
controlează	k o n t r o l e̯ a z ə
controlez	k o n t r o l e z
controlezi	k o n t r o l e zʲ
controlând	k o n t r o l ɨ n d
controlă	k o n t r o l ə
controlăm	k o n t r o l ə m
convinse	k o n v i n s e
copia	k o p i a
copiii	k o p i j i
copiilor	k o p i j l o r
copilului	k o p i l u l u j
copilă	k o p i l ə
coreea	k o r e j a
coreei	k o r eː j
corn	k o r n
cosmin	k o s m i n
cosmina	c o s m i n a
costescu	k o s t e s k u
coteau	k o t e̯ a w
cotidian	k o t i d i a n
cotise	k o t i s e
coșmar	k o ʃ m a ɾ
creai	k r e a j
cream	k r e a m
creangă	k ɾ e̯ a ŋ ɡ ə
creară	k r e a r ə
crearăm	k r e a r ə m
crearăți	k r e a r ə t sʲ
crease	k r e a s e
creasem	k r e a s e m
creaseră	k r e a s e r ə
creaserăm	k r e a s e r ə m
creaserăți	k r e a s e r ə t sʲ
creaseși	k r e a s e ʃʲ
creat	k r e a t
creau	k r e a w
creași	k r e a ʃʲ
creați	k r e a t͡sʲ
cred	k r e d
crede	k r e d e
creează	k r e e̯ a z ə
creez	k r e e z
creezi	k r e e zʲ
crescu	k r e s k u
crezi	k r e zʲ
crezut	c r e z u t
creând	k r e ɨ n d
creă	k r e ə
creăm	k r e ə m
criminal	k r i m i n a l
croația	k r o a t͡s i a
croia	k r o j a
croim	k r o i m
croise	k r o i s e
crucifica	k r u t͡ʃ i f i k a
crăciun	k ɾ ə t͡ʃ u n
cules	k u l e s
culoare	k u l o̯ a r e
culoarea	k u l o̯ a r e̯ a
culorile	k u l o r i l e
cum	k u m
cumnat	k u m n a t
cumnate	k u m n a t e
cumva	k u m v a
cunoaște	k u n o̯ a ʃ t e
cunoscu	k u n o s k u
curului	k u r u l u j
cururi	k u r u rʲ
cururilor	k u r u r i l o r
curve	k u r v e
curvă	k u r v ə
cusu	k u s u
cuvinte	k u v i n t e
cuvintele	k u v i n t e l e
cuvintelor	k u v i n t e l o r
cuvânt	k u v ɨ n t
cuvântului	k u v ɨ n t u l u j
cușer	k u ʃ e r
cuțit	k u t͡s i t
câmpina	k ɨ̯ m p i n a
când	k ɨ n d
cânt	k ɨ n t
cânta	k ɨ n t a
cântată	k ɨ n t a t ə
cântând	k ɨ n t ɨ n d
cântăreței	k ɨ n t ə r e t͡s e j
cântărețelor	k ɨ n t ə r e t͡s e l o r
cântăreți	k ɨ n t ə r e t͡sʲ
cântăreților	k ɨ n t ə r e t͡s i l o r
cântărețului	k ɨ n t ə r e t͡s u l u j
cânți	k ɨ n t͡sʲ
câștig	k ɨ ʃ t i ɡ
câștiga	k ɨ ʃ t i ɡ a
câștigat	k ɨ ʃ t i ɡ a t
câștigați	k ɨ ʃ t i ɡ a t͡sʲ
câștige	k ɨ ʃ t i d͡ʒ e
câștigi	k ɨ ʃ t i d͡ʒʲ
câștigă	k ɨ ʃ t i ɡ ə
câștigăm	k ɨ ʃ t i ɡ ə m
că	k ə
căldare	k ə l d a r e
călinescu	k ə l i n e s k u
călătorea	k ə l ə t o r j a
călătoreai	k ə l ə t o r j a j
călătorească	k ə l ə t o r j a s k ə
călătoreați	k ə l ə t o r j a t sʲ
călătoresc	k ə l ə t o r e s k
călătorește	k ə l ə t o r e ʃ t e
călătorești	k ə l ə t o r e ʃ tʲ
călătorii	k ə l ə t o r iː
călătorim	k ə l ə t o r i m
călătoriră	k ə l ə t o r i r ə
călătorirăți	k ə l ə t o r i r ə t sʲ
călătorise	k ə l ə t o r i s e
călătorisem	k ə l ə t o r i s e m
călătoriserăm	k ə l ə t o r i s e r ə m
călătoriseși	k ə l ə t o r i s e ʃʲ
călătorit	k ə l ə t o r i t
călătorita	k ə l ə t o r i t a
călătorite	k ə l ə t o r i t e
călătoritele	k ə l ə t o r i t e l e
călătoritelor	k ə l ə t o r i t e l o r
călătorită	k ə l ə t o r i t ə
călătoriși	k ə l ə t o r i ʃʲ
călătoriți	k ə l ə t o r i t͡sʲ
călătoriții	k ə l ə t o r i t͡s iː
călătoriților	k ə l ə t o r i t͡s i l o r
căprioară	k ə p r i o̯ a r ə
căprior	k ə p r i o r
cărticică	k ɘ̯ʳ t i t͡ʃ i k ə
cărtărescu	k ə r t ə r e s k u
cărți	k ə r t͡sʲ
către	k ə t ɾ e
cătălin	k ə t ə l i n
dac	d a k
dace	d a t͡ʃ e
daci	d a t͡ʃʲ
dai	d a j
danez	d a n e z
daneze	d a n e z e
daneză	d a n e z ə
dansa	d a n s a
dansat	d a n s a t
dau	d a w
dea	d e̯ a
deci	d e t͡ʃʲ
decât	d e k ɨ t
dedu	d e d u
deduc	d e d u k
deduci	d e d u t͡ʃʲ
deja	d e ʒ a
delicioase	d e l i t͡ʃ j o̯ a s e
delicioasă	d e l i t͡ʃ j o̯ a s ə
delicios	d e l i t͡ʃ j o s
delicioși	d e l i t͡ʃ j o ʃʲ
delimitai	d e l i m i t a j
delimitam	d e l i m i t a m
delimitară	d e l i m i t a r ə
delimitarăm	d e l i m i t a r ə m
delimitase	d e l i m i t a s e
delimitasem	d e l i m i t a s e m
delimitaseră	d e l i m i t a s e r ə
delimitaserăm	d e l i m i t a s e r ə m
delimitaserăți	d e l i m i t a s e r ə t sʲ
delimitaseși	d e l i m i t a s e ʃʲ
delimitat	d e l i m i t a t
delimitau	d e l i m i t a w
delimitași	d e l i m i t a ʃʲ
delimitați	d e l i m i t a t͡sʲ
delimitează	d e l i m i t e̯ a z ə
delimitez	d e l i m i t e z
delimiteze	d e l i m i t e z e
delimitezi	d e l i m i t e zʲ
delimitând	d e l i m i t ɨ n d
delimită	d e l i m i t ə
delimităm	d e l i m i t ə m
delir	d e l i r
delira	d e l i r a
delirant	d e l i r a n t
delirante	d e l i r a n t e
delirară	d e l i r a r ə
delirarăm	d e l i r a r ə m
delirarăți	d e l i r a r ə t͡sʲ
delirase	d e l i r a s e
delirasem	d e l i r a s e m
deliraseră	d e l i r a s e r ə
deliraserăm	d e l i r a s e r ə m
deliraserăți	d e l i r a s e r ə t͡sʲ
deliraseși	d e l i r a s e ʃʲ
delirau	d e l i r a w
delirași	d e l i r a ʃʲ
delirați	d e l i r a t͡sʲ
delirează	d e l i r e̯ a z ə
delirez	d e l i r e z
delireze	d e l i r e z e
delirezi	d e l i r e zʲ
delirului	d e l i r u l u j
deliruri	d e l i r u rʲ
delirurile	d e l i r u r i l e
delirurilor	d e l i r u r i l o r
deliră	d e l i r ə
demnitate	d e m n i t a t e
democratic	d e m o k r a t i k
demon	d e m o n
demoni	d e m o nʲ
deranjai	d e r a n ʒ a j
deranjam	d e r a n ʒ a m
deranjară	d e r a n ʒ a r ə
deranjarăm	d e r a n ʒ a r ə m
deranjarăți	d e r a n ʒ a r ə t sʲ
deranjase	d e r a n ʒ a s e
deranjasem	d e r a n ʒ a s e m
deranjaseră	d e r a n ʒ a s e r ə
deranjaserăm	d e r a n ʒ a s e r ə m
deranjaserăți	d e r a n ʒ a s e r ə t sʲ
deranjaseși	d e r a n ʒ a s e ʃʲ
deranjat	d e r a n ʒ a t
deranjate	d e r a n ʒ a t e
deranjată	d e r a n ʒ a t ə
deranjau	d e r a n ʒ a w
deranjași	d e r a n ʒ a ʃʲ
deranjați	d e r a n ʒ a t͡sʲ
deranjează	d e r a n ʒ e̯ a z ə
deranjez	d e r a n ʒ e z
deranjeze	d e r a n ʒ e z e
deranjezi	d e r a n ʒ e zʲ
deranjând	d e r a n ʒ ɨ n d
deranjă	d e r a n ʒ ə
deranjăm	d e r a n ʒ ə m
deschide	d e s k i d e
deschis	d e s k i s
descoperire	d ɛ s k o p ɛ r i r ɛ
descrie	d e s k r i j e
descriu	d e s k r i w
descărca	d e s k ə r k a
desfaci	d e s f a t͡ʃʲ
desigur	d e s i ɡ u r
despre	d e s p r e
despui	d e s p u j
deveni	d e v e n i
devii	d e v i j
devin	d e v i n
devine	d e v i n e
dezavantaj	d e z a v a n t a ʒ
dezavantaja	d e z a v a n t a ʒ a
dezavantajos	d e z a v a n t a ʒ o s
dezbrăca	d e z b r ə k a
dezbrăcat	d e z b r ə k a t
dezbrăcând	d e z b r ə k ɨ n d
dezechilibru	d e z e k i l i b r u
dezgust	d e z ɡ u s t
dezgusta	d e z ɡ u s t a
deștept	d e ʃ t e p t
deștepta	d e ʃ t e p t a
diaconescu	d i a k o n e s k u
dicționare	d i k t͡s i o n a r e
dicționarele	d i k t͡s i o n a r e l e
dicționarelor	d i k t͡s i o n a r e l o r
dicționarului	d i k t͡s i o n a r u l u j
dimineți	d i m i n e t sʲ
dimineții	d i m i n e t s iː
diminețile	d i m i n e t s i l e
dimineților	d i m i n e t s i l o r
dincolo	d i n k o l o
dintre	d i n t r e
dinți	d i n t͡sʲ
discret	d i s k r e t
discreta	d i s k r e t a
discrete	d i s k r e t e
discreție	d i s k r e t͡s i e
discuție	d i s k u t s i ɛ
dispar	d i s p a r
dispare	d i s p a r e
disponibil	d i s p o n i b i l
disponibilitate	d i s p o n i b i l i t a t e
distingi	d i s t i n d͡ʒʲ
distra	d i s t r a
distractiv	d i s t r a k t i v
distrai	d i s t r a j
distram	d i s t r a m
distrară	d i s t r a r ə
distrarăți	d i s t r a r ə t sʲ
distrase	d i s t r a s e
distrasem	d i s t r a s e m
distraseră	d i s t r a s e r ə
distraserăm	d i s t r a s e r ə m
distraserăți	d i s t r a s e r ə t sʲ
distraseși	d i s t r a s e ʃʲ
distrat	d i s t r a t
distrau	d i s t r a w
distrași	d i s t r a ʃʲ
distrează	d i s t r e̯ a z ə
distrez	d i s t r e z
distreze	d i s t r e z e
distrezi	d i s t r e zʲ
distrând	d i s t r ɨ n d
distră	d i s t r ə
distrăm	d i s t r ə m
diurn	d i u r n
doare	d o̯ a r e
domn	d o m n
donație	d o n a t͡s i e
dorina	d o r i n a
dorința	d o r i n t͡s a
dorinței	d o r i n t͡s e j
dorințele	d o r i n t͡s e l e
dorințelor	d o r i n t͡s e l o r
dorință	d o r i n t͡s ə
dorme	d o r m e
dovedi	d o v e d i
dragostea	d r a ɡ o s t e̯ a
dreaptă	d r e̯ a p t ə
drept	d r e p t
drepturi	d r e p t u rʲ
drăgălaș	d r ə ɡ ə l a ʃ
du	d u
duce	d u t͡ʃ e
ducem	d u t͡ʃ e m
duci	d u t͡ʃʲ
dumitrescu	d u m i t r e s k u
dumneavoastră	d u m n e̯ a v o̯ a s t r ə
dumnezeu	d u m n e z e w
dunăre	d u n ə r e
dunărea	d u n ə r e̯ a
duru	d u r u
dus	d u s
duse	d u s e
dușmănea	d u ʃ m ə n j a
dușmăneai	d u ʃ m ə n j a j
dușmăneam	d u ʃ m ə n j a m
dușmănească	d u ʃ m ə n j a s k ə
dușmăneau	d u ʃ m ə n e̯ a w
dușmăneați	d u ʃ m ə n j a t sʲ
dușmănesc	d u ʃ m ə n e s k
dușmănește	d u ʃ m ə n e ʃ t e
dușmănești	d u ʃ m ə n e ʃ tʲ
dușmăni	d u ʃ m ə n i
dușmănii	d u ʃ m ə n iː
dușmănim	d u ʃ m ə n i m
dușmănind	d u ʃ m ə n i n d
dușmăniră	d u ʃ m ə n i r ə
dușmănirăți	d u ʃ m ə n i r ə t sʲ
dușmănise	d u ʃ m ə n i s e
dușmănisem	d u ʃ m ə n i s e m
dușmăniserăm	d u ʃ m ə n i s e r ə m
dușmăniserăți	d u ʃ m ə n i s e r ə t sʲ
dușmăniseși	d u ʃ m ə n i s e ʃʲ
dușmănit	d u ʃ m ə n i t
dușmănita	d u ʃ m ə n i t a
dușmănite	d u ʃ m ə n i t e
dușmănitei	d u ʃ m ə n i t e j
dușmănitele	d u ʃ m ə n i t e l e
dușmănitelor	d u ʃ m ə n i t e l o r
dușmănită	d u ʃ m ə n i t ə
dușmăniși	d u ʃ m ə n i ʃʲ
dușmăniți	d u ʃ m ə n i t͡sʲ
dușmăniții	d u ʃ m ə n i t͡s iː
dă	d ə
dăm	d ə m
dătător	d ə t ə t o r
ecosistem	e k o s i s t e m
ejacula	e ʒ a k u l a
ejaculam	e ʒ a k u l a m
ejaculară	e ʒ a k u l a r ə
ejacularăm	e ʒ a k u l a r ə m
ejacularăți	e ʒ a k u l a r ə t sʲ
ejaculase	e ʒ a k u l a s e
ejaculasem	e ʒ a k u l a s e m
ejaculaseră	e ʒ a k u l a s e r ə
ejaculaserăm	e ʒ a k u l a s e r ə m
ejaculaserăți	e ʒ a k u l a s e r ə t sʲ
ejaculaseși	e ʒ a k u l a s e ʃʲ
ejaculat	e ʒ a k u l a t
ejaculator	e ʒ a k u l a t o r
ejaculau	e ʒ a k u l a w
ejaculași	e ʒ a k u l a ʃʲ
ejaculați	e ʒ a k u l a t͡sʲ
ejaculație	e ʒ a k u l a t͡s i e
ejaculez	e ʒ a k u l e z
ejaculeze	e ʒ a k u l e z e
ejaculezi	e ʒ a k u l e zʲ
ejaculând	e ʒ a k u l ɨ n d
ejaculă	e ʒ a k u l ə
ejaculăm	e ʒ a k u l ə m
elasticitate	e l a s t i t͡ʃ i t a t e
electroconductibilitate	e l e k t r o k o n d u k t i b i l i t a t e
elemozină	e l e m o z i n ə
eligibilitate	e l i d͡ʒ i b i l i t a t e
elimina	e l i m i n a
eliminat	e l i m i n a t
elimini	e l i m i nʲ
elizee	e l i z eː
elizeele	e l i z eː l e
elizeelor	e l i z eː l o r
elizeu	e l i z e w
elizeului	e l i z e w l u j
elogiu	e l o d͡ʒ i w
elveția	e l v e t͡s i a
emil	e m i l
enigmatic	e n i ɡ m a t i k
enigmatica	e n i ɡ m a t i k a
enigmatice	e n i ɡ m a t i t͡ʃ e
enigmatici	e n i ɡ m a t i t͡ʃʲ
enigmatică	e n i ɡ m a t i k ə
epistolă	e p i s t o l ə
era	j e r a
erai	e r a j
eram	e r a m
erau	e r a w
erați	e r a t͡sʲ
erecție	ɛ r ɛ k t s i j ɛ
erogen	e r o d͡ʒ e n
erogene	e r o d͡ʒ e n e
erogeni	e r o d ʒ e nʲ
erogenă	e r o d͡ʒ e n ə
eroi	e r o j
erotic	e r o t i k
erotica	e r o t i k a
erotice	e r o t i t͡ʃ e
eroticei	e r o t i t͡ʃ e j
eroticele	e r o t i t͡ʃ e l e
eroticelor	e r o t i t͡ʃ e l o r
erotici	e r o t i t͡ʃʲ
eroticii	e r o t i t͡ʃ iː
eroticului	e r o t i k u l u j
erotică	e r o t i k ə
esență	e s e n t s ə
estoniană	e s t o n i a n ə
evanghelie	e v a n ɡ e l i e
eventualitate	e v e n t u a l i t a t e
evlavia	e v l a v i a
evlavie	e v l a v i e
evlaviei	e v l a v i e j
evlavii	e v l a v iː
evlaviile	e v l a v iː l e
evlaviilor	e v l a v iː l o r
evlavioasa	e v l a v i o̯ a s a
evlavioase	e v l a v i o̯ a s e
evlavioasei	e v l a v i o̯ a s e j
evlavioasele	e v l a v i o̯ a s e l e
evlavioaselor	e v l a v i o̯ a s e l o r
evlavioasă	e v l a v i o̯ a s ə
evlaviosului	e v l a v i o s u l u j
evlavioși	e v l a v i o ʃʲ
evlavioșii	e v l a v i o ʃ iː
evlavioșilor	e v l a v i o ʃ i l o r
examen	e ɡ z a m e n
excava	e k s k a v a
excavai	e k s k a v a j
excavam	e k s k a v a m
excavară	e k s k a v a r ə
excavarăm	e k s k a v a r ə m
excavarăți	e k s k a v a r ə t͡sʲ
excavase	e k s k a v a s e
excavasem	e k s k a v a s e m
excavaseră	e k s k a v a s e r ə
excavaserăm	e k s k a v a s e r ə m
excavaserăți	e k s k a v a s e r ə t sʲ
excavaseși	e k s k a v a s e ʃʲ
excavat	e k s k a v a t
excavau	e k s k a v a w
excavași	e k s k a v a ʃʲ
excavați	e k s k a v a t͡sʲ
excavează	e k s k a v e̯ a z ə
excavez	e k s k a v e z
excaveze	e k s k a v e z e
excavezi	e k s k a v e zʲ
excavând	e k s k a v ɨ n d
excavă	e k s k a v ə
excavăm	e k s k a v ə m
excitat	e k s t ʃ i t a t
exemplele	e ɡ z e m p l e l e
exemplelor	e ɡ z e m p l e l o r
exemplu	e ɡ z e m p l u
exemplului	e ɡ z e m p l u l u i
exist	e ɡ z i s t
exista	e ɡ z i s t a
explicare	e k s p l i k a r e
expoziție	e k s p o z i t͡s i e
expui	e k s p u j
expune	e k s p u n e
extern	e k s t e r n
ești	j e ʃ tʲ
face	f a t ʃ e
faceți	f a t͡ʃ e t͡sʲ
faci	f a t͡ʃʲ
facilitate	f a t ʃ i l i t a t e
familia	f a m i l i a
familie	f a m i l i e
fantezia	f a n t e z i a
fantezie	f a n t e z i e
fanteziei	f a n t e z i e j
fanteziile	f a n t e z iː l e
fanteziilor	f a n t e z iː l o r
fapt	f a p t
faptele	f a p t e l e
faptului	f a p t u l u j
farfurie	f a ɾ f u ɾ i e
fata	f a t a
fată	f a t ə
fața	f a t s a
fel	f e l
felații	f e l a t s iː
femeie	f e m e j e
feminin	f e m i n i n
feminitate	f e m i n i t a t e
fereastră	f e r e̯ a s t r ə
ferii	f e r iː
ferim	f e r i m
ferocitate	f e r o t͡ʃ i t a t e
fertilitate	f e r t i l i t a t e
fete	f e t e
fetei	f e t e j
fetele	f e t e l e
fetelor	f e t e l o r
fețe	f e t s e
feței	f e t s e j
fețele	f e t s e l e
fețelor	f e t s e l o r
fi	f i
fie	f i e
fii	f iː
fiind	f iː n d
fim	f i m
finitate	f i n i t a t e
finlanda	f i n l a n d a
finlandei	f i n l a n d e j
finlandez	f i n l a n d e z
finlandeză	f i n l a n d e z ə
fiu	f i w
fișier	f i ʃ i e r
fiți	f i t͡sʲ
flexibilitate	f l e k s i b i l i t a t e
floci	f l o t͡ʃʲ
florin	f l o r i n
florina	f l o r i n a
fluture	f l u t u r e
fluvial	f l u v i a l
foaie	f o̯ a j e
foia	f o j a
foise	f o i s e
folosea	f o l o s e̯ a
foloseai	f o l o s e̯ a j
foloseam	f o l o s e̯ a m
folosească	f o l o s e̯ a s k ə
foloseau	f o l o s e̯ a w
foloseați	f o l o s e̯ a t sʲ
folosesc	f o l o s e s k
folosește	f o l o s e ʃ t e
folosești	f o l o s e ʃ tʲ
folosi	f o l o s i
folosii	f o l o s iː
folosim	f o l o s i m
folosind	f o l o s i n d
folosiră	f o l o s i r ə
folosirăm	f o l o s i r ə m
folosirăți	f o l o s i r ə t sʲ
folosise	f o l o s i s e
folosisem	f o l o s i s e m
folosiseră	f o l o s i s e r ə
folosiserăm	f o l o s i s e r ə m
folosiserăți	f o l o s i s e r ə t sʲ
folosiseși	f o l o s i s e ʃʲ
folosit	f o l o s i t
folosita	f o l o s i t a
folosite	f o l o s i t e
folositei	f o l o s i t e j
folositelor	f o l o s i t e l o r
folositor	f o l o s i t o r
folositului	f o l o s i t u l u j
folosită	f o l o s i t ə
folosiși	f o l o s i ʃʲ
folosiți	f o l o s i t͡sʲ
folosiții	f o l o s i t͡s iː
folosiților	f o l o s i t͡s i l o r
forma	f o r m a
formai	f o r m a j
formam	f o r m a m
formară	f o r m a r ə
formarăm	f o r m a r ə m
formarăți	f o r m a r ə t͡sʲ
formase	f o r m a s e
formasem	f o r m a s e m
formaserăm	f o r m a s e r ə m
formaseși	f o r m a s e ʃʲ
formatei	f o r m a t e j
formatele	f o r m a t e l e
formatelor	f o r m a t e l o r
formatului	f o r m a t u l u j
formau	f o r m a w
formași	f o r m a ʃʲ
formați	f o r m a t͡sʲ
formații	f o r m a t͡s iː
formaților	f o r m a t͡s i l o r
forme	f o r m e
formează	f o r m e̯ a z ə
formele	f o r m e l e
formelor	f o r m e l o r
formez	f o r m e z
formeze	f o r m e z e
formând	f o r m ɨ n d
formăm	f o r m ə m
fost	f o s t
foste	f o s t e
fostă	f o s t ə
foști	f o ʃ tʲ
francez	f r a n t͡ʃ e z
francezi	f r a n t͡ʃ e zʲ
franceză	f r a n t͡ʃ e z ə
franța	f r a n t͡s a
franțuzește	f r a n t͡s u z e ʃ t e
frate	f r a t e
fraternitate	f r a t e r n i t a t e
fraternității	f r a t e r n i t ə t͡s iʲ
frați	f r a t͡sʲ
frece	f r e t͡ʃ e
frontieră	f r o n t i e r ə
frumoasa	f r u m o̯ a s a
frumoasei	f r u m o̯ a s e j
frumoaselor	f r u m o̯ a s e l o r
frumoasă	f r u m o̯ a s ə
frumos	f r u m o s
frumosului	f r u m o s u l u j
frumoși	f r u m o ʃʲ
frumoșilor	f r u m o ʃ i l o r
frumusețe	f r u m u s e t s e
frumuseți	f r u m u s e t sʲ
frumuseții	f r u m u s e t s iː
frumusețile	f r u m u s e t s i l e
frumuseților	f r u m u s e t s i l o r
frățesc	f r ə t͡s e s k
frățește	f r ə t͡s e ʃ t e
fu	f u
fug	f u ɡ
fuge	f u d͡ʒ e
fugii	f u d͡ʒ i j
fugim	f u d͡ʒ i m
fugă	f u ɡ ə
fui	f u j
fulg	f u l ɡ
fumeze	f u m e z e
funcționa	f u n k t͡s i o n a
funcționai	f u n k t͡s i o n a j
funcționam	f u n k t͡s i o n a m
funcționară	f u n k t͡s i o n a r ə
funcționarăm	f u n k t͡s i o n a r ə m
funcționarăți	f u n k t͡s i o n a r ə t sʲ
funcționase	f u n k t͡s i o n a s e
funcționasem	f u n k t͡s i o n a s e m
funcționaseră	f u n k t͡s i o n a s e r ə
funcționaserăm	f u n k t͡s i o n a s e r ə m
funcționaserăți	f u n k t͡s i o n a s e r ə t sʲ
funcționaseși	f u n k t͡s i o n a s e ʃʲ
funcționat	f u n k t͡s i o n a t
funcționau	f u n k t͡s i o n a w
funcționași	f u n k t͡s i o n a ʃʲ
funcționați	f u n k t͡s i o n a t͡sʲ
funcționează	f u n k t͡s i o n j a z ə
funcționez	f u n k t͡s i o n e z
funcționeze	f u n k t͡s i o n e z e
funcționezi	f u n k t͡s i o n e zʲ
funcționând	f u n k t͡s i o n ɨ n d
funcționă	f u n k t͡s i o n ə
fund	f u n d
fundamentale	f u n d a m e n t a l e
fundamentali	f u n d a m e n t a lʲ
fundamentală	f u n d a m e n t a l ə
fundași	f u n d a ʃʲ
funicular	f u n i k u l aʳ
furnică	f u r n i k ə
furtuna	f u r t u n a
furtună	f u r t u n ə
furăți	f u r ə t͡sʲ
fuse	f u s e
fusei	f u s e j
fuseră	f u s e r ə
fuserăm	f u s e r ə m
fuserăți	f u s e r ə t͡sʲ
fusese	f u s e s e
fusesem	f u s e s e m
fuseseră	f u s e s e r ə
fuseserăm	f u s e s e r ə m
fuseserăți	f u s e s e r ə t͡sʲ
fuseseși	f u s e s e ʃʲ
fuseși	f u s e ʃʲ
fut	f u t
fute	f u t e
futea	f u t e̯ a
futeai	f u t e̯ a j
futeam	f u t e̯ a m
futeau	f u t e̯ a u
futeați	f u t e̯ a t͡sʲ
futem	f u t e m
futeți	f u t e t͡sʲ
futu	f u t u
futui	f u t uʲ
futură	f u t u r ə
futurăm	f u t u r ə m
futurăți	f u t u r ə t͡sʲ
futuse	f u t u s e
futusem	f u t u s e m
futuseră	f u t u s e r ə
futuserăm	f u t u s e r ə m
futuserăți	f u t u s e r ə t͡sʲ
futuseși	f u t u s e ʃʲ
fututa	f u t u t a
futute	f u t u t e
fututei	f u t u t e j
fututele	f u t u t e l e
fututului	f u t u t u l u j
futută	f u t u t ə
futuși	f u t u ʃʲ
futuți	f u t u t͡sʲ
futuții	f u t u t͡s iː
fută	f u t ə
fuși	f u ʃʲ
fă	f ə
făcea	f ə t͡ʃ e̯ a
făceai	f ə t͡ʃ e̯ a j
făceam	f ə t͡ʃ e̯ a m
făceau	f ə t͡ʃ e̯ a w
făceați	f ə t͡ʃ e̯ a t͡sʲ
făcu	f ə k u
făcui	f ə k u j
făcură	f ə k u r ə
făcurăm	f ə k u r ə m
făcurăți	f ə k u r ə t͡sʲ
făcuse	f ə k u s e
făcusem	f ə k u s e m
făcuseră	f ə k u s e r ə
făcuserăm	f ə k u s e r ə m
făcuserăți	f ə k u s e r ə t͡sʲ
făcuseși	f ə k u s e ʃʲ
făcut	f ə k u t
făcuși	f ə k u ʃʲ
făcând	f ə k ɨ n d
făgăraș	f ə ɡ ə r a ʃ
fără	f ə r ə
gay	ɡ e j
geantă	d͡ʒ e̯ a n t ə
geană	d͡ʒ e̯ a n ə
gemem	d͡ʒ e m e m
gemi	d͡ʒ e mʲ
gemu	d͡ʒ e m u
gemui	d͡ʒ e m u j
generație	d͡ʒ e n e r a t͡s i e
genetic	d͡ʒ e n e t i k
genetică	d͡ʒ e n e t i k ə
genunchi	d ʒ e n u n kʲ
ger	d͡ʒ e r
ghiduri	ɡ i d u rʲ
ghiuj	ɡ j u ʒ
ghizi	ɡ i zʲ
giuvaier	d͡ʒ i w v a j e r
glonte	ɡ l o n t e
glonț	ɡ l o n t͡s
golea	ɡ o l e̯ a
gratis	ɡ r a t i s
gravitate	ɡ r a v i t a t e
gravitație	ɡ r a v i t a t͡s i e
graviteze	ɡ r a v i t e z e
gripă	ɡ r i p ə
grăbea	ɡ r ə b j a
grăbeai	ɡ r ə b j a j
grăbeam	ɡ r ə b j a m
grăbeau	ɡ r ə b j a w
grăbeați	ɡ r ə b j a t sʲ
grăbesc	ɡ r ə b e s k
grăbește	ɡ r ə b e ʃ t e
grăbești	ɡ r ə b e ʃ tʲ
grăbi	ɡ r ə b i
grăbii	ɡ r ə b iː
grăbim	ɡ r ə b i m
grăbind	ɡ r ə b i n d
grăbiră	ɡ r ə b i r ə
grăbirăm	ɡ r ə b i r ə m
grăbirăți	ɡ r ə b i r ə t sʲ
grăbise	ɡ r ə b i s e
grăbisem	ɡ r ə b i s e m
grăbiseră	ɡ r ə b i s e r ə
grăbiserăm	ɡ r ə b i s e r ə m
grăbiserăți	ɡ r ə b i s e r ə t sʲ
grăbiseși	ɡ r ə b i s e ʃʲ
grăbit	ɡ r ə b i t
grăbita	ɡ r ə b i t a
grăbite	ɡ r ə b i t e
grăbitei	ɡ r ə b i t e j
grăbitele	ɡ r ə b i t e l e
grăbitelor	ɡ r ə b i t e l o r
grăbitului	ɡ r ə b i t u l u j
grăbită	ɡ r ə b i t ə
grăbiși	ɡ r ə b i ʃʲ
grăbiți	ɡ r ə b i t͡sʲ
grăbiții	ɡ r ə b i t͡s iː
grădină	ɡ ɾ ə d i n ə
gugiuman	ɡ u d͡ʒʲ u m a n
gândac	ɡ ɨ n d a k
gândea	ɡ ɨ n d j a
gândeai	ɡ ɨ n d j a j
gândeam	ɡ ɨ n d j a m
gândească	ɡ ɨ n d j a s k ə
gândeau	ɡ ɨ n d j a w
gândeați	ɡ ɨ n d j a t sʲ
gândesc	ɡ ɨ n d e s k
gândește	ɡ ɨ n d e ʃ t e
gândești	ɡ ɨ n d e ʃ tʲ
gândi	ɡ ɨ n d i
gândii	ɡ ɨ n d iː
gândim	ɡ ɨ n d i m
gândind	ɡ ɨ n d i n d
gândiră	ɡ ɨ n d i r ə
gândirăm	ɡ ɨ n d i r ə m
gândirăți	ɡ ɨ n d i r ə t sʲ
gândise	ɡ ɨ n d i s e
gândisem	ɡ ɨ n d i s e m
gândiseră	ɡ ɨ n d i s e r ə
gândiserăm	ɡ ɨ n d i s e r ə m
gândiserăți	ɡ ɨ n d i s e r ə t sʲ
gândiseși	ɡ ɨ n d i s e ʃʲ
gândit	ɡ ɨ n d i t
gândite	ɡ ɨ n d i t e
gânditei	ɡ ɨ n d i t e j
gânditele	ɡ ɨ n d i t e l e
gânditelor	ɡ ɨ n d i t e l o r
gândită	ɡ ɨ n d i t ə
gândiși	ɡ ɨ n d i ʃʲ
gândiții	ɡ ɨ n d i t͡s iː
gât	ɡ ɨ t
găoază	ɡ ə w a z ə
găozar	ɡ ə w z a r
găsea	ɡ ə s j a
găseai	ɡ ə s j a j
găseam	ɡ ə s j a m
găseau	ɡ ə s j a w
găseați	ɡ ə s j a t sʲ
găsesc	ɡ ə s e s k
găsește	ɡ ə s e ʃ t e
găsești	ɡ ə s e ʃ tʲ
găsi	ɡ ə s i
găsii	ɡ ə s iː
găsim	ɡ ə s i m
găsind	ɡ ə s i n d
găsiră	ɡ ə s i r ə
găsirăm	ɡ ə s i r ə m
găsirăți	ɡ ə s i r ə t sʲ
găsise	ɡ ə s i s e
găsisem	ɡ ə s i s e m
găsiserăm	ɡ ə s i s e r ə m
găsiserăți	ɡ ə s i s e r ə t sʲ
găsiseși	ɡ ə s i s e ʃʲ
găsit	ɡ ə s i t
găsita	ɡ ə s i t a
găsite	ɡ ə s i t e
găsitei	ɡ ə s i t e j
găsitele	ɡ ə s i t e l e
găsitelor	ɡ ə s i t e l o r
găsitului	ɡ ə s i t u l u j
găsită	ɡ ə s i t ə
găsiși	ɡ ə s i ʃʲ
găsiți	ɡ ə s i t͡sʲ
găsiților	ɡ ə s i t͡s i l o r
habar	h a b a r
hai	h a j
haiduc	h a j d u k
haiduci	h a j d u t ʃʲ
halucina	h a l u t͡ʃ i n a
halucinogen	h a l u t͡ʃ i n o d͡ʒ e n
hamac	h a m a k
hamace	h a m a t͡ʃ e
haos	h a o s
harpist	h a r p i s t
homofob	h o m o f o b
homofobie	h o m o f o b i e
homosexuali	h o m o s e k s u a lʲ
homosexualii	h o m o s e k s u a l iʲ
homosexualului	h o m o s e k s u a l u l u j
hotărî	h o t ə r ɨ
huligan	h u l i ɡ a n
hypnos	h i p n o s
hămesi	h ə m e s i
iacobescu	i a k o b e s k u
iar	j a r
iarbă	j a r b ə
iarăși	j a r ə ʃʲ
iași	j a ʃʲ
identitate	i d e n t i t a t e
ierburi	j e r b u rʲ
ignorai	i ɡ n o r a j
iluzie	i l u z i e
iluzoria	i l u z o r i a
iluzorie	i l u z o r i e
iluzorii	i l u z o r iː
iluzoriii	i l u z o r i j i
iluzoriile	i l u z o r iː l e
iluzoriilor	i l u z o r iː l o r
iluzoriului	i l u z o r j u l u j
imaturitate	i m a t u r i t a t e
important	i m p o r t a n t
impunem	i m p u n e m
indiscret	i n d i s k r e t
indiscreta	i n d i s k r e t a
indiscrete	i n d i s k r e t e
indiscreție	i n d i s k r e t͡s i e
indu	i n d u
induc	i n d u k
induci	i n d u t͡ʃʲ
infinitate	i n f i n i t a t e
infix	i n f i k s
inflorescență	i n f l o ɾ e s t ʃ e n t s ə
inimă	i n i m ə
insecuritate	i n s e k u r i t a t e
instant	i n s t a n t
insula	i n s u l a
insulă	i n s u l ə
interacțiune	i n t e r a k t s i u n e
interacțiuni	i n t e r a k t s i u nʲ
interesant	i n t e r e s a n t
interveni	i n t e r v e n i
intervenim	i n t e r v e n i m
intervine	i n t e r v i n e
intervino	i n t e r v i n o
introduce	i n t r o d u t͡ʃ e
introduci	i n t r o d u t͡ʃʲ
investii	i n v e s t i j
investim	i n v e s t i m
invizibilitate	i n v i z i b i l i t a t e
ion	i o n
irațional	i r a t͡s i o n a l
ironic	i r o n i k
ironie	i r o n j e
istoricește	i s t o r i t͡ʃ e ʃ t e
isus	i s u s
italia	i t a l i a
italiancă	i t a l i a n k ə
italiană	i t a l i a n ə
iubească	j u b e̯ a s k ə
iubire	j u b i r e
iubiri	j u b i rʲ
iubirii	j u b i r iː
iubirile	j u b i r i l e
iubirilor	j u b i r i l o r
iubită	j u b i t ə
iudaism	j u d a i s m
ivorian	i v o r i a n
izraelit	i z r a e l i t
izvor	i z v o r
jachetă	ʒ a k e t ə
japonez	ʒ a p o n e z
jertfă	ʒ e r t f ə
joc	ʒ o k
joci	ʒ o t͡ʃʲ
jos	ʒ o s
jucărie	ʒ u k ə r i e
juisa	ʒ u i s a
juisați	ʒ u i s a t͡sʲ
juisează	ʒ u i s e̯ a z ə
juisez	ʒ u i s e z
juiseze	ʒ u i s ə z e
juisezi	ʒ u i s e zʲ
juisăm	ʒ u i s ə m
jupui	ʒ u p u i
jurase	ʒ u r a s e
jure	ʒ u r e
kidnapping	k i d n a p i ŋ
laba	l a b a
laboare	l a b o a r e
labă	l a b ə
lacrima	l a k r i m a
lacrimă	l a k r i m ə
larg	l a r ɡ
lascivitate	l a s t͡ʃ i v i t a t e
lase	l a s e
lebădă	l e b ə d ə
leg	l e ɡ
legai	l e ɡ a j
legam	l e ɡ a m
legase	l e ɡ a s e
legea	l e d͡ʒ e̯ a
legi	l e d͡ʒʲ
legământ	l e ɡ ə m ɨ n t
leoaică	l e o̯ w a i̯ k ə
lexem	l e k s e m
libertate	l i b e r t a t e
libidinos	l i b i d i n o s
lichidă	l i k i d ə
ligament	l i ɡ a m e n t
limba	l i m b a
limbii	l i m b iː
limbile	l i m b i l e
limbilor	l i m b i l o r
limita	l i m i t a
limitai	l i m i t a j
limitam	l i m i t a m
limitară	l i m i t a r ə
limitarăm	l i m i t a r ə m
limitarăți	l i m i t a r ə t sʲ
limitase	l i m i t a s e
limitasem	l i m i t a s e m
limitaseră	l i m i t a s e r ə
limitaserăți	l i m i t a s e r ə t sʲ
limitaseși	l i m i t a s e ʃʲ
limitau	l i m i t a w
limitași	l i m i t a ʃʲ
limitați	l i m i t a t͡sʲ
limitează	l i m i t j a z ə
limitez	l i m i t e z
limiteze	l i m i t e z e
limitezi	l i m i t e zʲ
limitând	l i m i t ɨ n d
limită	l i m i t ə
limităm	l i m i t ə m
lindic	l i n d i k
lingura	l i ŋ ɡ u r a
linguri	l i ŋ ɡ u rʲ
lingurii	l i ŋ ɡ u r iː
lingurile	l i ŋ ɡ u r i l e
lingurilor	l i ŋ ɡ u r i l o r
lingură	l i ŋ ɡ u r ə
liniști	l i n i ʃ t i
liniștit	l i n i ʃ t i t
lipsească	l i p s j a s k ə
lipsita	l i p s i t a
lipsite	l i p s i t e
lipsitei	l i p s i t e j
lipsitele	l i p s i t e l e
lipsitelor	l i p s i t e l o r
lipsitului	l i p s i t u l u j
lipsită	l i p s i t ə
lipsiții	l i p s i t͡s iː
lipsiților	l i p s i t͡s i l o r
literă	l i t e r ə
lituania	l i t u a n i a
localitate	l o k a l i t a t e
locuace	l o k w a t͡ʃ e
locui	l o k u i
lovea	l o v e̯ a
lovim	l o v i m
lovit	l o v i t
lua	l u a
luam	l u a m
lubrifiant	l u b r i f i a n t
luceam	l u t͡ʃ e̯ a m
lucia	l u t ʃ j a
lucian	l u t͡ʃ j a n
lucii	l u t͡ʃ i j
lucrez	l u k r e z
lucreze	l u k r e z e
lucru	l u k r u
lucrului	l u k r u l u j
lucrurile	l u k r u r i l e
lucrurilor	l u k r u r i l o r
lumi	l u mʲ
lumină	l u m i n ə
lună	l u n ə
lup	l u p
lăbar	l ə b a r
lăsa	l ə s a
macabra	m a k a b r a
macabre	m a k a b r e
macabrei	m a k a b r e j
macabrele	m a k a b r e l e
macabrelor	m a k a b r e l o r
macabri	m a k a b r i
macabrii	m a k a b r i j
macabrilor	m a k a b r i l o r
macabru	m a k a b r u
macabrului	m a k a b r u l u j
macabră	m a k a b r ə
macedoneancă	m a t͡ʃ e d o n e̯ a n k ə
macedonia	m a t͡ʃ e d o n i a
madalina	m a d a l i n a
manechine	m a n e k i n e
mardii	m a r d i j
mari	m a rʲ
mascul	m a s k u l
masculine	m a s k u l i n e
masculinitate	m a s k u l i n i t a t e
masturba	m a s t u r b a
masturbai	m a s t u r b a j
masturbară	m a s t u r b a r ə
masturbarăm	m a s t u r b a r ə m
masturbarăți	m a s t u r b a r ə t͡sʲ
masturbase	m a s t u r b a s e
masturbaseră	m a s t u r b a s e r ə
masturbaserăm	m a s t u r b a s e r ə m
masturbaserăți	m a s t u r b a s e r ə t͡sʲ
masturbaseși	m a s t u r b a s e ʃʲ
masturbat	m a s t u r b a t
masturbata	m a s t u r b a t a
masturbate	m a s t u r b a t e
masturbatei	m a s t u r b a t e j
masturbatele	m a s t u r b a t e l e
masturbatelor	m a s t u r b a t e l o r
masturbator	m a s t u r b a t o r
masturbatului	m a s t u r b a t u l u j
masturbată	m a s t u r b a t ə
masturbau	m a s t u r b a w
masturbași	m a s t u r b a ʃʲ
masturbați	m a s t u r b a t͡sʲ
masturbații	m a s t u r b a t͡s iː
masturbează	m a s t u r b e̯ a z ə
masturbez	m a s t u r b e z
masturbeze	m a s t u r b e z e
masturbezi	m a s t u r b e zʲ
masturbând	m a s t u r b ɨ n d
masturbă	m a s t u r b ə
masturbăm	m a s t u r b ə m
matematică	m a t e m a t i k ə
maturitate	m a t u r i t a t e
mea	m e̯ a
mei	m e j
melanj	m e l a n ʒ
mele	m e l e
memoria	m e m o r i a
memorie	m e m o r i e
mergem	m e r d͡ʒ e m
mersi	m e r s i
mic	m i k
mica	m i k a
mici	m i t͡ʃʲ
mică	m i k ə
mie	m i e
mii	m iː
mila	m i l a
milos	m i l o s
milă	m i l ə
minge	m i n d ʒ e
mingi	m i n d͡ʒʲ
minoritate	m i n o r i t a t e
mint	m i n t
minte	m i n t e
minuscule	m i n u s k u l e
minusculi	m i n u s k u lʲ
minusculă	m i n u s k u l ə
mioveni	m i o v ɛ nʲ
mirandeză	m i r a n d e z ə
mizericordie	m i z e r i k o r d i e
mișto	m i ʃ t o
moarte	m o̯ a r t e
moartă	m o̯ a r t ə
modalitate	m o d a l i t a t e
modifica	m o d i f i k a
modificat	m o d i f i k a t
modificata	m o d i f i k a t a
moldova	m o l d o v a
moldovean	m o l d o v e̯ a n
molie	m o l i e
moment	m o m e n t
momente	m o m e n t e
monocrom	m o n o k r o m
monogamie	m o n o ɡ a m i e
mor	m o r
morcov	m o r k o v
mori	m o rʲ
mort	m o r t
morții	m o r t͡s iː
moscova	m o s k o v a
muista	m u i s t a
muistă	m u i s t ə
mulgeam	m u l d͡ʒ e̯ a m
mulți	m u l t͡sʲ
mulțumea	m u l t s u m j a
mulțumeai	m u l t s u m j a j
mulțumeam	m u l t s u m j a m
mulțumească	m u l t s u m j a s k ə
mulțumeau	m u l t s u m j a w
mulțumeați	m u l t s u m j a t sʲ
mulțumesc	m u l t͡s u m e s k
mulțumește	m u l t s u m e ʃ t e
mulțumești	m u l t s u m e ʃ tʲ
mulțumii	m u l t s u m iː
mulțumim	m u l t s u m i m
mulțumind	m u l t s u m i n d
mulțumiră	m u l t s u m i r ə
mulțumirăm	m u l t s u m i r ə m
mulțumirăți	m u l t s u m i r ə t sʲ
mulțumise	m u l t s u m i s e
mulțumisem	m u l t s u m i s e m
mulțumiseră	m u l t s u m i s e r ə
mulțumiserăm	m u l t s u m i s e r ə m
mulțumiserăți	m u l t s u m i s e r ə t sʲ
mulțumiseși	m u l t s u m i s e ʃʲ
mulțumit	m u l t s u m i t
mulțumita	m u l t͡s u m i t a
mulțumite	m u l t͡s u m i t e
mulțumitei	m u l t͡s u m i t e j
mulțumitele	m u l t͡s u m i t e l e
mulțumitelor	m u l t͡s u m i t e l o r
mulțumită	m u l t͡s u m i t ə
mulțumiși	m u l t s u m i ʃʲ
mulțumiți	m u l t͡s u m i t͡sʲ
mulțumiții	m u l t͡s u m i t͡s iː
mulțumiților	m u l t͡s u m i t͡s i l o r
mumu	m u m u
munți	m u n t sʲ
murea	m u r e̯ a
muri	m u r i
muribund	m u r i b u n̪ d̪
murim	m u r i m
murind	m u r i n d
murit	m u r i t
muriți	m u r i t͡sʲ
mușca	m u ʃ k a
mâine	m ɨ j n e
mân	m ɨ n
mânca	m ɨ n k a
mâncai	m ɨ n k a j
mâncam	m ɨ n k a m
mâncară	m ɨ n k a r ə
mâncarăm	m ɨ n k a r ə m
mâncarăți	m ɨ n k a r ə t͡sʲ
mâncase	m ɨ n k a s e
mâncasem	m ɨ n k a s e m
mâncaseră	m ɨ n k a s e r ə
mâncaserăm	m ɨ n k a s e r ə m
mâncaserăți	m ɨ n k a s e r ə t͡sʲ
mâncaseși	m ɨ n k a s e ʃʲ
mâncat	m ɨ n k a t
mâncau	m ɨ n k a w
mâncași	m ɨ n k a ʃʲ
mâncați	m ɨ ŋ k a t͡sʲ
mâncând	m ɨ n k ɨ n d
mâncă	m ɨ n k ə
mâncăm	m ɨ n k ə m
mănuși	m ə n u ʃʲ
mănușă	m ə n u ʃ ə
mănânc	m ə n ɨ n k
mănânce	m ə n ɨ n t͡ʃ e
mănânci	m ə n ɨ n t͡ʃʲ
mănâncă	m ə n ɨ n k ə
mărturisea	m ə r t u r i s j a
mărturiseai	m ə r t u r i s j a j
mărturiseam	m ə r t u r i s j a m
mărturisească	m ə r t u r i s j a s k ə
mărturiseau	m ə r t u r i s j a w
mărturiseați	m ə r t u r i s j a t sʲ
mărturisesc	m ə r t u r i s e s k
mărturisește	m ə r t u r i s e ʃ t e
mărturisești	m ə r t u r i s e ʃ tʲ
mărturisi	m ə r t u r i s i
mărturisii	m ə r t u r i s iː
mărturisim	m ə r t u r i s i m
mărturisind	m ə r t u r i s i n d
mărturisiră	m ə r t u r i s i r ə
mărturisirăm	m ə r t u r i s i r ə m
mărturisirăți	m ə r t u r i s i r ə t sʲ
mărturisise	m ə r t u r i s i s e
mărturisisem	m ə r t u r i s i s e m
mărturisiseră	m ə r t u r i s i s e r ə
mărturisiserăm	m ə r t u r i s i s e r ə m
mărturisiserăți	m ə r t u r i s i s e r ə t sʲ
mărturisiseși	m ə r t u r i s i s e ʃʲ
mărturisit	m ə r t u r i s i t
mărturisita	m ə r t u r i s i t a
mărturisite	m ə r t u r i s i t e
mărturisitei	m ə r t u r i s i t e j
mărturisitele	m ə r t u r i s i t e l e
mărturisitului	m ə r t u r i s i t u l u j
mărturisită	m ə r t u r i s i t ə
mărturisiși	m ə r t u r i s i ʃʲ
mărturisiți	m ə r t u r i s i t͡sʲ
mărturisiții	m ə r t u r i s i t͡s iː
narcotic	n a ɾ k o t i k
narcotica	n a ɾ k o t i k a
narcotice	n a ɾ k o t i t͡ʃ e
narcotici	n a ɾ k o t i t͡ʃʲ
narcotică	n a ɾ k o t i k ə
nativa	n a t i v a
native	n a t i v e
neamț	n e̯ a m t s
nebun	n e b u n
necesitate	n e t͡ʃ e s i t a t e
necunoscut	n e k u n o s k u t
necăjea	n e k ə ʒ j a
necăjeai	n e k ə ʒ j a j
necăjeam	n e k ə ʒ j a m
necăjească	n e k ə ʒ j a s k ə
necăjeau	n e k ə ʒ j a w
necăjeați	n e k ə ʒ j a t sʲ
necăjesc	n e k ə ʒ e s k
necăjește	n e k ə ʒ e ʃ t e
necăjești	n e k ə ʒ e ʃ tʲ
necăji	n e k ə ʒ i
necăjii	n e k ə ʒ iː
necăjim	n e k ə ʒ i m
necăjind	n e k ə ʒ i n d
necăjiră	n e k ə ʒ i r ə
necăjirăm	n e k ə ʒ i r ə m
necăjirăți	n e k ə ʒ i r ə t sʲ
necăjise	n e k ə ʒ i s e
necăjisem	n e k ə ʒ i s e m
necăjiseră	n e k ə ʒ i s e r ə
necăjiserăm	n e k ə ʒ i s e r ə m
necăjiserăți	n e k ə ʒ i s e r ə t sʲ
necăjiseși	n e k ə ʒ i s e ʃʲ
necăjit	n e k ə ʒ i t
necăjita	n e k ə ʒ i t a
necăjite	n e k ə ʒ i t e
necăjitei	n e k ə ʒ i t e j
necăjiși	n e k ə ʒ i ʃʲ
necăjiți	n e k ə ʒ i t͡sʲ
necăjiții	n e k ə ʒ i t͡s iː
necăjiților	n e k ə ʒ i t͡s i l o r
neerlandeză	n e e r l a n d e z ə
negre	n e ɡ r e
negri	n e ɡ r i
nemilă	n e m i l ə
nenorocitule	n e n o ɾ o t͡ʃ i t u l e
neomenește	n e o m e n e ʃ t e
nereal	n e r e a l
neutra	n e u t r a
neutre	n e u t r e
neutri	n e u t r i
nevăzut	n e v ə z u t
neîmbunătățit	n e ɨ m b u n ə t ə t͡s i t
niciodată	n i t͡ʃ o d a t ə
niculescu	n i k u l e s k u
nimănui	n i m ə n u j
noapte	n o̯ a p t e
noastră	n o̯ a s t r ə
nopți	n o p t͡sʲ
nor	n o r
norii	n o r i
norilor	n o r i l o r
normalitate	n o r m a l i t a t e
noroc	n o r o k
norului	n o r u l u j
note	n o t e
nouă	n o w ə
nud	n u d
nuda	n u d a
nude	n u d e
nuia	n u j a
numai	n u m a j
nume	n u m e
numelor	n u m e l o r
numelui	n u m e l u j
numere	n u m e r e
numerelor	n u m e r e l o r
numeri	n u m e rʲ
numita	n u m i t a
numite	n u m i t e
numitele	n u m i t e l e
numitelor	n u m i t e l o r
numiții	n u m i t͡s iː
numiților	n u m i t͡s i l o r
număr	n u m ə r
numărului	n u m ə r u l u j
nălucea	n ə l u t ʃ j a
năluceai	n ə l u t ʃ j a j
năluceam	n ə l u t ʃ j a m
nălucească	n ə l u t ʃ j a s k ə
năluceau	n ə l u t ʃ j a w
năluceați	n ə l u t ʃ j a t sʲ
nălucesc	n ə l u t ʃ e s k
nălucește	n ə l u t ʃ e ʃ t e
nălucești	n ə l u t ʃ e ʃ tʲ
nălucii	n ə l u t ʃ iː
nălucim	n ə l u t ʃ i m
năluciră	n ə l u t ʃ i r ə
nălucirăm	n ə l u t ʃ i r ə m
nălucirăți	n ə l u t ʃ i r ə t sʲ
nălucise	n ə l u t ʃ i s e
nălucisem	n ə l u t ʃ i s e m
năluciseră	n ə l u t ʃ i s e r ə
năluciserăți	n ə l u t ʃ i s e r ə t sʲ
năluciseși	n ə l u t ʃ i s e ʃʲ
nălucita	n ə l u t͡ʃ i t a
nălucite	n ə l u t͡ʃ i t e
nălucitei	n ə l u t͡ʃ i t e j
năluciți	n ə l u t͡ʃ i t͡sʲ
năluciții	n ə l u t͡ʃ i t͡s iː
năluciților	n ə l u t͡ʃ i t͡s i l o r
năstăsescu	n ə s t ə s e s k u
oameni	o̯ a m e nʲ
obez	o b e z
obiect	o b j e k t
obosit	o b o s i t
observa	o p s e ɾ v a
observație	o b s e ɾ v a t͡s i e
odată	o d a t ə
oferim	o f e r i m
oficial	o f i t ʃ i a l
olandez	o l a n d e z
om	o m
omenesc	o m e n e s k
omenește	o m e n e ʃ t e
omniprezenta	o m n i p r e z e n t a
omniprezente	o m n i p r e z e n t e
omniprezentei	o m n i p r e z e n t e j
omniprezentele	o m n i p r e z e n t e l e
omniprezentelor	o m n i p r e z e n t e l o r
omniprezentului	o m n i p r e z e n t u l u j
omniprezentă	o m n i p r e z e n t ə
omniprezențele	o m n i p r e z e n t s e l e
omniprezenți	o m n i p r e z e n t͡sʲ
omniprezenții	o m n i p r e z e n t͡s iː
omniprezenților	o m n i p r e z e n t͡s i l o r
omori	o m o rʲ
omorî	o m o r ɨ
onestitate	o n e s t i t a t e
opiu	o p j u
oprească	o p r e̯ a s k ə
oprita	o p r i t a
oprite	o p r i t e
opritei	o p r i t e j
opritele	o p r i t e l e
opritelor	o p r i t e l o r
opriții	o p r i t͡s iː
opriților	o p r i t͡s i l o r
or	o r
orbit	o r b i t
organizație	o r ɡ a n i z a t s i e
orgasm	o r ɡ a s m
orgasme	o r ɡ a s m e
orgastic	o r ɡ a s t i k
orice	o rʲ t͡ʃ e
orienteze	o r i e n t e z e
orientări	o r i e n t ə rʲ
os	o s
oți	o t͡sʲ
pa	p a
palimpsest	p a l i m p s e s t
palimpseste	p a l i m p s e s t e
palincă	p a l i ŋ k ə
palma	p a l m a
palmă	p a l m ə
pandora	p a n d o r a
pansexualitate	p a n s e k s u a l i t a t e
papi	p a pʲ
paradox	p a r a d o k s
paradoxului	p a r a d o k s u l u j
paradoxuri	p a r a d o k s u rʲ
paradoxurile	p a r a d o k s u r i l e
paradoxurilor	p a r a d o k s u r i l o r
parazit	p a r a z i t
paraziți	p a r a z i t͡sʲ
parca	p a r k a
pari	p a rʲ
pară	p a r ə
patru	p a t r u
paupertate	p a u p e r t a t e
pavăză	p a v ə z ə
pecunie	p e k u n i e
pedeapsă	p e dʲ æ p s ə
pederast	p ɛ d ɛ r a s t
pederastie	p ɛ d ɛ r a s t i j ɛ
pederaști	p e d e r a ʃ tʲ
penar	p e n a r
penis	p e n i s
penisului	p e n i s u l u j
penisuri	p e n i s u rʲ
penisurile	p e n i s u r i l e
penisurilor	p e n i s u r i l o r
pentru	p e n t r u
percep	p e r t͡ʃ e p
perete	p e r e t e
perfect	p e r f e k t
perfecta	p e r f e k t a
perfectai	p e r f e k t a j
perfectam	p e r f e k t a m
perfectarăm	p e r f e k t a r ə m
perfectase	p e r f e k t a s e
perfectasem	p e r f e k t a s e m
perfectaseră	p e r f e k t a s e r ə
perfectaserăți	p e r f e k t a s e r ə t sʲ
perfectaseși	p e r f e k t a s e ʃʲ
perfectat	p e r f e k t a t
perfectau	p e r f e k t a w
perfectași	p e r f e k t a ʃʲ
perfecte	p e r f e k t e
perfectează	p e r f e k t j a z ə
perfectez	p e r f e k t e z
perfecteze	p e r f e k t e z e
perfectezi	p e r f e k t e zʲ
perfectând	p e r f e k t ɨ n d
perfectă	p e r f e k t ə
perfectăm	p e r f e k t ə m
perfecți	p e r f e k t͡sʲ
perineal	p e r i n e a l
perineale	p e r i n e a l e
perineali	p e r i n e a lʲ
perinee	p e r i n eː
perineele	p e r i n eː l e
perineelor	p e r i n eː l o r
perineu	p e r i n e w
perineul	p e r i n e u l
perineului	p e r i n e u l
perioadă	p e r i o̯ a d ə
personaje	p e r s o n a ʒ e
personalitate	p e r s o n a l i t a t e
perversitate	p e r v e r s i t a t e
petrece	p e t r e t ʃ e
pești	p e ʃ tʲ
picoliță	p i k o l i t s ə
picolo	p i k o l o
piedestal	p j e d e s t a l
piele	p j e l e
piepturi	p j e p t u rʲ
pilotai	p i l o t a a j
pilotam	p i l o t a a m
pilotară	p i l o t a a r ə
pilotarăm	p i l o t a a r ə m
pilotarăți	p i l o t a a r ə t sʲ
pilotase	p i l o t a a s e
pilotasem	p i l o t a a s e m
pilotaserăm	p i l o t a a s e r ə m
pilotaserăți	p i l o t a a s e r ə t sʲ
pilotaseși	p i l o t a a s e ʃʲ
pilotat	p i l o t a a t
pilotau	p i l o t a a w
pilotași	p i l o t a a ʃʲ
pilotează	p i l o t a j a z ə
pilotez	p i l o t a e z
pilotezi	p i l o t a e zʲ
pilotând	p i l o t a ɨ n d
pilotă	p i l o t a ə
pilotăm	p i l o t a ə m
pinten	p i n t e n
pion	p i o n
pioni	p i o nʲ
pipi	p i p i
pitic	p i t i k
pitoresc	p i t o r e s k
piure	p j u r e
pizda	p i z d a
pizdă	p i z d ə
pițipoancă	p i t s i p w a ŋ k ə
place	p l a t͡ʃ e
placi	p l a t͡ʃʲ
plat	p l a t
plece	p l e t͡ʃ e
plictisea	p l i k t i s j a
plictiseai	p l i k t i s j a j
plictiseală	p l i k t i s e a l ə
plictiseam	p l i k t i s j a m
plictisească	p l i k t i s j a s k ə
plictiseau	p l i k t i s j a w
plictiseați	p l i k t i s j a t sʲ
plictisesc	p l i k t i s e s k
plictisește	p l i k t i s e ʃ t e
plictisești	p l i k t i s e ʃ tʲ
plictisi	p l i k t i s i
plictisii	p l i k t i s iː
plictisim	p l i k t i s i m
plictisind	p l i k t i s i n d
plictisiră	p l i k t i s i r ə
plictisirăm	p l i k t i s i r ə m
plictisirăți	p l i k t i s i r ə t sʲ
plictisise	p l i k t i s i s e
plictisisem	p l i k t i s i s e m
plictisiseră	p l i k t i s i s e r ə
plictisiserăm	p l i k t i s i s e r ə m
plictisiserăți	p l i k t i s i s e r ə t sʲ
plictisiseși	p l i k t i s i s e ʃʲ
plictisit	p l i k t i s i t
plictisita	p l i k t i s i t a
plictisite	p l i k t i s i t e
plictisitei	p l i k t i s i t e j
plictisitele	p l i k t i s i t e l e
plictisitelor	p l i k t i s i t e l o r
plictisiși	p l i k t i s i ʃʲ
plictisiți	p l i k t i s i t͡sʲ
plictisiții	p l i k t i s i t͡s iː
plictisiților	p l i k t i s i t͡s i l o r
ploaie	p lʷ a j e
ploios	p l o j o s
plug	p l u ɡ
plăcea	p l ə t͡ʃ e̯ a
poate	p o̯ a t e
podea	p o d e̯ a
poloneză	p o l o n e z ə
poponar	p o p o n a r
popularitate	p o p u l a r i t a t e
pornea	p o r n e̯ a
porneai	p o r n e̯ a j
porneam	p o r n e̯ a m
pornească	p o r n e̯ a s k ə
porneau	p o r n e̯ a w
porneați	p o r n e̯ a t͡sʲ
pornesc	p o r n e s k
pornește	p o r n e ʃ t e
pornești	p o r n e ʃ tʲ
porni	p o r n i
pornii	p o r n iː
pornim	p o r n i m
pornind	p o r n i n d
porniră	p o r n i r ə
pornirăm	p o r n i r ə m
pornirăți	p o r n i r ə t sʲ
pornise	p o r n i s e
pornisem	p o r n i s e m
porniseră	p o r n i s e r ə
porniserăm	p o r n i s e r ə m
porniserăți	p o r n i s e r ə t sʲ
porniseși	p o r n i s e ʃʲ
pornit	p o r n i t
pornita	p o r n i t a
pornite	p o r n i t e
pornitei	p o r n i t e j
pornitelor	p o r n i t e l o r
pornitului	p o r n i t u l u j
pornită	p o r n i t ə
porniși	p o r n i ʃʲ
porniți	p o r n i t͡sʲ
porno	p o r n o
pornograf	p o r n o ɡ r a f
pornografi	p o r n o ɡ r a fʲ
pornografica	p o r n o ɡ r a f i k a
pornografice	p o r n o ɡ r a f i t͡ʃ e
pornograficei	p o r n o ɡ r a f i t͡ʃ e j
pornograficele	p o r n o ɡ r a f i t͡ʃ e l e
pornograficelor	p o r n o ɡ r a f i t͡ʃ e l o r
pornografici	p o r n o ɡ r a f i t͡ʃʲ
pornograficii	p o r n o ɡ r a f i t͡ʃ i j
pornograficilor	p o r n o ɡ r a f i t͡ʃ i l o r
pornograficului	p o r n o ɡ r a f i k u l u j
pornografică	p o r n o ɡ r a f i k ə
pornografie	p o r n o ɡ r a f i e
pornografiei	p o r n o ɡ r a f i e j
pornografii	p o r n o ɡ r a f iː
pornografiile	p o r n o ɡ r a f iː l e
pornografiilor	p o r n o ɡ r a f iː l o r
pornografilor	p o r n o ɡ r a f i l o r
pornografului	p o r n o ɡ r a f u l u j
portabilitate	p o r t a b i l i t a t e
portocal	p o ɾ t o k a l
portocală	p o r t o k a l ə
portret	p o r t r e t
pot	p o t
potabil	p o t a b i l
potabile	p o t a b i l e
potabili	p o t a b i lʲ
potabilitate	p o t a b i l i t a t e
potcoavă	p o t k o̯ a v ə
poșetă	p o ʃ e t ə
poți	p o t sʲ
prea	p r e̯ a
preejaculator	p r e e ʒ a k u l a t o r
pregătea	p r e ɡ ə t j a
pregăteai	p r e ɡ ə t j a j
pregăteam	p r e ɡ ə t j a m
pregătească	p r e ɡ ə t j a s k ə
pregăteau	p r e ɡ ə t j a w
pregăteați	p r e ɡ ə t j a t sʲ
pregătesc	p r e ɡ ə t e s k
pregătește	p r e ɡ ə t e ʃ t e
pregătești	p r e ɡ ə t e ʃ tʲ
pregăti	p r e ɡ ə t i
pregătii	p r e ɡ ə t iː
pregătim	p r e ɡ ə t i m
pregătind	p r e ɡ ə t i n d
pregătiră	p r e ɡ ə t i r ə
pregătirăm	p r e ɡ ə t i r ə m
pregătirăți	p r e ɡ ə t i r ə t sʲ
pregătise	p r e ɡ ə t i s e
pregătisem	p r e ɡ ə t i s e m
pregătiseră	p r e ɡ ə t i s e r ə
pregătiserăm	p r e ɡ ə t i s e r ə m
pregătiserăți	p r e ɡ ə t i s e r ə t sʲ
pregătiseși	p r e ɡ ə t i s e ʃʲ
pregătit	p r e ɡ ə t i t
pregătita	p r e ɡ ə t i t a
pregătite	p r e ɡ ə t i t e
pregătitei	p r e ɡ ə t i t e j
pregătitelor	p r e ɡ ə t i t e l o r
pregătitului	p r e ɡ ə t i t u l u j
pregătită	p r e ɡ ə t i t ə
pregătiși	p r e ɡ ə t i ʃʲ
pregătiți	p r e ɡ ə t i t͡sʲ
pregătiții	p r e ɡ ə t i t͡s iː
pregătiților	p r e ɡ ə t i t͡s i l o r
prepuț	p r ɛ p u t s
pretutindenea	p r e t u t i n d e nʲ æ
prevede	p r e v e d e
prevesti	p r e v e s t i
prezentare	p r e z e n t a r e
prezervative	p r e z e r v a t i v e
prezice	p r e z i t͡ʃ e
pricolici	p r i k o l i t͡ʃʲ
prietene	p r i e t e n e
prietenește	p r i e t e n e ʃ t e
prietenii	p r i e t e n iː
prietenilor	p r i e t e n i l o r
prietenos	p r i e t e n o s
prietenului	p r i e t e n u l u j
prime	p r i m e
primea	p r i m j a
primeai	p r i m j a j
primeam	p r i m j a m
primeau	p r i m j a w
primesc	p r i m e s k
primește	p r i m e ʃ t e
primești	p r i m e ʃ tʲ
primii	p r i m iː
primim	p r i m i m
primind	p r i m i n d
primiră	p r i m i r ə
primirăm	p r i m i r ə m
primirăți	p r i m i r ə t sʲ
primise	p r i m i s e
primisem	p r i m i s e m
primiserăm	p r i m i s e r ə m
primiserăți	p r i m i s e r ə t sʲ
primiseși	p r i m i s e ʃʲ
primit	p r i m i t
primita	p r i m i t a
primite	p r i m i t e
primitei	p r i m i t e j
primitele	p r i m i t e l e
primitelor	p r i m i t e l o r
primită	p r i m i t ə
primiși	p r i m i ʃʲ
primiți	p r i m i t͡sʲ
primiții	p r i m i t͡s iː
primiților	p r i m i t͡s i l o r
primul	p r i m u l
prioritate	p r i j o r i t a t e
privi	p r i v i
proastă	p r o̯ a s t ə
produc	p r o d u k
produce	p r o d u t ʃ e
producem	p r o d u t͡ʃ e m
produci	p r o d u t͡ʃʲ
profesoară	p r o f e s o̯ a r ə
promis	p r o m i s
promisiune	p r o m i s i u n e
promit	p r o m i t
promite	p r o m i t e
promițând	p r o m i t s ɨ n d
propun	p r o p u n
prosti	p r o s t i
proteja	p r o t e ʒ a
protejai	p r o t e ʒ a j
protejam	p r o t e ʒ a m
protejară	p r o t e ʒ a r ə
protejarăm	p r o t e ʒ a r ə m
protejarăți	p r o t e ʒ a r ə t͡sʲ
protejase	p r o t e ʒ a s e
protejasem	p r o t e ʒ a s e m
protejaseră	p r o t e ʒ a s e r ə
protejaserăm	p r o t e ʒ a s e r ə m
protejaserăți	p r o t e ʒ a s e r ə t͡sʲ
protejaseși	p r o t e ʒ a s e ʃʲ
protejat	p r o t e ʒ a t
protejau	p r o t e ʒ a w
protejași	p r o t e ʒ a ʃʲ
protejați	p r o t e ʒ a t͡sʲ
protejează	p r o t e ʒ e̯ a z ə
protejez	p r o t e ʒ e z
protejeze	p r o t e ʒ e z e
protejezi	p r o t e ʒ e zʲ
protejând	p r o t e ʒ ɨ n d
protejă	p r o t e ʒ ə
proști	p r o ʃ tʲ
publicitate	p u b l i t͡ʃ i t a t e
pui	p u j
pule	p u l e
pulei	p u l e j
pulele	p u l e l e
pulelor	p u l e l o r
puli	p u lʲ
pulii	p u l iː
pulile	p u l i l e
pulosului	p u l o s u l u j
puloși	p u l o ʃʲ
puloșii	p u l o ʃ iː
puloșilor	p u l o ʃ i l o r
pulă	p u l ə
pun	p u n
pune	p u n e
punem	p u n e m
puneți	p u n e t͡sʲ
pungi	p u n d͡ʒʲ
pungă	p u n ɡ ə
pupa	p u p a
puteam	p u t e̯ a m
putem	p u t e m
puteți	p u t e t͡sʲ
putu	p u t u
puța	p u t͡s a
puțin	p u t͡s i n
puță	p u t s ə
păcurar	p ə k u r a r
pădure	p ə d u ɾ e
păianjen	p ə j a n ʒ e n
păianjenii	p ə j a n ʒ e n iː
păianjenilor	p ə j a n ʒ e n i l o r
păianjenului	p ə j a n ʒ e n u l u j
păltineni	p ɘ l t i n ɛ nʲ
pălămidă	p ə l ə m i d ə
păpa	p ə p a
părinte	p ə r i n t e
părintesc	p ə r i n t e s k
păros	p ə r o s
părăsi	p ə r ə s i
pătură	p ə t u r ə
rabat	r a b a t
rad	r a d
radem	r a d e m
radu	r a d u
razi	r a zʲ
rea	r e̯ a
real	r e a l
reale	r e a l e
reali	r e a lʲ
rece	r e t͡ʃ e
redu	r e d u
reduc	r e d u k
reduce	r e̞ d̪ u t ʃ e̞
reducem	r e d u t͡ʃ e m
reduci	r e d u t͡ʃʲ
rege	r e d͡ʒ e
regele	r e d͡ʒ e l e
regelui	r e d͡ʒ e l u j
reghin	r e ɡ i n
regi	r e d͡ʒʲ
regii	r e d͡ʒ iː
regilor	r e d͡ʒ i l o r
regina	r e d͡ʒ i n a
regine	r e d͡ʒ i n e
reginei	r e d͡ʒ i n e j
reginele	r e d͡ʒ i n e l e
reginelor	r e d͡ʒ i n e l o r
regină	r e d͡ʒ i n ə
reintroduce	r e i n t r o d u t ʃ e
reintroduci	r e i n t r o d u t͡ʃʲ
relativitate	r e l a t i v i t a t e
releu	r e l e u
religie	r e l i d ʒ i e
remușcare	r e m u ʃ k a r e
republica	r e p u b l i k a
republică	r e p u b l i k ə
respingi	r e s p i n d͡ʒʲ
respinse	r e s p i n s e
resurse	r e s u r s e
retrase	r e t r a s e
revista	r e v i s t a
reviste	r e v i s t e
revistă	r e v i s t ə
revoluție	ɾ e v o l u t͡s i e
rezista	r e z i s t a
ridice	r i d i t͡ʃ e
rinichi	r i n i kʲ
risca	r i s k a
rochie	r o k i e
rodea	r o d e̯ a
rodeai	r o d e̯ a j
rodie	r o d i e
rog	r o ɡ
rogi	r o d͡ʒʲ
rom	r o m
romane	r o m a n e
române	r o m ɨ n e
româneasca	r o m ɨ n e̯ a s k a
românească	r o m ɨ n e̯ a s k ə
românescului	r o m ɨ n e s k u l u j
românești	r o m ɨ n e ʃ tʲ
româneștii	r o m ɨ n e ʃ t i j
româneștile	r o m ɨ n e ʃ t i l e
români	r o m ɨ nʲ
română	r o m ɨ n ə
rozi	r o zʲ
ruga	r u ɡ a
rugam	r u ɡ a m
rugase	r u ɡ a s e
runc	r u ŋ k
rupea	r u p e̯ a
rupem	r u p e m
rupi	r u pʲ
rupta	r u p t a
rupte	r u p t e
rusia	r u s i a
ruta	r u t a
râd	r ɨ d
rânduri	r ɨ n d u rʲ
râu	r ɨ w
răbdare	r ə b d a r e
rădaște	r ə d a ʃ t e
răi	r ə j
răni	r ə n i
răpească	r ə p j a s k ə
răpitei	r ə p i t e j
răpitele	r ə p i t e l e
răpitului	r ə p i t u l u j
răpită	r ə p i t ə
răpiților	r ə p i t͡s i l o r
răsfoi	r ə s f o i
răstigni	r ə s t i ɡ n i
război	r ə z b o j
sacoșă	s a k o ʃ ə
sacra	s a k r a
sacre	s a k r e
sacri	s a k r i
sacru	s a k r u
sacră	s a k r ə
salamură	s a l a m u r ə
salturi	s a l t u rʲ
sangvin	s a n ɡ v i n
saramură	s a r a m u r ə
scald	s k a l d
scalzi	s k a l zʲ
schizofrenie	s k i z o f r e n i e
sclav	s k l a v
scremi	s k r e mʲ
scrie	s k r i e
scriem	s k r i e m
scrii	s k r i j
scris	s k r i s
scriu	s k r i w
scrum	s k r u m
scrumiera	s k r u m i e r a
scrumiere	s k r u m i e r e
scrumierei	s k r u m i e r e j
scrumierele	s k r u m i e r e l e
scrumierelor	s k r u m i e r e l o r
scrumieră	s k r u m i e r ə
scule	s k u l e
sculă	s k u l ə
scurtești	s k u r t ɛ ʃ tʲ
scuzi	s k u zʲ
scălda	s k ə l d a
secole	s e k o l e
securitate	s e k u r i t a t e
secvențe	s e k v e n t͡s e
secvență	s e k v e n t s ə
sedu	s e d u
seduc	s e d u k
seduce	s e d u t ʃ e
seducem	s e d u t͡ʃ e m
seduceți	s e d u t͡ʃ e t͡sʲ
seduci	s e d u t͡ʃʲ
seducție	s e d u k t͡s i e
sedus	s e d u s
seduse	s e d u s e
senzualitate	s e n z u a l i t a t e
sept	s e p t
serenade	s e r e n a d e
serenadă	s e r e n a d ə
serii	s e r iː
serile	s e r i l e
serilor	s e r i l o r
sexologie	s e k s o l o d ʒ i e
sexual	s e k s u a l
sexuala	s e k s u a l a
sexuale	s e k s u a l e
sexualei	s e k s u a l e j
sexualele	s e k s u a l e l e
sexuali	s e k s u a lʲ
sexualii	s e k s u a l i j
sexualilor	s e k s u a l i l o r
sexualului	s e k s u a l u l u j
sexuală	s e k s u a l ə
sexy	s e k s i
sfinx	s f i n k s
sfânt	s f ɨ n t
sfânta	s f ɨ n t a
sfântă	s f ɨ n t ə
sfârc	s f ɨ r k
sfârșea	s f ɨ r ʃ j a
sfârșeai	s f ɨ r ʃ j a j
sfârșeam	s f ɨ r ʃ j a m
sfârșeau	s f ɨ r ʃ j a w
sfârșeați	s f ɨ r ʃ j a t sʲ
sfârșesc	s f ɨ r ʃ e s k
sfârșește	s f ɨ r ʃ e ʃ t e
sfârșești	s f ɨ r ʃ e ʃ tʲ
sfârși	s f ɨ r ʃ i
sfârșii	s f ɨ r ʃ iː
sfârșim	s f ɨ r ʃ i m
sfârșind	s f ɨ r ʃ i n d
sfârșiră	s f ɨ r ʃ i r ə
sfârșirăm	s f ɨ r ʃ i r ə m
sfârșirăți	s f ɨ r ʃ i r ə t sʲ
sfârșise	s f ɨ r ʃ i s e
sfârșisem	s f ɨ r ʃ i s e m
sfârșiseră	s f ɨ r ʃ i s e r ə
sfârșiserăm	s f ɨ r ʃ i s e r ə m
sfârșiserăți	s f ɨ r ʃ i s e r ə t sʲ
sfârșiseși	s f ɨ r ʃ i s e ʃʲ
sfârșit	s f ɨ r ʃ i t
sfârșita	s f ɨ r ʃ i t a
sfârșitei	s f ɨ r ʃ i t e j
sfârșitele	s f ɨ r ʃ i t e l e
sfârșiși	s f ɨ r ʃ i ʃʲ
sfârșiți	s f ɨ r ʃ i t͡sʲ
sfârșiții	s f ɨ r ʃ i t͡s iː
sfârșiților	s f ɨ r ʃ i t͡s i l o r
siberia	s i b e r i a
sigur	s i ɡ u r
simionescu	s i m i o n e s k u
simpla	s i m p l a
simple	s i m p l e
simpli	s i m p l i
simplifica	s i m p l i f i k a
simplitate	s i m p l i t a t e
simplu	s i m p l u
simplă	s i m p l ə
simulare	s i m u l a r e
sinagogă	s i n a ɡ o ɡ ə
sinistra	s i n i s t r a
sinistre	s i n i s t r e
slovac	s l o v a k
slovacă	s l o v a k ə
sloven	s l o v e n
slovena	s l o v e n a
slovene	s l o v e n e
slovenei	s l o v e n e j
slovenelor	s l o v e n e l o r
sloveni	s l o v e nʲ
slovenia	s l o v e n i a
sloveniei	s l o v e n i e j
slovenii	s l o v e n i j
slovenilor	s l o v e n i l o r
slovenului	s l o v e n u l u j
slovenă	s l o v e n ə
smochină	s m o k i n ə
smârc	s m ɨ r k
soare	s o̯ a r e
soarele	s o̯ a r e l e
soarelui	s o̯ a r e l u j
soarte	s o̯ a r t e
sobă	s o b ə
socializa	s o t͡ʃ i a l i z a
sodomist	s o d o m i s t
sodomit	s o d o m i t
sodomiza	s o d o m i z a
sodomizai	s o d o m i z a j
sodomizam	s o d o m i z a m
sodomizară	s o d o m i z a r ə
sodomizarăm	s o d o m i z a r ə m
sodomizaseră	s o d o m i z a s e r ə
sodomizaserăm	s o d o m i z a s e r ə m
sodomizaseși	s o d o m i z a s e ʃʲ
sodomizat	s o d o m i z a t
sodomizata	s o d o m i z a t a
sodomizate	s o d o m i z a t e
sodomizatelor	s o d o m i z a t e l o r
sodomizatului	s o d o m i z a t u l u j
sodomizată	s o d o m i z a t ə
sodomizași	s o d o m i z a ʃʲ
sodomizați	s o d o m i z a t͡sʲ
sodomizaților	s o d o m i z a t͡s i l o r
sodomizează	s o d o m i zʲ a z ə
sodomizez	s o d o m i z e z
sodomizeze	s o d o m i z e z e
sodomizezi	s o d o m i z e zʲ
sodomizând	s o d o m i z ɨ n d
sodomiză	s o d o m i z ə
sodomizăm	s o d o m i z ə m
somnambul	s o m n a m b u l
somnambulist	s o m n a m b u l i s t
somnambuliști	s o m n a m b u l i ʃ tʲ
somnifer	s o m n i f e ɾ
sonată	s o n a t ə
sonet	s o n e t
soporifer	s o p o r i f e r
sorii	s o r iʲ
sorilor	s o r i l o r
sorin	s o r i n
soră	s o r ə
soț	s o t s
spania	s p a n j a
spaniolește	s p a n i o l e ʃ t e
spargi	s p a r d͡ʒʲ
sparse	s p a r s e
specificitate	s p e t͡ʃ i f i t͡ʃ i t a t e
spectral	s p e k t r a l
spectre	s p e k t r e
spectru	s p e k t r u
spele	s p e l e
speli	s p e lʲ
sper	s p e r
sperai	s p e r a j
spere	s p e r e
speri	s p e rʲ
sperma	s p e r m a
sperme	s p e r m e
spermei	s p e r m e j
spermele	s p e r m e l e
spermelor	s p e r m e l o r
spermă	s p ɛ r m ə
spinule	s p i n u l e
spital	s p i t a l
spor	s p o r
spovedea	s p o v e d j a
spovedeai	s p o v e d j a j
spovedeam	s p o v e d j a m
spovedeau	s p o v e d j a w
spovedeați	s p o v e d j a t sʲ
spovedesc	s p o v e d e s k
spovedește	s p o v e d e ʃ t e
spovedești	s p o v e d e ʃ tʲ
spovedi	s p o v e d i
spovedii	s p o v e d iː
spovedim	s p o v e d i m
spovedind	s p o v e d i n d
spovediră	s p o v e d i r ə
spovedirăm	s p o v e d i r ə m
spovedirăți	s p o v e d i r ə t sʲ
spovedise	s p o v e d i s e
spovedisem	s p o v e d i s e m
spovediseră	s p o v e d i s e r ə
spovediserăm	s p o v e d i s e r ə m
spovediserăți	s p o v e d i s e r ə t sʲ
spovediseși	s p o v e d i s e ʃʲ
spovedit	s p o v e d i t
spovedita	s p o v e d i t a
spoveditei	s p o v e d i t e j
spoveditelor	s p o v e d i t e l o r
spoveditului	s p o v e d i t u l u j
spovedită	s p o v e d i t ə
spovediși	s p o v e d i ʃʲ
spovediți	s p o v e d i t͡sʲ
spovediții	s p o v e d i t͡s iː
spovediților	s p o v e d i t͡s i l o r
spre	s p r e
sprânceană	s p r ɨ n t ʃ j æ n ə
sprâncene	s p r ɨ n t ʃ e n e
spui	s p u j
spun	s p u n
stai	s t a j
stele	s t e l e
stimul	s t i m u l
stimula	s t i m u l a
stimulai	s t i m u l a j
stimulam	s t i m u l a m
stimulară	s t i m u l a r ə
stimularăm	s t i m u l a r ə m
stimularăți	s t i m u l a r ə t sʲ
stimulase	s t i m u l a s e
stimulasem	s t i m u l a s e m
stimulaseră	s t i m u l a s e r ə
stimulaserăm	s t i m u l a s e r ə m
stimulaserăți	s t i m u l a s e r ə t sʲ
stimulaseși	s t i m u l a s e ʃʲ
stimulat	s t i m u l a t
stimulau	s t i m u l a w
stimulași	s t i m u l a ʃʲ
stimulați	s t i m u l a t͡sʲ
stimulează	s t i m u l j a z ə
stimulez	s t i m u l e z
stimulezi	s t i m u l e zʲ
stimulând	s t i m u l ɨ n d
stimulă	s t i m u l ə
stimulăm	s t i m u l ə m
storci	s t o r t͡ʃʲ
stradă	s t r a d ə
strigai	s t r i ɡ a j
strigam	s t r i ɡ a m
strigi	s t r i d͡ʒʲ
străluc	s t r ə l u k
studia	s t u d i a
studiai	s t u d j a j
studie	s t u d j e
stupiditate	s t u p i d i t a t e
stupidități	s t u p i d i t ə t͡sʲ
sturz	s t u r z
stăpân	s t ə p ɨ n
substantive	s u b s t a n t i v e
substanțe	s u b s t a n t͡s e
substanță	s u b s t a n t͡s ə
subsuoară	s u b s u w a r ə
suc	s u k
suedez	s u e d e z
suedezi	s u e d e zʲ
suedeză	s u e d e z ə
suferință	s u f e r i n t s ə
sufix	s u f i k s
suflet	s u f l e t
suflete	s u f l e t e
sufletele	s u f l e t e l e
sufletelor	s u f l e t e l o r
sufletului	s u f l e t u l u j
sug	s u ɡ
sugea	s u d͡ʒ e̯ a
sugeai	s u d͡ʒ e̯ a j
sugeam	s u d͡ʒ e̯ a m
sugeau	s u d͡ʒ e̯ a w
sugeați	s u d͡ʒ e̯ a t͡sʲ
sugem	s u d͡ʒ e m
sugere	s u d͡ʒ e r e
sugeți	s u d͡ʒ e t͡sʲ
sugi	s u d͡ʒʲ
sugând	s u ɡ ɨ n d
sugă	s u ɡ ə
sumer	s u m e ɾ
sunau	s u n a w
sune	s u n e
sunete	s u n e t e
suni	s u nʲ
suntem	s u n t e m
superi	s u p e rʲ
supse	s u p s e
supsei	s u p s e j
supserăm	s u p s e r ə m
supsese	s u p s e s e
supseseră	s u p s e s e r ə
supseserăm	s u p s e s e r ə m
supseserăți	s u p s e s e r ə t͡sʲ
supseseși	s u p s e s e ʃʲ
supseși	s u p s e ʃʲ
supt	s u p t
supun	s u p u n
surori	s u r o rʲ
surprinse	s u r p r i n s e
susurare	s u s u r a r e
susure	s u s u r e
suveran	s u v e ɾ a n
sânge	s ɨ n d͡ʒ e
sângereze	s ɨ n d͡ʒ e r e z e
sângeros	s ɨ n d͡ʒ e r o s
săi	s ə j
sălbatic	s ə l b a t i k
sălbatice	s ə l b a t i t͡ʃ e
sălbatici	s ə l b a t i t͡ʃʲ
sălbatică	s ə l b a t i k ə
sămânță	s ə m ɨ n t s ə
sănătate	s ə n ə t a t e
sănătos	s ə n ə t o s
săptămâni	s ə p t ə m ɨ nʲ
săptămână	s ə p t ə m ɨ n ə
sărămură	s ə r ə m u r ə
săvârși	s ə v ɨ r ʃ i
tace	t a t͡ʃ e
taci	t a t͡ʃʲ
tare	t a r e
tari	t a rʲ
tastatura	t a s t a t u r a
tastatură	t a s t a t u r ə
tatua	t a t u a
tatuai	t a t u a j
tatuaj	t a t u a ʒ
tatuaje	t a t w a ʒ e
tatuajele	t a t u a ʒ e l e
tatuajul	t a t u a ʒ u l
tatuajului	t a t u a ʒ u l u j
tatuam	t a t u a m
tatuară	t a t u a r ə
tatuarăm	t a t u a r ə m
tatuarăți	t a t u a r ə t sʲ
tatuase	t a t u a s e
tatuasem	t a t u a s e m
tatuaseră	t a t u a s e r ə
tatuaserăm	t a t u a s e r ə m
tatuaserăți	t a t u a s e r ə t sʲ
tatuaseși	t a t u a s e ʃʲ
tatuat	t a t u a t
tatuau	t a t u a w
tatuași	t a t u a ʃʲ
tatuați	t a t u a t͡sʲ
tatuează	t a t u j a z ə
tatuez	t a t u e z
tatueze	t a t u e z e
tatuezi	t a t u e zʲ
tatuând	t a t u ɨ n d
tatuă	t a t u ə
tatuăm	t a t u ə m
tată	t a t ə
tatăl	t a t ə l
tatălui	t a t ə l u j
tați	t a t͡sʲ
tații	t a t͡s iʲ
taților	t a t͡s i l o r
teatru	t e̯ a t r u
telega	t e l ɛ ɡ a
tem	t e m
temem	t e m e m
temi	t e mʲ
temu	t e m u
tentai	t e n t a j
tentam	t e n t a m
tentant	t e n t a n t
tentante	t e n t a n t e
tentantă	t e n t a n t ə
tentanți	t e n t a n t͡sʲ
tentară	t e n t a r ə
tentarăm	t e n t a r ə m
tentarăți	t e n t a r ə t sʲ
tentase	t e n t a s e
tentasem	t e n t a s e m
tentaseră	t e n t a s e r ə
tentaserăm	t e n t a s e r ə m
tentaserăți	t e n t a s e r ə t sʲ
tentaseși	t e n t a s e ʃʲ
tentat	t e n t a t
tentau	t e n t a w
tentași	t e n t a ʃʲ
tentați	t e n t a t͡sʲ
tentează	t e n t j a z ə
tentez	t e n t e z
tenteze	t e n t e z e
tentezi	t e n t e zʲ
tentând	t e n t ɨ n d
tentă	t e n t ə
termen	t e r m e n
termin	t e r m i n
terminai	t e r m i n a j
terminam	t e r m i n a m
terminase	t e r m i n a s e
terminasem	t e r m i n a s e m
terminaseră	t e r m i n a s e r ə
terminaserăm	t e r m i n a s e r ə m
termine	t e r m i n e
termini	t e r m i nʲ
testicul	t e s t i k u l
testicule	t e s t i k u l e
testosteron	t e s t o s t e r o n
timpuri	t i m p u rʲ
tocai	t o k a j
tocam	t o k a m
tocase	t o k a s e
toi	t o j
topea	t o p e̯ a
topit	t o p i t
torci	t o r t͡ʃʲ
torturai	t o r t u r a j
torturam	t o r t u r a m
torturară	t o r t u r a r ə
torturarăm	t o r t u r a r ə m
torturarăți	t o r t u r a r ə t sʲ
torturase	t o r t u r a s e
torturasem	t o r t u r a s e m
torturaseră	t o r t u r a s e r ə
torturaserăm	t o r t u r a s e r ə m
torturaserăți	t o r t u r a s e r ə t sʲ
torturaseși	t o r t u r a s e ʃʲ
torturași	t o r t u r a ʃʲ
torturați	t o r t u r a t͡sʲ
torturez	t o r t u r e z
tortureze	t o r t u r e z e
torturezi	t o r t u r e zʲ
torturând	t o r t u r ɨ n d
torturăm	t o r t u r ə m
totalitate	t o t a l i t a t e
tovarăș	t o v a r ə ʃ
tovărășie	t o v ə r ə ʃ i e
trabuc	t r a b u k
traduc	t r a d u k
traducere	t r a d u t͡ʃ e r e
traduceri	t r a d u t ʃ e rʲ
traduci	t r a d u t͡ʃʲ
tragi	t r a d͡ʒʲ
trandafir	t r a n d a f i r
transcriu	t r a n s k r i w
transilvania	t r a n s i l v a n i a
transnistria	t r a n s n i s t r i a
trase	t r a s e
tre	t r e
treabă	t r e̯ a b ə
trebuia	t r e b u j a
trebuie	t r e b u j e
trib	t r i b
tricot	t r i k o t
tricou	t r i k o w
triste	t r i s t e
trăiască	t r ə j a s k ə
tunet	t u n e t
turcesc	t u r t͡ʃ e s k
turist	t u r i s t
turnuri	t u r n u rʲ
turtit	t u r t i t
tânji	t ɨ n ʒ i
tânăr	t ɨ n ə r
tătărușanu	t ə t ə r u ʃ a n u
ubicua	u b i k u a
ubicue	u b i k u e
ubicuei	u b i k u e j
ubicuele	u b i k u e l e
ubicuelor	u b i k u e l o r
ubicui	u b i k u j
ubicuii	u b i k u iː
ubicuilor	u b i k u i l o r
ubicuitate	u b i k u i t a t e
ubicuitatea	u b i k u i t a t e̯ a
ubicuului	u b i k u u l u j
ubicuă	u b i k u ə
ucide	u t ʃ i d e
uimitor	u j m i t o r
ultima	u l t i m a
ultime	u l t i m e
ultimi	u l t i mʲ
ultimul	u l t i m u l
umana	u m a n a
umane	u m a n e
umani	u m a nʲ
umanitate	u m a n i t a t e
umeraș	u m e r a ʃ
umiditate	u m i d i t a t e
unde	u n d e
ungem	u n d͡ʒ e m
ungi	u n d͡ʒʲ
ungur	u ŋ ɡ u r
unit	u n i t
universitate	u n i v e r s i t a t e
unul	u n u l
urdă	u r d ə
uri	u rʲ
urinai	u r i n a j
urinam	u r i n a m
urinarăm	u r i n a r ə m
urinarăți	u r i n a r ə t sʲ
urinase	u r i n a s e
urinasem	u r i n a s e m
urinaserăm	u r i n a s e r ə m
urinaserăți	u r i n a s e r ə t sʲ
urinaseși	u r i n a s e ʃʲ
urinat	u r i n a t
urinați	u r i n a t͡sʲ
urinează	u r i n j a z ə
urinez	u r i n e z
urinezi	u r i n e zʲ
urinând	u r i n ɨ n d
urlai	u r l a j
urli	u r lʲ
urâm	u r ɨ m
urâți	u r ɨ t͡sʲ
urăsc	u r ə s k
urăște	u r ə ʃ t e
urăști	u r ə ʃ tʲ
urșinic	u r ʃ i n i k
usturoi	u s t̪ u ɾ o j
ușa	u ʃ a
uși	u ʃʲ
ușii	u ʃ iʲ
ușile	u ʃ i l e
ușilor	u ʃ i l o r
ușor	u ʃ o r
ușuratic	u ʃ u r a t i k
ușă	u ʃ ə
va	v a
vaci	v a t͡ʃʲ
vadă	v a d ə
vagin	v a d͡ʒ i n
vagine	v a d͡ʒ i n e
valahia	v a l a x i a
vampira	v a m p i r a
vampire	v a m p i r e
vampiră	v a m p i r ə
vargă	v a r ɡ ə
vedea	v e d e̯ a
vedem	v e d e m
vedeți	v e d e t͡sʲ
velocitate	v e l o t͡ʃ i t a t e
venerase	v e n e r a s e
venin	v e n i n
venise	v e n i s e
venisem	v e n i s e m
verb	v e r b
veri	v e rʲ
vezi	v e zʲ
veșnic	v e ʃ n i k
veșted	v e ʃ t e d
veștejea	v e ʃ t e ʒ e̯ a
veștejeai	v e ʃ t e ʒ e̯ a j
veștejeam	v e ʃ t e ʒ e̯ a m
veștejească	v e ʃ t e ʒ e̯ a s k ə
veștejeau	v e ʃ t e ʒ e̯ a u
veștejeați	v e ʃ t e ʒ e̯ a t͡sʲ
veștejesc	v e ʃ t e ʒ e s k
veștejește	v e ʃ t e ʒ e ʃ t e
veștejești	v e ʃ t e ʒ e ʃ tʲ
veșteji	v e ʃ t e ʒ i
veștejim	v e ʃ t e ʒ i m
veștejind	v e ʃ t e ʒ i n d
veștejiră	v e ʃ t e ʒ i r ə
veștejirăm	v e ʃ t e ʒ i r ə m
veștejirăți	v e ʃ t e ʒ i r ə t͡sʲ
veștejise	v e ʃ t e ʒ i s e
veștejisem	v e ʃ t e ʒ i s e m
veștejiseră	v e ʃ t e ʒ i s e r ə
veștejiserăm	v e ʃ t e ʒ i s e r ə m
veștejiserăți	v e ʃ t e ʒ i s e r ə t͡sʲ
veștejiseși	v e ʃ t e ʒ i s e ʃʲ
veștejit	v e ʃ t e ʒ i t
veștejita	v e ʃ t e ʒ i t a
veștejitelor	v e ʃ t e ʒ i t e l o r
veștejitului	v e ʃ t e ʒ i t u l u j
veștejită	v e ʃ t e ʒ i t ə
veștejiși	v e ʃ t e ʒ i ʃʲ
veștejiți	v e ʃ t e ʒ i t͡sʲ
veți	v e t͡sʲ
viața	v j a t͡s a
viață	v j a t s ə
viezure	v j e z u r e
vieți	v j e t sʲ
vieții	v j e t s iː
viețile	v j e t s i l e
vieților	v j e t s i l o r
vigilență	v i d͡ʒ i l e n t͡s ə
viii	v i j i
vin	v i n
vino	v i n o
vioară	v i o̯ a ɾ ə
virgulă	v i r ɡ u l ə
virilitate	v i r i l i t a t e
visa	v i s a
visului	v i s u l u j
visător	v i s ə t o r
vizibilitate	v i z i b i l i t a t e
voastră	v o̯ a s t r ə
vocală	v o k a l ə
vodcă	v o d k ə
vom	v o m
vorbea	v o r bʲ æ
vorbeai	v o r bʲ æ j
vorbeam	v o r bʲ æ m
vorbească	v o r b e̯ a s k ə
vorbeau	v o r bʲ æ u
vorbeați	v o r bʲ æ t͡sʲ
vorbesc	v o r b e s k
vorbește	v o r b e ʃ t e
vorbești	v o r b e ʃ tʲ
vorbi	v o r b i
vorbii	v o r b iː
vorbim	v o r b i m
vorbind	v o r b i n d
vorbiră	v o r b i r ə
vorbirăm	v o r b i r ə m
vorbirăți	v o r b i r ə t͡sʲ
vorbise	v o r b i s e
vorbisem	v o r b i s e m
vorbiseră	v o r b i s e r ə
vorbiserăm	v o r b i s e r ə m
vorbiserăți	v o r b i s e r ə t͡sʲ
vorbiseși	v o r b i s e ʃʲ
vorbit	v o r b i t
vorbită	v o r b i t ə
vorbiși	v o r b i ʃʲ
vorbiți	v o r b i t͡sʲ
vorbă	v o r b ə
votcă	v o t k ə
vrei	v r e j
vrem	v r e m
vrut	v r u t
vulpe	v u l p e
vultur	v u l t u r
vulvă	v u l v ə
vutcă	v u t k ə
vârcolac	v ɨ r k o l a k
vînt	v ɨ n t
văd	v ə d
văi	v ə j
văzut	v ə z u t
văzând	v ə z ɨ n d
zahărului	z a h ə r u l u j
zei	z e j
zeu	z e w
zgardă	z ɡ a r d ə
zice	z i t ʃ e
zilnic	z i l n i k
zone	z o n e
zăpadă	z ə p a d ə
zăpușeai	z ə p u ʃ j a j
zăpușeam	z ə p u ʃ j a m
zăpușească	z ə p u ʃ j a s k ə
zăpușeați	z ə p u ʃ j a t sʲ
zăpușesc	z ə p u ʃ e s k
zăpușește	z ə p u ʃ e ʃ t e
zăpușești	z ə p u ʃ e ʃ tʲ
zăpuși	z ə p u ʃ i
zăpușim	z ə p u ʃ i m
zăpușind	z ə p u ʃ i n d
zăpușiră	z ə p u ʃ i r ə
zăpușirăm	z ə p u ʃ i r ə m
zăpușirăți	z ə p u ʃ i r ə t sʲ
zăpușise	z ə p u ʃ i s e
zăpușisem	z ə p u ʃ i s e m
zăpușiseră	z ə p u ʃ i s e r ə
zăpușiserăm	z ə p u ʃ i s e r ə m
zăpușiserăți	z ə p u ʃ i s e r ə t sʲ
zăpușita	z ə p u ʃ i t a
zăpușitei	z ə p u ʃ i t e j
zăpușitele	z ə p u ʃ i t e l e
zăpușitelor	z ə p u ʃ i t e l o r
zăpușitului	z ə p u ʃ i t u l u j
zăpușită	z ə p u ʃ i t ə
zăpușiși	z ə p u ʃ i ʃʲ
zăpușiți	z ə p u ʃ i t͡sʲ
zăpușiții	z ə p u ʃ i t͡s iː
zărgan	z ə r ɡ a n
îmbrăca	ɨ m b r ə k a
îmbrăcat	ɨ m b r ə k a t
îmbunătățea	ɨ m b u n ə t ə t s j a
îmbunătățeai	ɨ m b u n ə t ə t s j a j
îmbunătățeam	ɨ m b u n ə t ə t s j a m
îmbunătățească	ɨ m b u n ə t ə t s j a s k ə
îmbunătățeau	ɨ m b u n ə t ə t s j a w
îmbunătățeați	ɨ m b u n ə t ə t s j a t sʲ
îmbunătățesc	ɨ m b u n ə t ə t s e s k
îmbunătățește	ɨ m b u n ə t ə t s e ʃ t e
îmbunătățești	ɨ m b u n ə t ə t s e ʃ tʲ
îmbunătăți	ɨ m b u n ə t ə t s i
îmbunătății	ɨ m b u n ə t ə t s iː
îmbunătățind	ɨ m b u n ə t ə t s i n d
îmbunătățire	ɨ m b u n ə t ə t͡s i r e
îmbunătățiră	ɨ m b u n ə t ə t s i r ə
îmbunătățirăm	ɨ m b u n ə t ə t s i r ə m
îmbunătățirăți	ɨ m b u n ə t ə t s i r ə t sʲ
îmbunătățise	ɨ m b u n ə t ə t s i s e
îmbunătățisem	ɨ m b u n ə t ə t s i s e m
îmbunătățiseră	ɨ m b u n ə t ə t s i s e r ə
îmbunătățiserăm	ɨ m b u n ə t ə t s i s e r ə m
îmbunătățiserăți	ɨ m b u n ə t ə t s i s e r ə t sʲ
îmbunătățiseși	ɨ m b u n ə t ə t s i s e ʃʲ
îmbunătățit	ɨ m b u n ə t ə t s i t
îmbunătățita	ɨ m b u n ə t ə t͡s i t a
îmbunătățitei	ɨ m b u n ə t ə t͡s i t e j
îmbunătățitele	ɨ m b u n ə t ə t͡s i t e l e
îmbunătățitelor	ɨ m b u n ə t ə t͡s i t e l o r
îmbunătățitului	ɨ m b u n ə t ə t͡s i t u l u j
îmbunătățiși	ɨ m b u n ə t ə t s i ʃʲ
îmbunătățiți	ɨ m b u n ə t ə t͡s i t͡sʲ
îmbunătățiții	ɨ m b u n ə t ə t͡s i t͡s iː
îmbunătățiților	ɨ m b u n ə t ə t͡s i t͡s i l o r
îmbăta	ɨ m b ə t a
îmi	ɨ mʲ
împărăteasă	ɨ m p ə r ə t e̯ a s ə
în	ɨ n
înghețată	ɨ ŋ ɡ e t s a t ə
înjurături	ɨ n ʒ u r ə t u rʲ
înjurătură	ɨ n ʒ u r ə t u r ə
însușire	ɨ n s u ʃ i r ɛ
întoarceți	ɨ n t w a r t͡ʃ e t͡sʲ
întrebare	ɨ n t r e b a r e
întristai	ɨ n t r i s t a j
întristam	ɨ n t r i s t a m
întristară	ɨ n t r i s t a r ə
întristarăm	ɨ n t r i s t a r ə m
întristarăți	ɨ n t r i s t a r ə t sʲ
întristase	ɨ n t r i s t a s e
întristasem	ɨ n t r i s t a s e m
întristaseră	ɨ n t r i s t a s e r ə
întristaserăm	ɨ n t r i s t a s e r ə m
întristaserăți	ɨ n t r i s t a s e r ə t sʲ
întristaseși	ɨ n t r i s t a s e ʃʲ
întristat	ɨ n t r i s t a t
întristau	ɨ n t r i s t a w
întristași	ɨ n t r i s t a ʃʲ
întristați	ɨ n t r i s t a t͡sʲ
întristează	ɨ n t r i s t j a z ə
întristez	ɨ n t r i s t e z
întristeze	ɨ n t r i s t e z e
întristezi	ɨ n t r i s t e zʲ
întristând	ɨ n t r i s t ɨ n d
întristă	ɨ n t r i s t ə
întristăm	ɨ n t r i s t ə m
întâia	ɨ n t ɨ j a
întâiul	ɨ n t ɨ j u l
întâlnea	ɨ n t ɨ l n j a
întâlneai	ɨ n t ɨ l n j a j
întâlneam	ɨ n t ɨ l n j a m
întâlnească	ɨ n t ɨ l n j a s k ə
întâlneau	ɨ n t ɨ l n j a w
întâlneați	ɨ n t ɨ l n j a t sʲ
întâlnește	ɨ n t ɨ l n e ʃ t e
întâlnești	ɨ n t ɨ l n e ʃ tʲ
întâlni	ɨ n t ɨ l n i
întâlnii	ɨ n t ɨ l n iː
întâlnim	ɨ n t ɨ l n i m
întâlnind	ɨ n t ɨ l n i n d
întâlniră	ɨ n t ɨ l n i r ə
întâlnirăm	ɨ n t ɨ l n i r ə m
întâlnirăți	ɨ n t ɨ l n i r ə t sʲ
întâlnise	ɨ n t ɨ l n i s e
întâlnisem	ɨ n t ɨ l n i s e m
întâlniseră	ɨ n t ɨ l n i s e r ə
întâlniserăm	ɨ n t ɨ l n i s e r ə m
întâlniserăți	ɨ n t ɨ l n i s e r ə t sʲ
întâlniseși	ɨ n t ɨ l n i s e ʃʲ
întâlnit	ɨ n t ɨ l n i t
întâlnita	ɨ n t ɨ l n i t a
întâlnite	ɨ n t ɨ l n i t e
întâlnitei	ɨ n t ɨ l n i t e j
întâlnitele	ɨ n t ɨ l n i t e l e
întâlnitelor	ɨ n t ɨ l n i t e l o r
întâlnitului	ɨ n t ɨ l n i t u l u j
întâlnită	ɨ n t ɨ l n i t ə
întâlniși	ɨ n t ɨ l n i ʃʲ
întâlniți	ɨ n t ɨ l n i t͡sʲ
întâlniții	ɨ n t ɨ l n i t͡s iː
întâlniților	ɨ n t ɨ l n i t͡s i l o r
întărească	ɨ n t ə r j a s k ə
întărita	ɨ n t ə r i t a
întărite	ɨ n t ə r i t e
întăritei	ɨ n t ə r i t e j
întăritelor	ɨ n t ə r i t e l o r
întăritului	ɨ n t ə r i t u l u j
întărită	ɨ n t ə r i t ə
întăriții	ɨ n t ə r i t͡s iː
întăriților	ɨ n t ə r i t͡s i l o r
învăța	ɨ n v ə t s a
înzestra	ɨ n z e s t r a
înzestrai	ɨ n z e s t r a j
înzestram	ɨ n z e s t r a m
înzestrară	ɨ n z e s t r a r ə
înzestrarăm	ɨ n z e s t r a r ə m
înzestrarăți	ɨ n z e s t r a r ə t sʲ
înzestrase	ɨ n z e s t r a s e
înzestrasem	ɨ n z e s t r a s e m
înzestraseră	ɨ n z e s t r a s e r ə
înzestraserăm	ɨ n z e s t r a s e r ə m
înzestraserăți	ɨ n z e s t r a s e r ə t sʲ
înzestraseși	ɨ n z e s t r a s e ʃʲ
înzestrate	ɨ n z e s t r a t e
înzestrată	ɨ n z e s t r a t ə
înzestrau	ɨ n z e s t r a w
înzestrași	ɨ n z e s t r a ʃʲ
înzestrați	ɨ n z e s t r a t͡sʲ
înzestrează	ɨ n z e s t r j a z ə
înzestrez	ɨ n z e s t r e z
înzestreze	ɨ n z e s t r e z e
înzestrezi	ɨ n z e s t r e zʲ
înzestrând	ɨ n z e s t r ɨ n d
înzestră	ɨ n z e s t r ə
înzestrăm	ɨ n z e s t r ə m
înălțime	ɨ n ə l t͡s i m e
înțelege	ɨ n t s e l e d ʒ e
înțelegem	ɨ n t͡s e l e d͡ʒ e m
înțelegeți	ɨ n t s e l e d ʒ e t sʲ
înțelegi	ɨ n t͡s e l e d͡ʒʲ
înțeles	ɨ n t s e l e s
îs	ɨ s
îți	ɨ t sʲ
ăla	ə l a
ăsta	ə s t a
ăsteia	ə s t e j a
ăștia	ə ʃ t j a
șabat	ʃ a b a t
șacal	ʃ a k a l
șal	ʃ a l
șanse	ʃ a n s e
șansă	ʃ a n s ə
șantaj	ʃ a n t a ʒ
șantaja	ʃ a n t a ʒ a
șantajai	ʃ a n t a ʒ a j
șantajam	ʃ a n t a ʒ a m
șantajară	ʃ a n t a ʒ a r ə
șantajarăm	ʃ a n t a ʒ a r ə m
șantajarăți	ʃ a n t a ʒ a r ə t͡sʲ
șantajasem	ʃ a n t a ʒ a s e m
șantajaseră	ʃ a n t a ʒ a s e r ə
șantajaserăm	ʃ a n t a ʒ a s e r ə m
șantajaseși	ʃ a n t a ʒ a s e ʃʲ
șantajata	ʃ a n t a ʒ a t a
șantajate	ʃ a n t a ʒ a t e
șantajatei	ʃ a n t a ʒ a t e j
șantajatele	ʃ a n t a ʒ a t e l e
șantajatelor	ʃ a n t a ʒ a t e l o r
șantajatului	ʃ a n t a ʒ a t u l u j
șantajată	ʃ a n t a ʒ a t ə
șantajau	ʃ a n t a ʒ a w
șantajați	ʃ a n t a ʒ a t͡sʲ
șantajații	ʃ a n t a ʒ a t͡s iː
șantajaților	ʃ a n t a ʒ a t͡s i l o r
șantaje	ʃ a n t a ʒ e
șantajează	ʃ a n t a ʒ j a z ə
șantajele	ʃ a n t a ʒ e l e
șantajelor	ʃ a n t a ʒ e l o r
șantajez	ʃ a n t a ʒ e z
șantajeze	ʃ a n t a ʒ e z e
șantajezi	ʃ a n t a ʒ e zʲ
șantajist	ʃ a n t a ʒ i s t
șantajista	ʃ a n t a ʒ i s t a
șantajiste	ʃ a n t a ʒ i s t e
șantajistei	ʃ a n t a ʒ i s t e j
șantajistele	ʃ a n t a ʒ i s t e l e
șantajistelor	ʃ a n t a ʒ i s t e l o r
șantajistului	ʃ a n t a ʒ i s t u l u j
șantajistă	ʃ a n t a ʒ i s t ə
șantajiștii	ʃ a n t a ʒ i ʃ t iː
șantajiștilor	ʃ a n t a ʒ i ʃ t i l o r
șantajului	ʃ a n t a ʒ u l u j
șantajuri	ʃ a n t a ʒ u rʲ
șantajurilor	ʃ a n t a ʒ u r i l o r
șantajând	ʃ a n t a ʒ ɨ n d
șantajă	ʃ a n t a ʒ ə
șantajăm	ʃ a n t a ʒ ə m
șapte	ʃ a p t e
șarpe	ʃ a r p e
șase	ʃ a s e
școală	ʃ k o̯ a l ə
și	ʃ i
șmecherie	ʃ m e k e r i e
șoaptă	ʃ o̯ a p t ə
șoptea	ʃ o p t j a
șopteai	ʃ o p t j a j
șopteam	ʃ o p t j a m
șopteau	ʃ o p t j a w
șopteați	ʃ o p t j a t sʲ
șoptesc	ʃ o p t e s k
șoptește	ʃ o p t e ʃ t e
șoptești	ʃ o p t e ʃ tʲ
șopti	ʃ o p t i
șoptii	ʃ o p t iː
șoptim	ʃ o p t i m
șoptind	ʃ o p t i n d
șoptiră	ʃ o p t i r ə
șoptirăm	ʃ o p t i r ə m
șoptirăți	ʃ o p t i r ə t sʲ
șoptise	ʃ o p t i s e
șoptisem	ʃ o p t i s e m
șoptiseră	ʃ o p t i s e r ə
șoptiserăm	ʃ o p t i s e r ə m
șoptiserăți	ʃ o p t i s e r ə t sʲ
șoptiseși	ʃ o p t i s e ʃʲ
șoptit	ʃ o p t i t
șoptita	ʃ o p t i t a
șoptite	ʃ o p t i t e
șoptitei	ʃ o p t i t e j
șoptitelor	ʃ o p t i t e l o r
șoptită	ʃ o p t i t ə
șoptiți	ʃ o p t i t͡sʲ
șoptiții	ʃ o p t i t͡s iː
ștefănescu	ʃ t e f ə n e s k u
ști	ʃ t i
știe	ʃ t i e
știi	ʃ t iː
știință	ʃ t i i n t͡s ə
știm	ʃ t i m
știu	ʃ t i u
știți	ʃ t i t͡sʲ
țara	t s a r a
țaro	t͡s a r o
țară	t s a r ə
țării	t͡s ə r i
бэрбат	b ə r b a t
бэят	b ə j a t
делир	d e l i r
доктор	d o k t o r
кишинэу	k i ʃ i n ə u̯
кынтэрец	k ɨ n t ə r e t s
молдова	m o l d o v a
морковь	m o ɾ k o vʲ
пенис	p e n i s
ромыния	r o m ɨ n i a
русия	r u s i a
собэ	s o b ə
фу	f u
